#TEXT,NUM,NUM,NUM,NUM,TEXT,NUM,NUM,TEXT,TEXT,FLOAT,TEXT,NUM,FLOAT,NUM,NUM,TEXT,NUM,NUM,NUM,TEXT,FLOAT
id,effectType,casterType,targetType,energy,effectList,count,camp,searchEffect,effectStartID,startDelayTime,periodEffectList,damageType,attackFactor,isHeal,damageProperty,buffID,buffValidatorNum,dispelCategory,fixLifeRatio,linkEffect,chance
#e1,3,1,0,0,,,,,,,,1,100,0,2,,12345,,0,linkEffect,chance
defende1,2,1,1,0,,,,,defende2,1,"""""",,,,,,12345,,,,1
defende2,4,1,1,0,,,,,,,,,,,,defendb1,12345,,,,1
attackMetalCutSlighte1,2,1,0,0,,,,,attackMetalCutSlighte2,1,"""""",,,,,,12345,,,,1
attackMetalCutSlighte2,3,1,0,0,,,,,,,,0,1.3,0,1,,12345,,0,,1
attackMetalCutMediume1,2,1,0,0,,,,,attackMetalCutMediume2,1,"""""",,,,,,12345,,,,1
attackMetalCutMediume2,3,1,0,0,,,,,,,,0,1.5,0,1,,12345,,0,,1
attackMetalCutStronge1,2,1,0,0,,,,,attackMetalCutStronge2,1,"""""",,,,,,12345,,,,1
attackMetalCutStronge2,3,1,0,0,,,,,,,,0,1.8,0,1,,12345,,0,,1
attackPlantCutSlighte1,2,1,0,0,,,,,attackPlantCutSlighte2,1,"""""",,,,,,12345,,,,1
attackPlantCutSlighte2,3,1,0,0,,,,,,,,0,1.3,0,2,,12345,,0,,1
attackPlantCutMediume1,2,1,0,0,,,,,attackPlantCutMediume2,1,"""""",,,,,,12345,,,,1
attackPlantCutMediume2,3,1,0,0,,,,,,,,0,1.5,0,2,,12345,,0,,1
attackPlantCutStronge1,2,1,0,0,,,,,attackPlantCutStronge2,1,"""""",,,,,,12345,,,,1
attackPlantCutStronge2,3,1,0,0,,,,,,,,0,1.8,0,2,,12345,,0,,1
attackWaterCutSlighte1,2,1,0,0,,,,,attackWaterCutSlighte2,1,"""""",,,,,,12345,,,,1
attackWaterCutSlighte2,3,1,0,0,,,,,,,,0,1.3,0,3,,12345,,0,,1
attackWaterCutMediume1,2,1,0,0,,,,,attackWaterCutMediume2,1,"""""",,,,,,12345,,,,1
attackWaterCutMediume2,3,1,0,0,,,,,,,,0,1.5,0,3,,12345,,0,,1
attackWaterCutStronge1,2,1,0,0,,,,,attackWaterCutStronge2,1,"""""",,,,,,12345,,,,1
attackWaterCutStronge2,3,1,0,0,,,,,,,,0,1.8,0,3,,12345,,0,,1
attackFireCutSlighte1,2,1,0,0,,,,,attackFireCutSlighte2,1,"""""",,,,,,12345,,,,1
attackFireCutSlighte2,3,1,0,0,,,,,,,,0,1.3,0,4,,12345,,0,,1
attackFireCutMediume1,2,1,0,0,,,,,attackFireCutMediume2,1,"""""",,,,,,12345,,,,1
attackFireCutMediume2,3,1,0,0,,,,,,,,0,1.5,0,4,,12345,,0,,1
attackFireCutStronge1,2,1,0,0,,,,,attackFireCutStronge2,1,"""""",,,,,,12345,,,,1
attackFireCutStronge2,3,1,0,0,,,,,,,,0,1.8,0,4,,12345,,0,,1
attackEarthCutSlighte1,2,1,0,0,,,,,attackEarthCutSlighte2,1,"""""",,,,,,12345,,,,1
attackEarthCutSlighte2,3,1,0,0,,,,,,,,0,1.3,0,5,,12345,,0,,1
attackEarthCutMediume1,2,1,0,0,,,,,attackEarthCutMediume2,1,"""""",,,,,,12345,,,,1
attackEarthCutMediume2,3,1,0,0,,,,,,,,0,1.5,0,5,,12345,,0,,1
attackEarthCutStronge1,2,1,0,0,,,,,attackEarthCutStronge2,1,"""""",,,,,,12345,,,,1
attackEarthCutStronge2,3,1,0,0,,,,,,,,0,1.8,0,5,,12345,,0,,1
attackMetalStabSlighte1,2,1,0,0,,,,,attackMetalStabSlighte2,1,"""""",,,,,,12345,,,,1
attackMetalStabSlighte2,3,1,0,0,,,,,,,,0,1.3,0,1,,12345,,0,,1
attackMetalStabMediume1,2,1,0,0,,,,,attackMetalStabMediume2,1,"""""",,,,,,12345,,,,1
attackMetalStabMediume2,3,1,0,0,,,,,,,,0,1.5,0,1,,12345,,0,,1
attackMetalStabStronge1,2,1,0,0,,,,,attackMetalStabStronge2,1,"""""",,,,,,12345,,,,1
attackMetalStabStronge2,3,1,0,0,,,,,,,,0,1.8,0,1,,12345,,0,,1
attackPlantStabSlighte1,2,1,0,0,,,,,attackPlantStabSlighte2,1,"""""",,,,,,12345,,,,1
attackPlantStabSlighte2,3,1,0,0,,,,,,,,0,1.3,0,2,,12345,,0,,1
attackPlantStabMediume1,2,1,0,0,,,,,attackPlantStabMediume2,1,"""""",,,,,,12345,,,,1
attackPlantStabMediume2,3,1,0,0,,,,,,,,0,1.5,0,2,,12345,,0,,1
attackPlantStabStronge1,2,1,0,0,,,,,attackPlantStabStronge2,1,"""""",,,,,,12345,,,,1
attackPlantStabStronge2,3,1,0,0,,,,,,,,0,1.8,0,2,,12345,,0,,1
attackWaterStabSlighte1,2,1,0,0,,,,,attackWaterStabSlighte2,1,"""""",,,,,,12345,,,,1
attackWaterStabSlighte2,3,1,0,0,,,,,,,,0,1.3,0,3,,12345,,0,,1
attackWaterStabMediume1,2,1,0,0,,,,,attackWaterStabMediume2,1,"""""",,,,,,12345,,,,1
attackWaterStabMediume2,3,1,0,0,,,,,,,,0,1.5,0,3,,12345,,0,,1
attackWaterStabStronge1,2,1,0,0,,,,,attackWaterStabStronge2,1,"""""",,,,,,12345,,,,1
attackWaterStabStronge2,3,1,0,0,,,,,,,,0,1.8,0,3,,12345,,0,,1
attackFireStabSlighte1,2,1,0,0,,,,,attackFireStabSlighte2,1,"""""",,,,,,12345,,,,1
attackFireStabSlighte2,3,1,0,0,,,,,,,,0,1.3,0,4,,12345,,0,,1
attackFireStabMediume1,2,1,0,0,,,,,attackFireStabMediume2,1,"""""",,,,,,12345,,,,1
attackFireStabMediume2,3,1,0,0,,,,,,,,0,1.5,0,4,,12345,,0,,1
attackFireStabStronge1,2,1,0,0,,,,,attackFireStabStronge2,1,"""""",,,,,,12345,,,,1
attackFireStabStronge2,3,1,0,0,,,,,,,,0,1.8,0,4,,12345,,0,,1
attackEarthStabSlighte1,2,1,0,0,,,,,attackEarthStabSlighte2,1,"""""",,,,,,12345,,,,1
attackEarthStabSlighte2,3,1,0,0,,,,,,,,0,1.3,0,5,,12345,,0,,1
attackEarthStabMediume1,2,1,0,0,,,,,attackEarthStabMediume2,1,"""""",,,,,,12345,,,,1
attackEarthStabMediume2,3,1,0,0,,,,,,,,0,1.5,0,5,,12345,,0,,1
attackEarthStabStronge1,2,1,0,0,,,,,attackEarthStabStronge2,1,"""""",,,,,,12345,,,,1
attackEarthStabStronge2,3,1,0,0,,,,,,,,0,1.8,0,5,,12345,,0,,1
attackMetalSmashSlighte1,2,1,0,0,,,,,attackMetalSmashSlighte2,1,"""""",,,,,,12345,,,,1
attackMetalSmashSlighte2,3,1,0,0,,,,,,,,0,1.3,0,1,,12345,,0,,1
attackMetalSmashMediume1,2,1,0,0,,,,,attackMetalSmashMediume2,1,"""""",,,,,,12345,,,,1
attackMetalSmashMediume2,3,1,0,0,,,,,,,,0,1.5,0,1,,12345,,0,,1
attackMetalSmashStronge1,2,1,0,0,,,,,attackMetalSmashStronge2,1,"""""",,,,,,12345,,,,1
attackMetalSmashStronge2,3,1,0,0,,,,,,,,0,1.8,0,1,,12345,,0,,1
attackPlantSmashSlighte1,2,1,0,0,,,,,attackPlantSmashSlighte2,1,"""""",,,,,,12345,,,,1
attackPlantSmashSlighte2,3,1,0,0,,,,,,,,0,1.3,0,2,,12345,,0,,1
attackPlantSmashMediume1,2,1,0,0,,,,,attackPlantSmashMediume2,1,"""""",,,,,,12345,,,,1
attackPlantSmashMediume2,3,1,0,0,,,,,,,,0,1.5,0,2,,12345,,0,,1
attackPlantSmashStronge1,2,1,0,0,,,,,attackPlantSmashStronge2,1,"""""",,,,,,12345,,,,1
attackPlantSmashStronge2,3,1,0,0,,,,,,,,0,1.8,0,2,,12345,,0,,1
attackWaterSmashSlighte1,2,1,0,0,,,,,attackWaterSmashSlighte2,1,"""""",,,,,,12345,,,,1
attackWaterSmashSlighte2,3,1,0,0,,,,,,,,0,1.3,0,3,,12345,,0,,1
attackWaterSmashMediume1,2,1,0,0,,,,,attackWaterSmashMediume2,1,"""""",,,,,,12345,,,,1
attackWaterSmashMediume2,3,1,0,0,,,,,,,,0,1.5,0,3,,12345,,0,,1
attackWaterSmashStronge1,2,1,0,0,,,,,attackWaterSmashStronge2,1,"""""",,,,,,12345,,,,1
attackWaterSmashStronge2,3,1,0,0,,,,,,,,0,1.8,0,3,,12345,,0,,1
attackFireSmashSlighte1,2,1,0,0,,,,,attackFireSmashSlighte2,1,"""""",,,,,,12345,,,,1
attackFireSmashSlighte2,3,1,0,0,,,,,,,,0,1.3,0,4,,12345,,0,,1
attackFireSmashMediume1,2,1,0,0,,,,,attackFireSmashMediume2,1,"""""",,,,,,12345,,,,1
attackFireSmashMediume2,3,1,0,0,,,,,,,,0,1.5,0,4,,12345,,0,,1
attackFireSmashStronge1,2,1,0,0,,,,,attackFireSmashStronge2,1,"""""",,,,,,12345,,,,1
attackFireSmashStronge2,3,1,0,0,,,,,,,,0,1.8,0,4,,12345,,0,,1
attackEarthSmashSlighte1,2,1,0,0,,,,,attackEarthSmashSlighte2,1,"""""",,,,,,12345,,,,1
attackEarthSmashSlighte2,3,1,0,0,,,,,,,,0,1.3,0,5,,12345,,0,,1
attackEarthSmashMediume1,2,1,0,0,,,,,attackEarthSmashMediume2,1,"""""",,,,,,12345,,,,1
attackEarthSmashMediume2,3,1,0,0,,,,,,,,0,1.5,0,5,,12345,,0,,1
attackEarthSmashStronge1,2,1,0,0,,,,,attackEarthSmashStronge2,1,"""""",,,,,,12345,,,,1
attackEarthSmashStronge2,3,1,0,0,,,,,,,,0,1.8,0,5,,12345,,0,,1
attackMetalSlighte1,2,1,0,0,,,,,attackMetalSlighte2,1,"""""",,,,,,12345,,,,1
attackMetalSlighte2,3,1,0,0,,,,,,,,0,1.3,0,1,,12345,,0,,1
attackPlantSlighte1,2,1,0,0,,,,,attackPlantSlighte2,1,"""""",,,,,,12345,,,,1
attackPlantSlighte2,3,1,0,0,,,,,,,,0,1.3,0,2,,12345,,0,,1
attackWaterSlighte1,2,1,0,0,,,,,attackWaterSlighte2,1,"""""",,,,,,12345,,,,1
attackWaterSlighte2,3,1,0,0,,,,,,,,0,1.3,0,3,,12345,,0,,1
attackFireSlighte1,2,1,0,0,,,,,attackFireSlighte2,1,"""""",,,,,,12345,,,,1
attackFireSlighte2,3,1,0,0,,,,,,,,0,1.3,0,4,,12345,,0,,1
attackEarthSlighte1,2,1,0,0,,,,,attackEarthSlighte2,1,"""""",,,,,,12345,,,,1
attackEarthSlighte2,3,1,0,0,,,,,,,,0,1.3,0,5,,12345,,0,,1
magicMetalBallSlighte1,2,1,0,0,,,,,magicMetalBallSlighte2,1.5,"""""",,,,,,12345,,,,1
magicMetalBallSlighte2,3,1,0,0,,,,,,,,1,1.3,0,1,,12345,,0,,1
magicMetalBallMediume1,2,1,0,0,,,,,magicMetalBallMediume2,1.5,"""""",,,,,,12345,,,,1
magicMetalBallMediume2,3,1,0,0,,,,,,,,1,1.5,0,1,,12345,,0,,1
magicMetalBallStronge1,2,1,0,0,,,,,magicMetalBallStronge2,1.5,"""""",,,,,,12345,,,,1
magicMetalBallStronge2,3,1,0,0,,,,,,,,1,1.8,0,1,,12345,,0,,1
magicMetalColumnSlighte1,2,1,0,0,,,,,magicMetalColumnSlighte2,1.5,"""""",,,,,,12345,,,,1
magicMetalColumnSlighte2,3,1,0,0,,,,,,,,1,1.3,0,1,,12345,,0,,1
magicMetalColumnMediume1,2,1,0,0,,,,,magicMetalColumnMediume2,1.5,"""""",,,,,,12345,,,,1
magicMetalColumnMediume2,3,1,0,0,,,,,,,,1,1.5,0,1,,12345,,0,,1
magicMetalColumnStronge1,2,1,0,0,,,,,magicMetalColumnStronge2,1.5,"""""",,,,,,12345,,,,1
magicMetalColumnStronge2,3,1,0,0,,,,,,,,1,1.8,0,1,,12345,,0,,1
magicPlantBallSlighte1,2,1,0,0,,,,,magicPlantBallSlighte2,1.5,"""""",,,,,,12345,,,,1
magicPlantBallSlighte2,3,1,0,0,,,,,,,,1,1.3,0,2,,12345,,0,,1
magicPlantBallMediume1,2,1,0,0,,,,,magicPlantBallMediume2,1.5,"""""",,,,,,12345,,,,1
magicPlantBallMediume2,3,1,0,0,,,,,,,,1,1.5,0,2,,12345,,0,,1
magicPlantBallStronge1,2,1,0,0,,,,,magicPlantBallStronge2,1.5,"""""",,,,,,12345,,,,1
magicPlantBallStronge2,3,1,0,0,,,,,,,,1,1.8,0,2,,12345,,0,,1
magicPlantColumnSlighte1,2,1,0,0,,,,,magicPlantColumnSlighte2,1.5,"""""",,,,,,12345,,,,1
magicPlantColumnSlighte2,3,1,0,0,,,,,,,,1,1.3,0,2,,12345,,0,,1
magicPlantColumnMediume1,2,1,0,0,,,,,magicPlantColumnMediume2,1.5,"""""",,,,,,12345,,,,1
magicPlantColumnMediume2,3,1,0,0,,,,,,,,1,1.5,0,2,,12345,,0,,1
magicPlantColumnStronge1,2,1,0,0,,,,,magicPlantColumnStronge2,1.5,"""""",,,,,,12345,,,,1
magicPlantColumnStronge2,3,1,0,0,,,,,,,,1,1.8,0,2,,12345,,0,,1
magicWaterBallSlighte1,2,1,0,0,,,,,magicWaterBallSlighte2,1.5,"""""",,,,,,12345,,,,1
magicWaterBallSlighte2,3,1,0,0,,,,,,,,1,1.3,0,3,,12345,,0,,1
magicWaterBallMediume1,2,1,0,0,,,,,magicWaterBallMediume2,1.5,"""""",,,,,,12345,,,,1
magicWaterBallMediume2,3,1,0,0,,,,,,,,1,1.5,0,3,,12345,,0,,1
magicWaterBallStronge1,2,1,0,0,,,,,magicWaterBallStronge2,1.5,"""""",,,,,,12345,,,,1
magicWaterBallStronge2,3,1,0,0,,,,,,,,1,1.8,0,3,,12345,,0,,1
magicWaterColumnSlighte1,2,1,0,0,,,,,magicWaterColumnSlighte2,1.5,"""""",,,,,,12345,,,,1
magicWaterColumnSlighte2,3,1,0,0,,,,,,,,1,1.3,0,3,,12345,,0,,1
magicWaterColumnMediume1,2,1,0,0,,,,,magicWaterColumnMediume2,1.5,"""""",,,,,,12345,,,,1
magicWaterColumnMediume2,3,1,0,0,,,,,,,,1,1.5,0,3,,12345,,0,,1
magicWaterColumnStronge1,2,1,0,0,,,,,magicWaterColumnStronge2,1.5,"""""",,,,,,12345,,,,1
magicWaterColumnStronge2,3,1,0,0,,,,,,,,1,1.8,0,3,,12345,,0,,1
magicFireBallSlighte1,2,1,0,0,,,,,magicFireBallSlighte2,1.5,"""""",,,,,,12345,,,,1
magicFireBallSlighte2,3,1,0,0,,,,,,,,1,1.3,0,4,,12345,,0,,1
magicFireBallMediume1,2,1,0,0,,,,,magicFireBallMediume2,1.5,"""""",,,,,,12345,,,,1
magicFireBallMediume2,3,1,0,0,,,,,,,,1,1.5,0,4,,12345,,0,,1
magicFireBallStronge1,2,1,0,0,,,,,magicFireBallStronge2,1.5,"""""",,,,,,12345,,,,1
magicFireBallStronge2,3,1,0,0,,,,,,,,1,1.8,0,4,,12345,,0,,1
magicFireColumnSlighte1,2,1,0,0,,,,,magicFireColumnSlighte2,1.5,"""""",,,,,,12345,,,,1
magicFireColumnSlighte2,3,1,0,0,,,,,,,,1,1.3,0,4,,12345,,0,,1
magicFireColumnMediume1,2,1,0,0,,,,,magicFireColumnMediume2,1.5,"""""",,,,,,12345,,,,1
magicFireColumnMediume2,3,1,0,0,,,,,,,,1,1.5,0,4,,12345,,0,,1
magicFireColumnStronge1,2,1,0,0,,,,,magicFireColumnStronge2,1.5,"""""",,,,,,12345,,,,1
magicFireColumnStronge2,3,1,0,0,,,,,,,,1,1.8,0,4,,12345,,0,,1
magicEarthBallSlighte1,2,1,0,0,,,,,magicEarthBallSlighte2,1.5,"""""",,,,,,12345,,,,1
magicEarthBallSlighte2,3,1,0,0,,,,,,,,1,1.3,0,5,,12345,,0,,1
magicEarthBallMediume1,2,1,0,0,,,,,magicEarthBallMediume2,1.5,"""""",,,,,,12345,,,,1
magicEarthBallMediume2,3,1,0,0,,,,,,,,1,1.5,0,5,,12345,,0,,1
magicEarthBallStronge1,2,1,0,0,,,,,magicEarthBallStronge2,1.5,"""""",,,,,,12345,,,,1
magicEarthBallStronge2,3,1,0,0,,,,,,,,1,1.8,0,5,,12345,,0,,1
magicEarthColumnSlighte1,2,1,0,0,,,,,magicEarthColumnSlighte2,1.5,"""""",,,,,,12345,,,,1
magicEarthColumnSlighte2,3,1,0,0,,,,,,,,1,1.3,0,5,,12345,,0,,1
magicEarthColumnMediume1,2,1,0,0,,,,,magicEarthColumnMediume2,1.5,"""""",,,,,,12345,,,,1
magicEarthColumnMediume2,3,1,0,0,,,,,,,,1,1.5,0,5,,12345,,0,,1
magicEarthColumnStronge1,2,1,0,0,,,,,magicEarthColumnStronge2,1.5,"""""",,,,,,12345,,,,1
magicEarthColumnStronge2,3,1,0,0,,,,,,,,1,1.8,0,5,,12345,,0,,1
magicMetalSlighte1,2,1,0,0,,,,,magicMetalSlighte2,1.5,"""""",,,,,,12345,,,,1
magicMetalSlighte2,3,1,0,0,,,,,,,,1,1.8,0,1,,12345,,0,,1
magicPlantSlighte1,2,1,0,0,,,,,magicPlantSlighte2,1.5,"""""",,,,,,12345,,,,1
magicPlantSlighte2,3,1,0,0,,,,,,,,1,1.8,0,2,,12345,,0,,1
magicWaterSlighte1,2,1,0,0,,,,,magicWaterSlighte2,1.5,"""""",,,,,,12345,,,,1
magicWaterSlighte2,3,1,0,0,,,,,,,,1,1.8,0,3,,12345,,0,,1
magicFireSlighte1,2,1,0,0,,,,,magicFireSlighte2,1.5,"""""",,,,,,12345,,,,1
magicFireSlighte2,3,1,0,0,,,,,,,,1,1.8,0,4,,12345,,0,,1
magicEarthSlighte1,2,1,0,0,,,,,magicEarthSlighte2,1.5,"""""",,,,,,12345,,,,1
magicEarthSlighte2,3,1,0,0,,,,,,,,1,1.8,0,5,,12345,,0,,1
magicCureSlighte1,2,1,0,0,,,,,magicCureSlighte2,1.5,"""""",,,,,,12345,,,,1
magicCureSlighte2,3,1,0,0,,,,,,,,1,0.54,1,0,,12345,,0,,1
magicCureMediume1,2,1,0,0,,,,,magicCureMediume2,1.5,"""""",,,,,,12345,,,,1
magicCureMediume2,3,1,0,0,,,,,,,,1,0.62,1,0,,12345,,0,,1
magicCureStronge1,2,1,0,0,,,,,magicCureStronge2,1.5,"""""",,,,,,12345,,,,1
magicCureStronge2,3,1,0,0,,,,,,,,1,0.75,1,0,,12345,,0,,1
buffSpeede1,2,1,0,0,,,,,buffSpeede2,1.5,"""""",,,,,,12345,,,,1
buffSpeede2,4,1,0,0,,,,,,,,,,,,buffSpeedb1,12345,,,,1
buffSpeedSelfe1,2,1,1,0,,,,,buffSpeedSelfe2,1.5,"""""",,,,,,12345,,,,1
buffSpeedSelfe2,4,1,1,0,,,,,,,,,,,,buffSpeedSelfb1,12345,,,,1
buffMagice1,2,1,0,0,,,,,buffMagice2,1.5,"""""",,,,,,12345,,,,1
buffMagice2,4,1,0,0,,,,,,,,,,,,buffMagicb1,12345,,,,1
buffMagicSelfe1,2,1,1,0,,,,,buffMagicSelfe2,1.5,"""""",,,,,,12345,,,,1
buffMagicSelfe2,4,1,1,0,,,,,,,,,,,,buffMagicSelfb1,12345,,,,1
buffAttacke1,2,1,0,0,,,,,buffAttacke2,1.5,"""""",,,,,,12345,,,,1
buffAttacke2,4,1,0,0,,,,,,,,,,,,buffAttackb1,12345,,,,1
buffDefensee1,2,1,0,0,,,,,buffDefensee2,1.5,"""""",,,,,,12345,,,,1
buffDefensee2,4,1,0,0,,,,,,,,,,,,buffDefenseb1,12345,,,,1
buffDefenseSelfe1,2,1,1,0,,,,,buffDefenseSelfe2,1.5,"""""",,,,,,12345,,,,1
buffDefenseSelfe2,4,1,1,0,,,,,,,,,,,,buffDefenseSelfb1,12345,,,,1
buffAttackSelfe1,2,1,1,0,,,,,buffAttackSelfe2,1.5,"""""",,,,,,12345,,,,1
buffAttackSelfe2,4,1,1,0,,,,,,,,,,,,buffAttackSelfb1,12345,,,,1
debuffDefensee1,2,1,0,0,,,,,debuffDefensee2,1.5,"""""",,,,,,12345,,,,1
debuffDefensee2,4,1,0,0,,,,,,,,,,,,debuffDefenseb1,12345,,,,1
dispelBeneficiale1,0,1,0,0,"[""dispelBeneficiale2"",""dispelBeneficiale3"",""dispelBeneficiale4"",""dispelBeneficiale5"",""dispelBeneficiale6"",""dispelBeneficiale7""]",,,,,,,,,,,,12345,,,,1
dispelBeneficiale2,6,1,0,,,,,,,,,,,,,,12345,2,,,1
dispelBeneficiale3,6,1,0,,,,,,,,,,,,,,12345,5,,,1
dispelBeneficiale4,6,1,0,,,,,,,,,,,,,,12345,7,,,1
dispelBeneficiale5,6,1,0,,,,,,,,,,,,,,12345,9,,,1
dispelBeneficiale6,6,1,0,,,,,,,,,,,,,,12345,8,,,1
dispelBeneficiale7,6,1,0,,,,,,,,,,,,,,12345,10,,,1
dispelNegativee1,0,1,0,0,"[""dispelNegativee2"",""dispelNegativee3"",""dispelNegativee4"",""dispelNegativee5"",""dispelNegativee6""]",,,,,,,,,,,,12345,,,,1
dispelNegativee2,6,1,0,,,,,,,,,,,,,,12345,1,,,1
dispelNegativee3,6,1,0,,,,,,,,,,,,,,12345,4,,,1
dispelNegativee4,6,1,0,,,,,,,,,,,,,,12345,12,,,1
dispelNegativee5,6,1,0,,,,,,,,,,,,,,12345,13,,,1
dispelNegativee6,6,1,0,,,,,,,,,,,,,,12345,14,,,1
phydazhaoPreparee1,4,1,1,0,,,,,,,,,,,,phydazhaoPrepareb1,12345,,,,1
magicdazhaoPreparee1,4,1,1,0,,,,,,,,,,,,magicdazhaoPrepareb1,12345,,,,1
buffHote1,2,1,0,0,,,,,buffHote2,1.5,"""""",,,,,,12345,,,,1
buffHote2,4,1,0,,,,,,,,,,,,,buffHotb1,12345,,,,1
buffHote3,3,1,0,0,,,,,,,,1,0.25,1,0,,12345,,,,1
debuffAttacke1,2,1,0,0,,,,,debuffAttacke2,1.5,"""""",,,,,,12345,,,,1
debuffAttacke2,4,1,0,,,,,,,,,,,,,debuffAttackb1,12345,,,,1
debuffMagice1,2,1,0,0,,,,,debuffMagice2,1.5,"""""",,,,,,12345,,,,1
debuffMagice2,4,1,0,,,,,,,,,,,,,debuffMagicb1,12345,,,,1
debuffSpeede1,2,1,0,0,,,,,debuffSpeede2,1.5,"""""",,,,,,12345,,,,1
debuffSpeede2,4,1,0,,,,,,,,,,,,,debuffSpeedb1,12345,,,,1
physicdebuffFireDotSlighte1,2,1,0,0,,,,,physicdebuffFireDotSlighte2,1.5,"""""",,,,,,12345,,,,1
physicdebuffFireDotSlighte2,4,1,0,,,,,,,,,,,,,physicdebuffFireDotSlightb1,12345,,,,1
physicdebuffFireDotSlighte3,3,1,0,0,,,,,,,,0,0.7,0,4,,12345,,,,1
physicdebuffFireDotMediume1,2,1,0,0,,,,,physicdebuffFireDotMediume2,1.5,"""""",,,,,,12345,,,,1
physicdebuffFireDotMediume2,4,1,0,,,,,,,,,,,,,physicdebuffFireDotMediumb1,12345,,,,1
physicdebuffFireDotMediume3,3,1,0,0,,,,,,,,0,0.8,0,4,,12345,,,,1
physicdebuffFireDotStronge1,2,1,0,0,,,,,physicdebuffFireDotStronge2,1.5,"""""",,,,,,12345,,,,1
physicdebuffFireDotStronge2,4,1,0,,,,,,,,,,,,,physicdebuffFireDotStrongb1,12345,,,,1
physicdebuffFireDotStronge3,3,1,0,0,,,,,,,,0,0.97,0,4,,12345,,,,1
physicdebuffWaterDotSlighte1,2,1,0,0,,,,,physicdebuffWaterDotSlighte2,1.5,"""""",,,,,,12345,,,,1
physicdebuffWaterDotSlighte2,4,1,0,,,,,,,,,,,,,physicdebuffWaterDotSlightb1,12345,,,,1
physicdebuffWaterDotSlighte3,3,1,0,0,,,,,,,,0,0.7,0,3,,12345,,,,1
physicdebuffWaterDotMediume1,2,1,0,0,,,,,physicdebuffWaterDotMediume2,1.5,"""""",,,,,,12345,,,,1
physicdebuffWaterDotMediume2,4,1,0,,,,,,,,,,,,,physicdebuffWaterDotMediumb1,12345,,,,1
physicdebuffWaterDotMediume3,3,1,0,0,,,,,,,,0,0.8,0,3,,12345,,,,1
physicdebuffWaterDotStronge1,2,1,0,0,,,,,physicdebuffWaterDotStronge2,1.5,"""""",,,,,,12345,,,,1
physicdebuffWaterDotStronge2,4,1,0,,,,,,,,,,,,,physicdebuffWaterDotStrongb1,12345,,,,1
physicdebuffWaterDotStronge3,3,1,0,0,,,,,,,,0,0.97,0,3,,12345,,,,1
physicdebuffPlantDotSlighte1,2,1,0,0,,,,,physicdebuffPlantDotSlighte2,1.5,"""""",,,,,,12345,,,,1
physicdebuffPlantDotSlighte2,4,1,0,,,,,,,,,,,,,physicdebuffPlantDotSlightb1,12345,,,,1
physicdebuffPlantDotSlighte3,3,1,0,0,,,,,,,,0,0.7,0,2,,12345,,,,1
physicdebuffPlantDotMediume1,2,1,0,0,,,,,physicdebuffPlantDotMediume2,1.5,"""""",,,,,,12345,,,,1
physicdebuffPlantDotMediume2,4,1,0,,,,,,,,,,,,,physicdebuffPlantDotMediumb1,12345,,,,1
physicdebuffPlantDotMediume3,3,1,0,0,,,,,,,,0,0.8,0,2,,12345,,,,1
physicdebuffPlantDotStronge1,2,1,0,0,,,,,physicdebuffPlantDotStronge2,1.5,"""""",,,,,,12345,,,,1
physicdebuffPlantDotStronge2,4,1,0,,,,,,,,,,,,,physicdebuffPlantDotStrongb1,12345,,,,1
physicdebuffPlantDotStronge3,3,1,0,0,,,,,,,,0,0.97,0,2,,12345,,,,1
physicdebuffMetalDotSlighte1,2,1,0,0,,,,,physicdebuffMetalDotSlighte2,1.5,"""""",,,,,,12345,,,,1
physicdebuffMetalDotSlighte2,4,1,0,,,,,,,,,,,,,physicdebuffMetalDotSlightb1,12345,,,,1
physicdebuffMetalDotSlighte3,3,1,0,0,,,,,,,,0,0.7,0,1,,12345,,,,1
physicdebuffMetalDotMediume1,2,1,0,0,,,,,physicdebuffMetalDotMediume2,1.5,"""""",,,,,,12345,,,,1
physicdebuffMetalDotMediume2,4,1,0,,,,,,,,,,,,,physicdebuffMetalDotMediumb1,12345,,,,1
physicdebuffMetalDotMediume3,3,1,0,0,,,,,,,,0,0.8,0,1,,12345,,,,1
physicdebuffMetalDotStronge1,2,1,0,0,,,,,physicdebuffMetalDotStronge2,1.5,"""""",,,,,,12345,,,,1
physicdebuffMetalDotStronge2,4,1,0,,,,,,,,,,,,,physicdebuffMetalDotStrongb1,12345,,,,1
physicdebuffMetalDotStronge3,3,1,0,0,,,,,,,,0,0.97,0,1,,12345,,,,1
physicdebuffEarthDotSlighte1,2,1,0,0,,,,,physicdebuffEarthDotSlighte2,1.5,"""""",,,,,,12345,,,,1
physicdebuffEarthDotSlighte2,4,1,0,,,,,,,,,,,,,physicdebuffEarthDotSlightb1,12345,,,,1
physicdebuffEarthDotSlighte3,3,1,0,0,,,,,,,,0,0.7,0,5,,12345,,,,1
physicdebuffEarthDotMediume1,2,1,0,0,,,,,physicdebuffEarthDotMediume2,1.5,"""""",,,,,,12345,,,,1
physicdebuffEarthDotMediume2,4,1,0,,,,,,,,,,,,,physicdebuffEarthDotMediumb1,12345,,,,1
physicdebuffEarthDotMediume3,3,1,0,0,,,,,,,,0,0.8,0,5,,12345,,,,1
physicdebuffEarthDotStronge1,2,1,0,0,,,,,physicdebuffEarthDotStronge2,1.5,"""""",,,,,,12345,,,,1
physicdebuffEarthDotStronge2,4,1,0,0,,,,,,,,,,,,physicdebuffEarthDotStrongb1,12345,,,,1
physicdebuffEarthDotStronge3,3,1,0,0,,,,,,,,0,0.97,0,5,,12345,,0,,1
magicdebuffFireDotSlighte1,2,1,0,0,,,,,magicdebuffFireDotSlighte2,1.5,"""""",,,,,,12345,,,,1
magicdebuffFireDotSlighte2,4,1,0,,,,,,,,,,,,,magicdebuffFireDotSlightb1,12345,,,,1
magicdebuffFireDotSlighte3,3,1,0,0,,,,,,,,1,0.7,0,4,,12345,,,,1
magicdebuffFireDotMediume1,2,1,0,0,,,,,magicdebuffFireDotMediume2,1.5,"""""",,,,,,12345,,,,1
magicdebuffFireDotMediume2,4,1,0,,,,,,,,,,,,,magicdebuffFireDotMediumb1,12345,,,,1
magicdebuffFireDotMediume3,3,1,0,0,,,,,,,,1,0.8,0,4,,12345,,,,1
magicdebuffFireDotStronge1,2,1,0,0,,,,,magicdebuffFireDotStronge2,1.5,"""""",,,,,,12345,,,,1
magicdebuffFireDotStronge2,4,1,0,,,,,,,,,,,,,magicdebuffFireDotStrongb1,12345,,,,1
magicdebuffFireDotStronge3,3,1,0,0,,,,,,,,1,0.97,0,4,,12345,,,,1
magicdebuffWaterDotSlighte1,2,1,0,0,,,,,magicdebuffWaterDotSlighte2,1.5,"""""",,,,,,12345,,,,1
magicdebuffWaterDotSlighte2,4,1,0,,,,,,,,,,,,,magicdebuffWaterDotSlightb1,12345,,,,1
magicdebuffWaterDotSlighte3,3,1,0,0,,,,,,,,1,0.7,0,3,,12345,,,,1
magicdebuffWaterDotMediume1,2,1,0,0,,,,,magicdebuffWaterDotMediume2,1.5,"""""",,,,,,12345,,,,1
magicdebuffWaterDotMediume2,4,1,0,,,,,,,,,,,,,magicdebuffWaterDotMediumb1,12345,,,,1
magicdebuffWaterDotMediume3,3,1,0,0,,,,,,,,1,0.8,0,3,,12345,,,,1
magicdebuffWaterDotStronge1,2,1,0,0,,,,,magicdebuffWaterDotStronge2,1.5,"""""",,,,,,12345,,,,1
magicdebuffWaterDotStronge2,4,1,0,,,,,,,,,,,,,magicdebuffWaterDotStrongb1,12345,,,,1
magicdebuffWaterDotStronge3,3,1,0,0,,,,,,,,1,0.97,0,3,,12345,,,,1
magicdebuffPlantDotSlighte1,2,1,0,0,,,,,magicdebuffPlantDotSlighte2,1.5,"""""",,,,,,12345,,,,1
magicdebuffPlantDotSlighte2,4,1,0,,,,,,,,,,,,,magicdebuffPlantDotSlightb1,12345,,,,1
magicdebuffPlantDotSlighte3,3,1,0,0,,,,,,,,1,0.7,0,2,,12345,,,,1
magicdebuffPlantDotMediume1,2,1,0,0,,,,,magicdebuffPlantDotMediume2,1.5,"""""",,,,,,12345,,,,1
magicdebuffPlantDotMediume2,4,1,0,,,,,,,,,,,,,magicdebuffPlantDotMediumb1,12345,,,,1
magicdebuffPlantDotMediume3,3,1,0,0,,,,,,,,1,0.8,0,2,,12345,,,,1
magicdebuffPlantDotStronge1,2,1,0,0,,,,,magicdebuffPlantDotStronge2,1.5,"""""",,,,,,12345,,,,1
magicdebuffPlantDotStronge2,4,1,0,,,,,,,,,,,,,magicdebuffPlantDotStrongb1,12345,,,,1
magicdebuffPlantDotStronge3,3,1,0,0,,,,,,,,1,0.97,0,2,,12345,,,,1
magicdebuffMetalDotSlighte1,2,1,0,0,,,,,magicdebuffMetalDotSlighte2,1.5,"""""",,,,,,12345,,,,1
magicdebuffMetalDotSlighte2,4,1,0,,,,,,,,,,,,,magicdebuffMetalDotSlightb1,12345,,,,1
magicdebuffMetalDotSlighte3,3,1,0,0,,,,,,,,1,0.7,0,1,,12345,,,,1
magicdebuffMetalDotMediume1,2,1,0,0,,,,,magicdebuffMetalDotMediume2,1.5,"""""",,,,,,12345,,,,1
magicdebuffMetalDotMediume2,4,1,0,,,,,,,,,,,,,magicdebuffMetalDotMediumb1,12345,,,,1
magicdebuffMetalDotMediume3,3,1,0,0,,,,,,,,1,0.8,0,1,,12345,,,,1
magicdebuffMetalDotStronge1,2,1,0,0,,,,,magicdebuffMetalDotStronge2,1.5,"""""",,,,,,12345,,,,1
magicdebuffMetalDotStronge2,4,1,0,,,,,,,,,,,,,magicdebuffMetalDotStrongb1,12345,,,,1
magicdebuffMetalDotStronge3,3,1,0,0,,,,,,,,1,0.97,0,1,,12345,,,,1
magicdebuffEarthDotSlighte1,2,1,0,0,,,,,magicdebuffEarthDotSlighte2,1.5,"""""",,,,,,12345,,,,1
magicdebuffEarthDotSlighte2,4,1,0,,,,,,,,,,,,,magicdebuffEarthDotSlightb1,12345,,,,1
magicdebuffEarthDotSlighte3,3,1,0,0,,,,,,,,1,0.7,0,5,,12345,,,,1
magicdebuffEarthDotMediume1,2,1,0,0,,,,,magicdebuffEarthDotMediume2,1.5,"""""",,,,,,12345,,,,1
magicdebuffEarthDotMediume2,4,1,0,,,,,,,,,,,,,magicdebuffEarthDotMediumb1,12345,,,,1
magicdebuffEarthDotMediume3,3,1,0,0,,,,,,,,1,0.8,0,5,,12345,,,,1
magicdebuffEarthDotStronge1,2,1,0,0,,,,,magicdebuffEarthDotStronge2,1.5,"""""",,,,,,12345,,,,1
magicdebuffEarthDotStronge2,4,1,0,0,,,,,,,,,,,,magicdebuffEarthDotStrongb1,12345,,,,1
magicdebuffEarthDotStronge3,3,1,0,0,,,,,,,,1,0.97,0,5,,12345,,0,,1
buffInterrupte1,2,1,0,0,,,,,buffInterrupte2,0,"""""",,,,,,12345,,,,1
buffInterrupte2,4,1,0,,,,,,,,,,,,,Interruptb1,12345,,,,1
ultXiaochou3e1,1,1,0,0,,,1,ultXiaochou3e2,,,"""""",,,,,,12345,,,,1
ultXiaochou3e2,2,1,0,0,,,,,ultXiaochou3e3,0,,,,,,,12345,,,,1
ultXiaochou3e3,3,1,0,0,,,,,,,,1,1.3,0,3,,12345,,,,1
ultXiaochou4e1,5,1,0,0,,,,,,,IsEnemy|ultXiaochou4e3;Default|ultXiaochou4e2;,,,,,,12345,,,,1
ultXiaochou4e2,3,1,0,0,,,,,,,,1,0.175,0,4,,12345,,,,1
ultXiaochou4e3,2,1,0,0,,,,,ultXiaochou4Cast,0,2.33|ultXiaochou4e2;0.3|ultXiaochou4e2;0.3|ultXiaochou4e2;0.3|ultXiaochou4e2;0.3|ultXiaochou4e2;0.3|ultXiaochou4e2;,,,,,,12345,,,,1
ultXiaochou4Cast,2,1,1,0,,,,,,,,,,,,,12345,,,,1
ultKairuisi4e1,1,1,0,0,,,1,ultKairuisi4e2,,,"""""",,,,,,12345,,,,1
ultKairuisi4e2,2,1,0,0,,,,,ultKairuisi4e3,1.5,,,,,,,12345,,,,1
ultKairuisi4e3,3,1,0,0,,,,,,,,1,1.3,0,4,,12345,,,,1
ultHetong2e1,5,1,0,0,,,,,,,IsEnemy|ultHetong2e3;Default|ultHetong2e2;,,,,,,12345,,,,1
ultHetong2e2,3,1,0,0,,,,,,,,1,0.175,0,2,,12345,,,,1
ultHetong2e3,2,1,0,0,,,,,ultHetong2Cast,0,2.33|ultHetong2e2;0.3|ultHetong2e2;0.3|ultHetong2e2;0.3|ultHetong2e2;0.3|ultHetong2e2;0.3|ultHetong2e2;,,,,,,12345,,,,1
ultHetong2Cast,2,1,1,0,,,,,,,,,,,,,12345,,,,1
ultWagui3e1,2,1,0,0,,,,,ultWagui3e2,0,,,,,,,12345,,,,1
ultWagui3e2,3,1,0,0,,,,,,,,1,3.5,0,3,,12345,,,,1
ultHuapo2e1,5,1,0,0,,,,,,,IsEnemy|ultHuapo2e3;Default|ultHuapo2e2;,,,,,,12345,,,,1
ultHuapo2e2,3,1,0,0,,,,,,,,0,0.175,0,2,,12345,,,,1
ultHuapo2e3,2,1,0,0,,,,,ultHuapo2Cast,0,2.33|ultHuapo2e2;0.3|ultHuapo2e2;0.3|ultHuapo2e2;0.3|ultHuapo2e2;0.3|ultHuapo2e2;0.3|ultHuapo2e2,,,,,,12345,,,,1
ultHuapo2Cast,2,1,1,0,,,,,,,,,,,,,12345,,,,1
ultCike4e1,1,1,0,0,,,1,ultCike4e2,,,"""""",,,,,,12345,,,,1
ultCike4e2,2,1,0,0,,,,,ultCike4e3,0,,,,,,,12345,,,,1
ultCike4e3,4,1,0,0,,,,,,,,,,,,buffTauntb1,12345,,,,1
ultPanshen2e1,5,1,0,0,,,,,,,IsEnemy|ultPanshen2e3;Default|ultPanshen2e2;,,,,,,12345,,,,1
ultPanshen2e2,3,1,0,0,,,,,,,,0,0.175,0,2,,12345,,,,1
ultPanshen2e3,2,1,0,0,,,,,ultPanshen2Cast,0,2.13|ultPanshen2e2;0.3|ultPanshen2e2;0.3|ultPanshen2e2;0.3|ultPanshen2e2;0.3|ultPanshen2e2;0.3|ultPanshen2e2,,,,,,12345,,,,1
ultPanshen2Cast,2,1,1,0,,,,,,,,,,,,,12345,,,,1
ultWushi4e1,1,1,0,0,,,0,ultWushi4e2,,,"""""",,,,,,12345,,,,1
ultWushi4e2,2,1,0,0,,,,,ultWushi4e3,0,,,,,,,12345,,,,1
ultWushi4e3,0,1,0,0,"[""ultWushi4e4"",""ultWushi4e5""]",,,,,,,,,,,,12345,,,,1
ultWushi4e4,4,1,0,0,,,,,,,,,,,,buffAttackb1,12345,,,,1
ultWushi4e5,4,1,0,0,,,,,,,,,,,,buffMagicb1,12345,,,,1
ultWushi3e1,5,1,0,0,,,,,,,IsEnemy|ultWushi3e3;Default|ultWushi3e2;,,,,,,12345,,,,1
ultWushi3e2,3,1,0,0,,,,,,,,1,0.175,0,3,,12345,,,,1
ultWushi3e3,2,1,0,0,,,,,ultWushi3Cast,0,2.3|ultWushi3e2;0.3|ultWushi3e2;0.3|ultWushi3e2;0.3|ultWushi3e2;0.3|ultWushi3e2;0.3|ultWushi3e2,,,,,,12345,,,,1
ultWushi3Cast,2,1,1,0,,,,,,,,,,,,,12345,,,,1
ultXiyiren4e1,5,1,0,0,,,,,,,IsEnemy|ultXiyiren4e3;Default|ultXiyiren4e2;,,,,,,12345,,,,1
ultXiyiren4e2,3,1,0,0,,,,,,,,0,0.175,0,4,,12345,,,,1
ultXiyiren4e3,2,1,0,0,,,,,ultXiyiren4Cast,0,2.1|ultXiyiren4e2;0.3|ultXiyiren4e2;0.3|ultXiyiren4e2;0.3|ultXiyiren4e2;0.3|ultXiyiren4e2;0.3|ultXiyiren4e2,,,,,,12345,,,,1
ultXiyiren4Cast,2,1,1,0,,,,,,,,,,,,,12345,,,,1
ultXiyiren2e1,1,1,0,0,,,1,ultXiyiren2e2,,,"""""",,,,,,12345,,,,1
ultXiyiren2e2,2,1,0,0,,,,,ultXiyiren2e3,0,,,,,,,12345,,,,1
ultXiyiren2e3,4,1,0,0,,,,,,,,,,,,buffTauntb1,12345,,,,1
ultMantuoluo2e1,1,1,0,0,,,0,ultMantuoluo2e2,,,"""""",,,,,,12345,,,,1
ultMantuoluo2e2,2,1,0,0,,,,,ultMantuoluo2e3,0,,,,,,,12345,,,,1
ultMantuoluo2e3,3,1,0,0,,,,,,,,1,0.55,1,2,,12345,,,,1
ultHetong3e1,1,1,0,0,,,1,ultHetong3e2,,,"""""",,,,,,12345,,,,1
ultHetong3e2,2,1,0,0,,,,,ultHetong3e3,0,,,,,,,12345,,,,1
ultHetong3e3,3,1,0,0,,,,,,,,1,1.3,0,3,,12345,,,,1
ultLonggongtongzi3e1,1,1,0,0,,,0,ultLonggongtongzi3e2,,,"""""",,,,,,12345,,,,1
ultLonggongtongzi3e2,2,1,0,0,,,,,ultLonggongtongzi3e3,0,,,,,,,12345,,,,1
ultLonggongtongzi3e3,3,1,0,0,,,,,,,,1,0.55,1,3,,12345,,,,1
ultLangren5e1,5,1,0,0,,,,,,,IsEnemy|ultLangren5e3;Default|ultLangren5e2;,,,,,,12345,,,,1
ultLangren5e2,3,1,0,0,,,,,,,,0,0.175,0,5,,12345,,,,1
ultLangren5e3,2,1,0,0,,,,,ultLangren5Cast,0,2.33|ultLangren5e2;0.3|ultLangren5e2;0.3|ultLangren5e2;0.3|ultLangren5e2;0.3|ultLangren5e2;0.3|ultLangren5e2,,,,,,12345,,,,1
ultLangren5Cast,2,1,1,0,,,,,,,,,,,,,12345,,,,1
ultLangren3e1,1,1,0,0,,,1,ultLangren3e2,,,"""""",,,,,,12345,,,,1
ultLangren3e2,2,1,0,0,,,,,ultLangren3e3,0,,,,,,,12345,,,,1
ultLangren3e3,4,1,0,0,,,,,,,,,,,,buffTauntb1,12345,,,,1
ultKairuisi5e1,1,1,0,0,,,1,ultKairuisi5e2,,,"""""",,,,,,12345,,,,1
ultKairuisi5e2,2,1,0,0,,,,,ultKairuisi5e3,0,,,,,,,12345,,,,1
ultKairuisi5e3,3,1,0,0,,,,,,,,1,1,0,5,,12345,,,ultKairuisi5e4,1
ultKairuisi5e4,4,1,0,0,,,,,,,,,,,,debuffMagicb1,12345,,,,0.3
ultNvyao5e1,2,1,0,0,,,,,ultNvyao5e2,0,,,,,,,12345,,,,1
ultNvyao5e2,3,1,0,0,,,,,,,,1,3.5,0,5,,12345,,,,1
ultHapi1e1,1,1,0,0,,,0,ultHapi1e2,,,"""""",,,,,,12345,,,,1
ultHapi1e2,2,1,0,0,,,,,ultHapi1e3,0,,,,,,,12345,,,,1
ultHapi1e3,3,1,0,0,,,,,,,,1,0.34,1,1,,12345,,,ultHapi1e4,1
ultHapi1e4,4,1,0,0,,,,,,,,,,,,buffHotb1,12345,,,,1
ultPiying5e1,1,1,0,0,,,1,ultPiying5e2,,,"""""",,,,,,12345,,,,1
ultPiying5e2,2,1,0,0,,,,,ultPiying5e3,0,,,,,,,12345,,,,1
ultPiying5e3,3,1,0,0,,,,,,,,1,1.3,0,5,,12345,,,,1
ultShuigui3e1,1,1,0,0,,,1,ultShuigui3e2,,,"""""",,,,,,12345,,,,1
ultShuigui3e2,2,1,0,0,,,,,ultShuigui3e3,0,,,,,,,12345,,,,1
ultShuigui3e3,3,1,0,0,,,,,,,,1,0.8,0,3,,12345,,,ultShuigui3e4,1
ultShuigui3e4,4,1,0,0,,,,,,,,,,,,debuffstunb1,12345,,,,0.5
psvXiaochou3e1,4,1,1,0,,,,,,,,,,,,psvMagicb1,12345,,,,1
psvXiaochou4e1,4,1,1,0,,,,,,,,,,,,psvMagicb1,12345,,,,1
psvKairuisi4e1,4,1,1,0,,,,,,,,,,,,psvKairuisi4b1,12345,,,,1
psvKairuisi4e2,4,1,1,0,,,,,,,,,,,,psvKairuisi4b2,12345,,,,1
psvHetong2e1,4,1,1,0,,,,,,,,,,,,psvHetong2b1,12345,,,,1
psvWagui3e1,4,1,1,0,,,,,,,,,,,,psvWagui3b1,12345,,,,1
psvHuapo2e1,4,1,1,0,,,,,,,,,,,,psvHuapo2b1,12345,,,,1
psvCike4e1,4,1,1,0,,,,,,,,,,,,psvCike4b1,12345,,,,1
psvCike4e2,4,1,0,0,,,,,,,,,,,,buffTauntb1,12345,,,,1
psvLangren3e1,4,1,1,0,,,,,,,,,,,,psvLangren3b1,12345,,,,1
psvLangren3e2,4,1,0,0,,,,,,,,,,,,buffTauntb1,12345,,,,1
psvWushi4e1,4,1,1,0,,,,,,,,,,,,psvWushi4b1,12345,,,,1
psvWushi3e1,1,1,0,0,,,0,psvWushi3e2,,,"""""",,,,,,12345,,,,1
psvWushi3e2,2,1,0,0,,,,,psvWushi3e3,0.5,,,,,,,12345,,,,1
psvWushi3e3,4,1,0,0,,,,,,,,,,,,psvWushi3b1,12345,,,,1
psvXiyiren4e1,4,1,1,0,,,,,,,,,,,,psvAttackb1,12345,,,,1
psvXiyiren2e1,4,1,1,0,,,,,,,,,,,,psvXiyiren2b1,12345,,,,1
psvXiyiren2e2,4,1,0,0,,,,,,,,,,,,buffTauntb1,12345,,,,1
psvMantuoluo2e1,4,1,1,0,,,,,,,,,,,,psvMantuoluo2b1,12345,,,,1
psvHetong3e1,1,1,0,0,,,0,psvHetong3e2,,,"""""",,,,,,12345,,,,1
psvHetong3e2,2,1,0,0,,,,,psvHetong3e3,0.5,,,,,,,12345,,,,1
psvHetong3e3,4,1,0,0,,,,,,,,,,,,buffDefenseb1,12345,,,,1
psvLonggongtongzi3e1,4,1,1,0,,,,,,,,,,,,psvCriticalRateb1,12345,,,,1
psvLangren5e1,4,1,1,0,,,,,,,,,,,,psvLangren5b1,12345,,,,1
psvLangren5e2,3,1,1,0,,,,,,,,1,0.5,1,5,,12345,,,,1
psvKairuisi5e1,4,1,1,0,,,,,,,,,,,,psvKairuisi5b1,12345,,,,1
psvKairuisi5e2,1,1,0,0,,,1,psvKairuisi5e3,,,"""""",,,,,,12345,,,,1
psvKairuisi5e3,4,1,0,0,,,,,,,,,,,,debuffDefenseb1,12345,,,,1
psvNvyao5e1,4,1,1,0,,,,,,,,,,,,psvNvyao5b1,12345,,,,1
psvHapi1e1,4,1,1,0,,,,,,,,,,,,psvHapi1b1,12345,,,,1
psvHapi1e2,1,1,0,0,,,0,psvHapi1e3,,,"""""",,,,,,12345,,,,1
psvHapi1e3,3,1,0,0,,,,,,,,1,0.6,1,1,,12345,,,,1
psvPiying5e1,4,1,1,0,,,,,,,,,,,,psvPiying5b1,12345,,,,1
psvShuigui3e1,4,1,1,0,,,,,,,,,,,,psvShuigui3b1,12345,,,,1
psvShuigui3e2,4,1,0,0,,,,,,,,,,,,debuffstunb1,12345,,,,1
bossdajie11Xiaochou41e1,2,1,0,0,,,,,bossdajie11Xiaochou41e2,1.6,,,,,,,12345,,,,1
bossdajie11Xiaochou41e2,3,1,0,0,,,,,,,,1,1,0,4,,12345,,,,1
bossdajie11Xiaochou42e1,1,1,0,0,,,1,bossdajie11Xiaochou42e2,,,"""""",,,,,,12345,,,,1
bossdajie11Xiaochou42e2,2,1,0,0,,,,,bossdajie11Xiaochou42e3,1.5,,,,,,,12345,,,,1
bossdajie11Xiaochou42e3,3,1,0,0,,,,,,,,1,0.6,0,4,,12345,,,,1
bossdajie11Xiaochou43e1,2,1,0,0,,,,,bossdajie11Xiaochou43e2,2.33,0|bossdajie11Xiaochou43e2;0.3|bossdajie11Xiaochou43e2;0.3|bossdajie11Xiaochou43e2;0.3|bossdajie11Xiaochou43e2;0.3|bossdajie11Xiaochou43e2;,,,,,,12345,,,,1
bossdajie11Xiaochou43e2,3,1,0,0,,,,,,,,1,0.3,0,4,,12345,,,,1
bossdajie12Mantuoluo21e1,2,1,0,0,,,,,bossdajie12Mantuoluo21e2,1,,,,,,,12345,,,,1
bossdajie12Mantuoluo21e2,3,1,0,0,,,,,,,,0,1,0,2,,12345,,,,1
bossdajie12Mantuoluo22e1,1,1,0,0,,,1,bossdajie12Mantuoluo22e2,,,"""""",,,,,,12345,,,,1
bossdajie12Mantuoluo22e2,2,1,0,0,,,,,bossdajie12Mantuoluo22e3,1.5,,,,,,,12345,,,,1
bossdajie12Mantuoluo22e3,3,1,0,0,,,,,,,,1,0.6,0,2,,12345,,,,1
bossdajie12Mantuoluo23e1,2,1,1,0,,,,,bossdajie12Mantuoluo23e2,2.3,,,,,,,12345,,,,1
bossdajie12Mantuoluo23e2,3,1,1,0,,,,,,,,1,1,1,2,,12345,,,,1
bossdajie12Mantuoluo24e1,2,1,1,0,,,,,bossdajie12Mantuoluo24e2,1.5,,,,,,,12345,,,,1
bossdajie12Mantuoluo24e2,3,1,1,0,,,,,,,,1,28,1,2,,12345,,,,1
bossdajie15Langren31e1,2,1,0,0,,,,,bossdajie15Langren31e2,1,,,,,,,12345,,,,1
bossdajie15Langren31e2,3,1,0,0,,,,,,,,0,1,0,3,,12345,,,,1
bossdajie15Langren32e1,0,1,1,0,"[""bossdajie15Langren32e2"",""bossdajie15Langren32e4""]",,,,,,,,,,,,12345,,,,1
bossdajie15Langren32e2,2,1,1,0,,,,,bossdajie15Langren32e3,1.5,,,,,,,12345,,,,1
bossdajie15Langren32e3,4,1,1,0,,,,,,,,,,,,bossdajie15Langren32b1,12345,,,,1
bossdajie15Langren32e4,2,1,1,0,,,,,bossdajie15Langren32e5,1,,,,,,,12345,,,,1
bossdajie15Langren32e5,4,1,1,0,,,,,,,,,,,,bossdajie15Langren32b2,12345,,,,1
bossdajie15Langren33e1,0,1,1,0,"[""bossdajie15Langren33e2"",""bossdajie15Langren33e4""]",,,,,,,,,,,,12345,,,,1
bossdajie15Langren33e2,2,1,1,0,,,,,bossdajie15Langren33e3,1.5,,,,,,,12345,,,,1
bossdajie15Langren33e3,4,1,1,0,,,,,,,,,,,,bossdajie15Langren33b1,12345,,,,1
bossdajie15Langren33e4,2,1,1,0,,,,,bossdajie15Langren33e5,1,,,,,,,12345,,,,1
bossdajie15Langren33e5,4,1,1,0,,,,,,,,,,,,bossdajie15Langren33b2,12345,,,,1
bossdajie15Langren34e1,2,1,0,0,,,,,,,2.33|bossdajie15Langren34e2;0.3|bossdajie15Langren34e2;0.3|bossdajie15Langren34e2;0.3|bossdajie15Langren34e2;0.3|bossdajie15Langren34e2;0.3|bossdajie15Langren34e2;,,,,,,12345,,,,1
bossdajie15Langren34e2,3,1,0,0,,,,,,,,0,0.75,0,3,,12345,,,,1
bossdajie14Piying51e1,2,1,0,0,,,,,bossdajie14Piying51e2,1.5,,,,,,,12345,,,,1
bossdajie14Piying51e2,3,1,0,0,,,,,,,,1,0.5,0,5,,12345,,,,1
bossdajie14Piying52e1,1,1,0,0,,,1,bossdajie14Piying52e2,,,"""""",,,,,,12345,,,,1
bossdajie14Piying52e2,0,1,0,0,"[""bossdajie14Piying52e3"",""bossdajie14Piying52e5""]",,,,,,,,,,,,12345,,,,1
bossdajie14Piying52e3,2,1,0,0,,,,,bossdajie14Piying52e4,1,,,,,,,12345,,,,1
bossdajie14Piying52e4,4,1,0,0,,,,,,,,,,,,bossdajie14Piying52b1,12345,,,,1
bossdajie14Piying52e5,2,1,0,0,,,,,bossdajie14Piying52e6,1,,,,,,,12345,,,,1
bossdajie14Piying52e6,4,1,0,0,,,,,,,,,,,,bossdajie14Piying52b2,12345,,,,1
bossdajie14Piying53e1,1,1,0,0,,,1,bossdajie14Piying53e2,,,"""""",,,,,,12345,,,,1
bossdajie14Piying53e2,2,1,0,0,,,,,bossdajie14Piying53e3,1,,,,,,,12345,,,,1
bossdajie14Piying53e3,4,1,0,0,,,,,,,,,,,,bossdajie14Piying52b1,12345,,,,1
bossdajie14Piying54e1,1,1,0,0,,,1,bossdajie14Piying54e2,,,"""""",,,,,,12345,,,,1
bossdajie14Piying54e2,2,1,0,0,,,,,bossdajie14Piying54e3,2.33,,,,,,,12345,,,,1
bossdajie14Piying54e3,3,1,0,0,,,,,,,,1,2,0,5,,12345,,,,1
bossdajie14Piying55e1,1,1,0,0,,,1,bossdajie14Piying55e2,,,"""""",,,,,,12345,,,,1
bossdajie14Piying55e2,2,1,0,0,,,,,bossdajie14Piying55e3,1,,,,,,,12345,,,,1
bossdajie14Piying55e3,4,1,0,0,,,,,,,,,,,,bossdajie14Piying52b2,12345,,,,1
bossdajie17Huapo21e1,2,1,0,0,,,,,bossdajie17Huapo21e2,1,,,,,,,12345,,,,1
bossdajie17Huapo21e2,3,1,0,0,,,,,,,,0,2,0,2,,12345,,,,1
bossdajie17Huapo22e1,2,1,0,0,,,,,bossdajie17Huapo22e2,1,,,,,,,12345,,,,1
bossdajie17Huapo22e2,3,1,0,0,,,,,,,,1,1,0,2,,12345,,,,1
bossdajie17Huapo23e1,2,1,0,0,,,,,bossdajie17Huapo23e2,2.33,0|bossdajie17Huapo23e2;0.3|bossdajie17Huapo23e2;0.3|bossdajie17Huapo23e2;0.3|bossdajie17Huapo23e2;0.3|bossdajie17Huapo23e2;0.3|bossdajie17Huapo23e2;,,,,,,12345,,,,1
bossdajie17Huapo23e2,3,1,0,0,,,,,,,,0,1,0,2,,12345,,,,1
bossdajie17Huapo24e1,2,1,0,0,,,,,bossdajie17Huapo24e2,2.33,,,,,,,12345,,,,1
bossdajie17Huapo24e2,3,1,0,0,,,,,,,,0,1,0,2,,12345,,,,1
bossdajie16Xiaochou31e1,2,1,0,0,,,,,bossdajie16Xiaochou31e2,1.5,,,,,,,12345,,,,1
bossdajie16Xiaochou31e2,3,1,0,0,,,,,,,,1,2,0,3,,12345,,,,1
bossdajie16Xiaochou32e1,2,1,0,0,,,,,bossdajie16Xiaochou32e2,1.5,,,,,,,12345,,,,1
bossdajie16Xiaochou32e2,3,1,0,0,,,,,,,,1,1,0,3,,12345,,,,1
bossdajie16Xiaochou33e1,1,1,0,0,,,1,bossdajie16Xiaochou33e2,,,"""""",,,,,,12345,,,,1
bossdajie16Xiaochou33e2,2,1,0,0,,,,,bossdajie16Xiaochou33e3,1.5,,,,,,,12345,,,,1
bossdajie16Xiaochou33e3,3,1,0,0,,,,,,,,1,1.2,0,3,,12345,,,,1
bossdajie16Xiaochou34e1,1,1,0,0,,,1,bossdajie16Xiaochou34e2,,,"""""",,,,,,12345,,,,1
bossdajie16Xiaochou34e2,2,1,0,0,,,,,bossdajie16Xiaochou34e3,2.33,,,,,,,12345,,,,1
bossdajie16Xiaochou34e3,3,1,0,0,,,,,,,,1,2.4,0,3,,12345,,,,1
bossdajie16Xiaochou35e1,2,1,0,0,,,,,bossdajie16Xiaochou35e2,2.33,,,,,,,12345,,,,1
bossdajie16Xiaochou35e2,3,1,0,0,,,,,,,,1,2.4,0,3,,12345,,,,1
bossdajie16Zouyincao21e1,2,1,0,0,,,,,bossdajie16Zouyincao21e2,1.25,,,,,,,12345,,,,1
bossdajie16Zouyincao21e2,3,1,0,0,,,,,,,,0,2,0,2,,12345,,,,1
bossdajie16Zouyincao22e1,1,1,0,0,,,1,bossdajie16Zouyincao22e2,,,"""""",,,,,,12345,,,,1
bossdajie16Zouyincao22e2,2,1,0,0,,,,,bossdajie16Zouyincao22e3,1.5,,,,,,,12345,,,,1
bossdajie16Zouyincao22e3,3,1,0,0,,,,,,,,1,1,0,2,,12345,,,,1
bossdajie16Zouyincao23e1,2,1,1,0,,,,,bossdajie16Zouyincao23e2,2.1,,,,,,,12345,,,,1
bossdajie16Zouyincao23e2,4,1,1,0,,,,,,,,,,,,bossdajie16Zouyincao23b1,12345,,,,1
bossxiaoxiang21Wushi41e1,2,1,0,0,,,,,bossxiaoxiang21Wushi41e2,1.5,,,,,,,12345,,,,1
bossxiaoxiang21Wushi41e2,3,1,0,0,,,,,,,,1,1,0,4,,12345,,,,1
bossxiaoxiang21Wushi42e1,2,1,1,0,,,,,bossxiaoxiang21Wushi42e2,1.5,,,,,,,12345,,,,1
bossxiaoxiang21Wushi42e2,4,1,1,0,,,,,,,,,,,,bossxiaoxiang21Wushi42b1,12345,,,,1
bossxiaoxiang21Wushi43e1,4,1,1,0,,,,,,,,,,,,bossxiaoxiang21Wushi43b1,12345,,,,1
bossxiaoxiang21Wushi44e1,1,1,0,0,,,1,bossxiaoxiang21Wushi44e2,,,"""""",,,,,,12345,,,,1
bossxiaoxiang21Wushi44e2,2,1,0,0,,,,,bossxiaoxiang21Wushi44e3,2.33,,,,,,,12345,,,,1
bossxiaoxiang21Wushi44e3,3,1,0,0,,,,,,,,1,0.6,0,4,,12345,,,,1
bossxiaoxiang22Xiyiren21e1,2,1,0,0,,,,,bossxiaoxiang22Xiyiren21e2,1,,,,,,,12345,,,,1
bossxiaoxiang22Xiyiren21e2,3,1,0,0,,,,,,,,0,2,0,2,,12345,,,,1
bossxiaoxiang22Xiyiren22e1,2,1,0,0,,,,,bossxiaoxiang22Xiyiren22e2,1.5,,,,,,,12345,,,,1
bossxiaoxiang22Xiyiren22e2,3,1,0,0,,,,,,,,1,1.5,0,2,,12345,,,,1
bossxiaoxiang22Xiyiren23e1,2,1,1,0,,,,,bossxiaoxiang22Xiyiren23e2,1.5,,,,,,,12345,,,,1
bossxiaoxiang22Xiyiren23e2,4,1,1,0,,,,,,,,,,,,bossxiaoxiang22Xiyiren23b1,12345,,,,1
bossxiaoxiang22Xiyiren24e1,1,1,0,0,,,1,bossxiaoxiang22Xiyiren24e2,,,"""""",,,,,,12345,,,,1
bossxiaoxiang22Xiyiren24e2,2,1,0,0,,,,,bossxiaoxiang22Xiyiren24e3,2.1,,,,,,,12345,,,,1
bossxiaoxiang22Xiyiren24e3,3,1,0,0,,,,,,,,0,1.5,0,2,,12345,,,,1
bossxiaoxiang23Panshen22e1,2,1,0,0,,,,,bossxiaoxiang23Panshen22e2,1,,,,,,,12345,,,,1
bossxiaoxiang23Panshen22e2,3,1,0,0,,,,,,,,0,1,0,2,,12345,,,,1
bossxiaoxiang23Panshen23e1,2,1,1,0,,,,,bossxiaoxiang23Panshen23e2,1.5,,,,,,,12345,,,,1
bossxiaoxiang23Panshen23e2,4,1,1,0,,,,,,,,,,,,bossxiaoxiang23Panshen23b1,12345,,,,1
bossxiaoxiang23Panshen24e1,2,1,0,0,,,,,bossxiaoxiang23Panshen24e2,2.33,0|bossxiaoxiang23Panshen24e2;0.3|bossxiaoxiang23Panshen24e2;0.3|bossxiaoxiang23Panshen24e2;0.3|bossxiaoxiang23Panshen24e2;0.3|bossxiaoxiang23Panshen24e2;0.3|bossxiaoxiang23Panshen24e2;,,,,,,12345,,,,1
bossxiaoxiang23Panshen24e2,3,1,0,0,,,,,,,,0,0.4,0,2,,12345,,,,1
bossxiaoxiang24Shuigui31e1,2,1,0,0,,,,,bossxiaoxiang24Shuigui31e2,1.5,,,,,,,12345,,,,1
bossxiaoxiang24Shuigui31e2,3,1,0,0,,,,,,,,1,1.2,0,3,,12345,,,,1
bossxiaoxiang24Shuigui32e1,2,1,1,0,,,,,bossxiaoxiang24Shuigui32e2,1.5,,,,,,,12345,,,,1
bossxiaoxiang24Shuigui32e2,4,1,1,0,,,,,,,,,,,,bossxiaoxiang24Shuigui32b1,12345,,,,1
bossxiaoxiang24Shuigui33e1,1,1,0,0,,,1,bossxiaoxiang24Shuigui33e2,,,"""""",,,,,,12345,,,,1
bossxiaoxiang24Shuigui33e2,2,1,0,0,,,,,bossxiaoxiang24Shuigui33e3,2.33,,,,,,,12345,,,,1
bossxiaoxiang24Shuigui33e3,3,1,0,0,,,,,,,,1,1,0,3,,12345,,,bossxiaoxiang24Shuigui33e4,1
bossxiaoxiang24Shuigui33e4,4,1,0,0,,,,,,,,,,,,debuffstunb1,12345,,,,1
bossxiaoxiang24Shuigui34e1,1,1,0,0,,,1,bossxiaoxiang24Shuigui34e2,,,"""""",,,,,,12345,,,,1
bossxiaoxiang24Shuigui34e2,2,1,0,0,,,,,bossxiaoxiang24Shuigui34e3,2.33,,,,,,,12345,,,,1
bossxiaoxiang24Shuigui34e3,3,1,0,0,,,,,,,,1,1,0,3,,12345,,,,1
bossxiaoxiang25Kairuisi51e1,2,1,0,0,,,,,bossxiaoxiang25Kairuisi51e2,1,,,,,,,12345,,,,1
bossxiaoxiang25Kairuisi51e2,3,1,0,0,,,,,,,,1,1.5,0,5,,12345,,,,1
bossxiaoxiang25Kairuisi52e1,2,1,0,0,,,,,bossxiaoxiang25Kairuisi52e2,1.5,,,,,,,12345,,,,1
bossxiaoxiang25Kairuisi52e2,3,1,0,0,,,,,,,,0,1,0,5,,12345,,,,1
bossxiaoxiang25Kairuisi53e1,1,1,0,0,,,1,bossxiaoxiang25Kairuisi53e2,,,"""""",,,,,,12345,,,,1
bossxiaoxiang25Kairuisi53e2,2,1,0,0,,,,,bossxiaoxiang25Kairuisi53e3,1,,,,,,,12345,,,,1
bossxiaoxiang25Kairuisi53e3,4,1,0,0,,,,,,,,,,,,bossxiaoxiang25Kairuisi53b1,12345,,,,1
bossxiaoxiang25Kairuisi54e1,2,1,0,0,,,,,bossxiaoxiang25Kairuisi54e2,2.5,,,,,,,12345,,,,1
bossxiaoxiang25Kairuisi54e2,3,1,0,0,,,,,,,,1,3,0,5,,12345,,,bossxiaoxiang25Kairuisi54e3,1
bossxiaoxiang25Kairuisi54e3,3,1,1,0,,,,,,,,1,1.5,1,5,,12345,,,,1
bossxiaoxiang25Kairuisi55e1,2,1,0,0,,,,,bossxiaoxiang25Kairuisi55e2,2.5,,,,,,,12345,,,,1
bossxiaoxiang25Kairuisi55e2,3,1,0,0,,,,,,,,1,3,0,5,,12345,,,,1
bossxiaoxiang26Longgongtongzi31e1,2,1,0,0,,,,,bossxiaoxiang26Longgongtongzi31e2,1,,,,,,,12345,,,,1
bossxiaoxiang26Longgongtongzi31e2,3,1,0,0,,,,,,,,1,1.5,0,3,,12345,,,,1
bossxiaoxiang26Longgongtongzi32e1,1,1,0,0,,,1,bossxiaoxiang26Longgongtongzi32e2,,,"""""",,,,,,12345,,,,1
bossxiaoxiang26Longgongtongzi32e2,2,1,0,0,,,,,bossxiaoxiang26Longgongtongzi32e3,1.5,,,,,,,12345,,,,1
bossxiaoxiang26Longgongtongzi32e3,3,1,0,0,,,,,,,,1,1,0,3,,12345,,,,1
bossxiaoxiang26Longgongtongzi33e1,0,1,1,0,"[""bossxiaoxiang26Longgongtongzi33e2"",""bossxiaoxiang26Longgongtongzi33e4""]",,,,,,,,,,,,12345,,,,1
bossxiaoxiang26Longgongtongzi33e2,4,1,1,0,,,,,,,,,,,,bossxiaoxiang26Longgongtongzi33b1,12345,,,,1
bossxiaoxiang26Longgongtongzi33e3,3,1,1,0,,,,,,,,1,0,1,3,,12345,,0.3,,1
bossxiaoxiang26Longgongtongzi33e4,4,1,1,0,,,,,,,,,,,,bossxiaoxiang26Longgongtongzi33b2,12345,,,,1
bossxiaoxiang26Longgongtongzi34e1,2,1,0,0,,,,,bossxiaoxiang26Longgongtongzi34e2,2.5,,,,,,,12345,,,,1
bossxiaoxiang26Longgongtongzi34e2,3,1,1,0,,,,,,,,1,0.8,1,3,,12345,,,bossxiaoxiang26Longgongtongzi34e3,1
bossxiaoxiang26Longgongtongzi34e3,4,1,0,0,,,,,,,,,,,,buffHotb1,12345,,,,1
bossxiaoxiang27Hetong21e1,1,1,0,0,,,1,bossxiaoxiang27Hetong21e2,,,"""""",,,,,,12345,,,,1
bossxiaoxiang27Hetong21e2,2,1,0,0,,,,,bossxiaoxiang27Hetong21e3,1,,,,,,,12345,,,,1
bossxiaoxiang27Hetong21e3,3,1,0,0,,,,,,,,1,0.6,0,2,,12345,,,,1
bossxiaoxiang27Hetong22e1,2,1,0,0,,,,,bossxiaoxiang27Hetong22e2,1.5,,,,,,,12345,,,,1
bossxiaoxiang27Hetong22e2,4,1,0,0,,,,,,,,,,,,magicdebuffPlantDotSlightb1,12345,,,,1
bossxiaoxiang27Hetong23e1,4,1,1,0,,,,,,,,,,,,bossxiaoxiang27Hetong23b2,12345,,,,1
bossxiaoxiang27Hetong23e2,2,1,1,0,,,,,bossxiaoxiang27Hetong23e3,1,,,,,,,12345,,,,1
bossxiaoxiang27Hetong23e3,4,1,1,0,,,,,,,,,,,,bossxiaoxiang27Hetong23b1,12345,,,,1
bossxiaoxiang27Hetong24e1,2,1,0,0,,,,,bossxiaoxiang27Hetong24e2,2.33,0|bossxiaoxiang27Hetong24e2;0.3|bossxiaoxiang27Hetong24e2;0.3|bossxiaoxiang27Hetong24e2;0.3|bossxiaoxiang27Hetong24e2;0.3|bossxiaoxiang27Hetong24e2;0.3|bossxiaoxiang27Hetong24e2;,,,,,,12345,,,,1
bossxiaoxiang27Hetong24e2,3,1,0,0,,,,,,,,1,0.4,0,2,,12345,,,,1
dispelPassivee1,6,1,1,0,,,,,,,,,,,,,12345,11,,,1
bossxiaoxiang28Muling21e1,2,1,0,0,,,,,bossxiaoxiang28Muling21e2,1.7,,,,,,,12345,,,,1
bossxiaoxiang28Muling21e2,3,1,0,0,,,,,,,,1,1.5,0,2,,12345,,,,1
bossxiaoxiang28Muling22e1,1,1,0,0,,,1,bossxiaoxiang28Muling22e2,,,"""""",,,,,,12345,,,,1
bossxiaoxiang28Muling22e2,2,1,0,0,,,,,bossxiaoxiang28Muling22e3,1.7,,,,,,,12345,,,,1
bossxiaoxiang28Muling22e3,3,1,0,0,,,,,,,,1,1,0,2,,12345,,,,1
bossxiaoxiang28Muling23e1,2,1,0,0,,,,,bossxiaoxiang28Muling23e2,1.7,,,,,,,12345,,,,1
bossxiaoxiang28Muling23e2,3,1,0,0,,,,,,,,1,1.5,0,2,,12345,,,bossxiaoxiang28Muling23e3,1
bossxiaoxiang28Muling23e3,4,1,0,0,,,,,,,,,,,,debuffstunb1,12345,,,,0.5
bossxiaoxiang28Muling24e1,1,1,0,0,,,1,bossxiaoxiang28Muling24e2,,,"""""",,,,,,12345,,,,1
bossxiaoxiang28Muling24e2,2,1,0,0,,,,,bossxiaoxiang28Muling24e3,0.35,0.35|bossxiaoxiang28Muling24e3;0.8|bossxiaoxiang28Muling24e3;,,,,,,12345,,,,1
bossxiaoxiang28Muling24e3,3,1,0,0,,,,,,,,1,0.65,0,2,,12345,,,,1
bossAmute1e1,2,1,0,0,,,,,bossAmute1e2,1.5,,,,,,,12345,,,,1
bossAmute1e2,3,1,0,0,,,,,,,,1,1.5,0,3,,12345,,,,1
bossAmute2e1,1,1,0,0,,,1,bossAmute2e2,,,"""""",,,,,,12345,,,,1
bossAmute2e2,2,1,0,0,,,,,bossAmute2e3,1,,,,,,,12345,,,,1
bossAmute2e3,3,1,0,0,,,,,,,,1,1,0,3,,12345,,,,1
bossAmute3e1,2,1,0,0,,,,,bossAmute3e2,1.5,,,,,,,12345,,,,1
bossAmute3e2,3,1,0,0,,,,,,,,1,1,0,3,,12345,,,,1
ultWendige3e1,5,1,0,0,,,,,,,IsEnemy|ultWendige3e3;Default|ultWendige3e2;,,,,,,12345,,,,1
ultWendige3e2,3,1,0,0,,,,,,,,0,0.115,0,3,,12345,,,ultWendige3e4,1
ultWendige3e3,2,1,0,0,,,,,ultWendige3Cast,0,2.33|ultWendige3e2;0.3|ultWendige3e2;0.3|ultWendige3e2;0.3|ultWendige3e2;0.3|ultWendige3e2;0.3|ultWendige3e2;,,,,,,12345,,,,1
ultWendige3e4,4,1,0,0,,,,,,,,,,,,physicdebuffWaterDotSlightb1,12345,,,,0.1
ultWendige3Cast,2,1,1,0,,,,,,,,,,,,,12345,,,,1
ultWendige2e1,5,1,0,0,,,,,,,IsEnemy|ultWendige2e3;Default|ultWendige2e2;,,,,,,12345,,,,1
ultWendige2e2,3,1,0,0,,,,,,,,0,0.115,0,2,,12345,,,ultWendige2e4,1
ultWendige2e3,2,1,0,0,,,,,ultWendige2Cast,0,2.33|ultWendige2e2;0.3|ultWendige2e2;0.3|ultWendige2e2;0.3|ultWendige2e2;0.3|ultWendige2e2;0.3|ultWendige2e2;,,,,,,12345,,,,1
ultWendige2e4,4,1,0,0,,,,,,,,,,,,physicdebuffPlantDotSlightb1,12345,,,,0.1
ultWendige2Cast,2,1,1,0,,,,,,,,,,,,,12345,,,,1
ultLongnv3e1,1,1,0,0,,,1,ultLongnv3e2,,,"""""",,,,,,12345,,,,1
ultLongnv3e2,2,1,0,0,,,,,ultLongnv3e3,0,,,,,,,12345,,,,1
ultLongnv3e3,3,1,0,0,,,,,,,,1,1,0,3,,12345,,,ultLongnv3e4,1
ultLongnv3e4,4,1,0,0,,,,,,,,,,,,magicdebuffWaterDotSlightb1,12345,,,,0.24
ultMomo1e1,1,1,0,0,,,0,ultMomo1e2,,,"""""",,,,,,12345,,,,1
ultMomo1e2,2,1,0,0,,,,,ultMomo1e3,0,,,,,,,12345,,,,1
ultMomo1e3,3,1,0,0,,,,,,,,1,0.45,1,1,,12345,,,ultMomo1e4,1
ultMomo1e4,4,1,0,0,,,,,,,,,,,,ultMomo1b1,12345,,,,0.45
ultAmute3e1,1,1,0,0,,,0,ultAmute3e2,,,"""""",,,,,,12345,,,,1
ultAmute3e2,2,1,0,0,,,,,ultAmute3e3,0,,,,,,,12345,,,,1
ultAmute3e3,0,1,0,0,"[""ultAmute3e4"",""ultAmute3e5""]",,,,,,,,,,,,12345,,,,1
ultAmute3e4,4,1,0,0,,,,,,,,,,,,ultAmute3b1,12345,,,,1
ultAmute3e5,4,1,0,0,,,,,,,,,,,,ultAmute3b2,12345,,,,1
ultLuoxinfu5e1,1,1,0,0,,,1,ultLuoxinfu5e2,,,"""""",,,,,,12345,,,,1
ultLuoxinfu5e2,2,1,0,0,,,,,ultLuoxinfu5e3,0,,,,,,,12345,,,,1
ultLuoxinfu5e3,4,1,0,0,,,,,,,,,,,,magicdebuffEarthDotSlightb1,12345,,,,1
ultSaibulesi5e1,5,1,0,0,,,,,,,IsEnemy|ultSaibulesi5e3;Default|ultSaibulesi5e2;,,,,,,12345,,,,1
ultSaibulesi5e2,3,1,0,0,,,,,,,,1,0.175,0,5,,12345,,,,1
ultSaibulesi5e3,2,1,0,0,,,,,ultSaibulesi5Cast,0,2.33|ultSaibulesi5e2;0.3|ultSaibulesi5e2;0.3|ultSaibulesi5e2;0.3|ultSaibulesi5e2;0.3|ultSaibulesi5e2;0.3|ultSaibulesi5e2;,,,,,,12345,,,,1
ultSaibulesi5Cast,2,1,1,0,,,,,,,,,,,,,12345,,,,1
ultHongniu4e1,5,1,0,0,,,,,,,IsEnemy|ultHongniu4e3;Default|ultHongniu4e2;,,,,,,12345,,,,1
ultHongniu4e2,3,1,0,0,,,,,,,,0,0.13,0,4,,12345,,,ultHongniu4e4,1
ultHongniu4e3,2,1,0,0,,,,,ultHongniu4Cast,0,2.33|ultHongniu4e2;0.3|ultHongniu4e2;0.3|ultHongniu4e2;0.3|ultHongniu4e2;0.3|ultHongniu4e2;0.3|ultHongniu4e2;,,,,,,12345,,,,1
ultHongniu4e4,4,1,0,0,,,,,,,,,,,,buffTauntb1,12345,,,,0.1
ultHongniu4Cast,2,1,1,0,,,,,,,,,,,,,12345,,,,1
ultAnpusha5e1,2,1,0,0,,,,,ultAnpusha5e2,0,,,,,,,12345,,,,1
ultAnpusha5e2,0,1,0,0,"[""ultAnpusha5e3"",""ultAnpusha5e4"",""ultAnpusha5e6""]",,,,,,,,,,,,12345,,,,1
ultAnpusha5e3,4,1,0,0,,,,,,,,,,,,debuffAttackb1,12345,,,,1
ultAnpusha5e4,4,1,0,0,,,,,,,,,,,,debuffMagicb1,12345,,,,1
ultAnpusha5e5,4,1,0,0,,,,,,,,,,,,debuffSpeedb1,12345,,,,1
ultAnpusha5e6,4,1,0,0,,,,,,,,,,,,debuffDefenseb1,12345,,,,1
ultDaochengsizhong4e1,1,1,0,0,,,1,ultDaochengsizhong4e2,,,"""""",,,,,,12345,,,,1
ultDaochengsizhong4e2,2,1,0,0,,,,,ultDaochengsizhong4e3,0,,,,,,,12345,,,,1
ultDaochengsizhong4e3,3,1,0,0,,,,,,,,1,1,0,4,,12345,,,ultDaochengsizhong4e4,1
ultDaochengsizhong4e4,4,1,0,0,,,,,,,,,,,,debuffstunb1,12345,,,,0.3
ultHuoniao4e1,1,1,0,0,,,1,ultHuoniao4e2,,,"""""",,,,,,12345,,,,1
ultHuoniao4e2,2,1,0,0,,,,,ultHuoniao4e3,0,,,,,,,12345,,,,1
ultHuoniao4e3,0,1,0,0,"[""ultHuoniao4e4"",""ultHuoniao4e5""]",,,,,,,,,,,,12345,,,,1
ultHuoniao4e4,3,1,0,0,,,,,,,,1,0.3,0,4,,12345,,,,1
ultHuoniao4e5,4,1,0,0,,,,,,,,,,,,debuffSpeedb1,12345,,,,1
ultIfrit4e1,1,1,0,0,,,1,ultIfrit4e2,,,"""""",,,,,,12345,,,,1
ultIfrit4e2,2,1,0,0,,,,,ultIfrit4e3,0,,,,,,,12345,,,,1
ultIfrit4e3,3,1,0,0,,,,,,,,1,1.15,0,4,,12345,,,ultIfrit4e4,1
ultIfrit4e4,0,1,1,0,"[""dispelNegativee2"",""dispelNegativee3"",""dispelNegativee4"",""dispelNegativee5"",""dispelNegativee6""]",,,,,,,,,,,,12345,,,,0.5
ultMoguguai4e1,1,1,0,0,,,1,ultMoguguai4e2,,,"""""",,,,,,12345,,,,1
ultMoguguai4e2,2,1,0,0,,,,,ultMoguguai4e3,0,,,,,,,12345,,,,1
ultMoguguai4e3,3,1,0,0,,,,,,,,1,1.3,0,4,,12345,,,,1
ultSaibulesi4e1,5,1,0,0,,,,,,,IsEnemy|ultSaibulesi4e3;Default|ultSaibulesi4e2;,,,,,,12345,,,,1
ultSaibulesi4e2,3,1,0,0,,,,,,,,1,0.175,0,4,,12345,,,,1
ultSaibulesi4e3,2,1,0,0,,,,,ultSaibulesi4Cast,0,2.33|ultSaibulesi4e2;0.3|ultSaibulesi4e2;0.3|ultSaibulesi4e2;0.3|ultSaibulesi4e2;0.3|ultSaibulesi4e2;0.3|ultSaibulesi4e2;,,,,,,12345,,,,1
ultSaibulesi4Cast,2,1,1,0,,,,,,,,,,,,,12345,,,,1
ultTianshizhang4e1,1,1,0,0,,,0,ultTianshizhang4e2,,,"""""",,,,,,12345,,,,1
ultTianshizhang4e2,2,1,0,0,,,,,ultTianshizhang4e3,0,,,,,,,12345,,,,1
ultTianshizhang4e3,3,1,0,0,,,,,,,,1,0.4,1,4,,12345,,,ultTianshizhang4e4,1
ultTianshizhang4e4,0,1,0,0,"[""ultTianshizhang4e5"",""ultTianshizhang4e6""]",,,,,,,,,,,,12345,,,,0.8
ultTianshizhang4e5,4,1,0,0,,,,,,,,,,,,ultTianshizhang4b1,12345,,,,1
ultTianshizhang4e6,4,1,0,0,,,,,,,,,,,,ultTianshizhang4b2,12345,,,,1
ultXiaochou2e1,1,1,0,0,,,1,ultXiaochou2e2,,,"""""",,,,,,12345,,,,1
ultXiaochou2e2,2,1,0,0,,,,,ultXiaochou2e3,0,,,,,,,12345,,,,1
ultXiaochou2e3,3,1,0,0,,,,,,,,1,1.3,0,2,,12345,,,,1
psvXiaochou2e1,4,1,1,0,,,,,,,,,,,,psvMagicb1,12345,,,,1
psvWendige3e1,4,1,1,0,,,,,,,,,,,,psvWendige3b1,12345,,,,1
psvWendige3e2,1,1,0,0,,,1,psvWendige3e3,,,"""""",,,,,,12345,,,,1
psvWendige3e3,2,1,0,0,,,,,psvWendige3e4,0,,,,,,,12345,,,,1
psvWendige3e4,4,1,0,0,,,,,,,,,,,,physicdebuffWaterDotSlightb1,12345,,,,1
psvWendige2e1,4,1,1,0,,,,,,,,,,,,psvWendige2b1,12345,,,,1
psvWendige2e2,1,1,0,0,,,1,psvWendige2e3,,,"""""",,,,,,12345,,,,1
psvWendige2e3,2,1,0,0,,,,,psvWendige2e4,0,,,,,,,12345,,,,1
psvWendige2e4,4,1,0,0,,,,,,,,,,,,physicdebuffPlantDotSlightb1,12345,,,,1
psvLongnv3e1,1,1,0,0,,,1,psvLongnv3e2,,,"""""",,,,,,12345,,,,1
psvLongnv3e2,2,1,0,0,,,,,psvLongnv3e3,0.5,,,,,,,12345,,,,1
psvLongnv3e3,4,1,0,0,,,,,,,,,,,,psvLongnv3b1,12345,,,,1
psvMomo1e1,4,1,1,0,,,,,,,,,,,,psvMomo1b1,12345,,,,1
psvAmute3e1,0,1,1,0,"[""psvAmute3e2"",""psvAmute3e3""]",,,,,,,,,,,,12345,,,,1
psvAmute3e2,4,1,1,0,,,,,,,,,,,,psvAmute3b1,12345,,,,1
psvAmute3e3,4,1,1,0,,,,,,,,,,,,psvAmute3b2,12345,,,,1
psvAmute3e4,4,1,0,0,,,,,,,,,,,,buffTauntb1,12345,,,,1
psvAmute3e5,3,1,1,0,,,,,,,,1,0,1,3,,12345,,0.2,,1
psvLuoxinfu5e1,4,1,1,0,,,,,,,,,,,,psvLuoxinfu5b1,12345,,,,1
psvLuoxinfu5e2,3,1,0,0,,,,,,,,1,0.5,0,5,,12345,,,,1
psvSaibulesi5e1,4,1,1,0,,,,,,,,,,,,psvSaibulesi5b1,12345,,,,1
psvHongniu4e1,0,1,1,0,"[""psvHongniu4e2"",""psvHongniu4e3""]",,,,,,,,,,,,12345,,,,1
psvHongniu4e2,4,1,1,0,,,,,,,,,,,,psvHongniu4b1,12345,,,,1
psvHongniu4e3,4,1,1,0,,,,,,,,,,,,psvHongniu4b2,12345,,,,1
psvHongniu4e4,4,1,0,0,,,,,,,,,,,,buffTauntb1,12345,,,,1
psvHongniu4e5,0,1,1,0,"[""psvHongniu4e6"",""psvHongniu4e7""]",,,,,,,,,,,,12345,,,,1
psvHongniu4e6,4,1,1,0,,,,,,,,,,,,psvHongniu4b3,12345,,,,1
psvHongniu4e7,4,1,1,0,,,,,,,,,,,,psvHongniu4b4,12345,,,,1
psvAnpusha5e1,4,1,1,0,,,,,,,,,,,,psvAnpusha5b1,12345,,,,1
psvDaochengsizhong4e1,4,1,1,0,,,,,,,,,,,,psvDaochengsizhong4b1,12345,,,,1
psvDaochengsizhong4e2,4,1,0,0,,,,,,,,,,,,debuffstunb1,12345,,,,1
psvHuoniao4e1,4,1,1,0,,,,,,,,,,,,psvHuoniao4b1,12345,,,,1
psvHuoniao4e2,3,1,1,0,,,,,,,,1,0,1,4,,12345,,0.2,,1
psvIfrit4e1,4,1,1,0,,,,,,,,,,,,psvIfrit4b1,12345,,,,1
psvMoguguai4e1,4,1,1,0,,,,,,,,,,,,psvMoguguai4b1,12345,,,,1
psvSaibulesi4e1,4,1,1,0,,,,,,,,,,,,psvSaibulesi4b1,12345,,,,1
psvTianshizhang4e1,4,1,1,0,,,,,,,,,,,,psvTianshizhang4b1,12345,,,,1
bosssenlin31Wendige21e1,2,1,0,0,,,,,bosssenlin31Wendige21e2,1.5,"""""",,,,,,12345,,,,1
bosssenlin31Wendige21e2,3,1,0,0,,,,,,,,0,1,0,2,,12345,,,physicdebuffPlantDotMediume2,1
bosssenlin31Wendige22e1,2,1,0,0,,,,,bosssenlin31Wendige22e2,1.5,"""""",,,,,,12345,,,,1
bosssenlin31Wendige22e2,3,1,0,0,,,,,,,,0,1,0,2,,12345,,,,1
bosssenlin31Wendige23e1,2,1,0,0,,,,,bosssenlin31Wendige23e2,2.5,"""""",,,,,,12345,,,,1
bosssenlin31Wendige23e2,3,1,0,0,,,,,,,,0,2,0,2,,12345,,,bosssenlin31Wendige23e3,1
bosssenlin31Wendige23e3,3,1,1,0,,,,,,,,1,1,1,2,,12345,,,,1
bosssenlin32Longnv31e1,2,1,0,0,,,,,bosssenlin32Longnv31e2,1,"""""",,,,,,12345,,,,1
bosssenlin32Longnv31e2,3,1,0,0,,,,,,,,1,1,0,3,,12345,,,,1
bosssenlin32Longnv32e1,1,1,0,0,,,1,bosssenlin32Longnv32e2,,,"""""",,,,,,12345,,,,1
bosssenlin32Longnv32e2,2,1,0,0,,,,,bosssenlin32Longnv32e3,1.5,,,,,,,12345,,,,1
bosssenlin32Longnv32e3,3,1,0,0,,,,,,,,1,0.6,0,3,,12345,,,,1
bosssenlin32Longnv33e1,1,1,0,0,,,1,bosssenlin32Longnv33e2,,,"""""",,,,,,12345,,,,1
bosssenlin32Longnv33e2,2,1,0,0,,,,,bosssenlin32Longnv33e3,2.5,,,,,,,12345,,,,1
bosssenlin32Longnv33e3,3,1,0,0,,,,,,,,1,1.5,0,3,,12345,,,bosssenlin32Longnv33e4,1
bosssenlin32Longnv33e4,4,1,0,0,,,,,,,,,,,,debuffSpeedb1,12345,,,,0.5
bosssenlin32Longnv34e1,2,1,1,0,,,,,bosssenlin32Longnv34e2,0,,,,,,,12345,,,,1
bosssenlin32Longnv34e2,0,1,1,0,"[""bosssenlin32Longnv34e3"",""bosssenlin32Longnv34e4""]",,,,,,,,,,,,12345,,,,1
bosssenlin32Longnv34e3,4,1,1,0,,,,,,,,,,,,bosssenlin32Longnv34b1,12345,,,,1
bosssenlin32Longnv34e4,4,1,1,0,,,,,,,,,,,,bosssenlin32Longnv34b2,12345,,,,1
bosssenlin32Longnv35e1,4,1,1,0,,,,,,,,,,,,bosssenlin32Longnv35b1,12345,,,,1
bosssenlin32Longnv35e2,0,1,1,0,"[""bosssenlin32Longnv35e3"",""bosssenlin32Longnv35e4""]",,,,,,,,,,,,12345,,,,1
bosssenlin32Longnv35e3,6,1,1,0,,,,,,,,,,,,,12345,7,,,1
bosssenlin32Longnv35e4,6,1,1,0,,,,,,,,,,,,,12345,8,,,1
bosssenlin33Luoxinfu51e1,2,1,0,0,,,,,bosssenlin33Luoxinfu51e2,0.5,,,,,,,12345,,,,1
bosssenlin33Luoxinfu51e2,3,1,0,0,,,,,,,,1,1,0,5,,12345,,,bosssenlin33Luoxinfu51e3,1
bosssenlin33Luoxinfu51e3,4,1,0,0,,,,,,,,,,,,magicdebuffEarthDotMediumb1,12345,,,,0.5
bosssenlin33Luoxinfu52e1,2,1,0,0,,,,,bosssenlin33Luoxinfu52e2,0.5,0|bosssenlin33Luoxinfu52e2;0.3|bosssenlin33Luoxinfu52e2;0.3|bosssenlin33Luoxinfu52e2;0.3|bosssenlin33Luoxinfu52e2;0.3|bosssenlin33Luoxinfu52e2;,,,,,,12345,,,,1
bosssenlin33Luoxinfu52e2,3,1,0,0,,,,,,,,1,0.4,0,5,,12345,,,bosssenlin33Luoxinfu52e3,1
bosssenlin33Luoxinfu52e3,4,1,0,0,,,,,,,,,,,,magicdebuffEarthDotStrongb1,12345,,,,0.2
bosssenlin33Luoxinfu53e1,2,1,0,0,,,,,bosssenlin33Luoxinfu52e2,0.5,0|bosssenlin33Luoxinfu52e2;0.3|bosssenlin33Luoxinfu52e2;0.3|bosssenlin33Luoxinfu52e2;0.3|bosssenlin33Luoxinfu52e2;,,,,,,12345,,,,1
bosssenlin33Luoxinfu54e1,2,1,0,0,,,,,bosssenlin33Luoxinfu52e2,0.5,0|bosssenlin33Luoxinfu52e2;0.3|bosssenlin33Luoxinfu52e2;0.3|bosssenlin33Luoxinfu52e2;,,,,,,12345,,,,1
bosssenlin33Luoxinfu55e1,2,1,0,0,,,,,bosssenlin33Luoxinfu52e2,0.5,0|bosssenlin33Luoxinfu52e2;0.3|bosssenlin33Luoxinfu52e2;,,,,,,12345,,,,1
bosssenlin33Luoxinfu56e1,2,1,0,0,,,,,bosssenlin33Luoxinfu52e2,0.5,0|bosssenlin33Luoxinfu52e2;,,,,,,12345,,,,1
bosssenlin34Amute31e1,2,1,0,0,,,,,bosssenlin34Amute31e2,1,,,,,,,12345,,,,1
bosssenlin34Amute31e2,3,1,0,0,,,,,,,,1,1,0,3,,12345,,,,1
bosssenlin34Amute32e1,4,1,1,0,,,,,,,,,,,,bosssenlin34Amute32b2,12345,,,,1
bosssenlin34Amute32e2,2,1,1,0,,,,,bosssenlin34Amute32e3,1,,,,,,,12345,,,,1
bosssenlin34Amute32e3,4,1,1,0,,,,,,,,,,,,bosssenlin34Amute32b1,12345,,,,1
bosssenlin34Amute33e1,1,1,0,0,,,1,bosssenlin34Amute33e2,,,"""""",,,,,,12345,,,,1
bosssenlin34Amute33e2,2,1,0,0,,,,,bosssenlin34Amute33e3,1.5,,,,,,,12345,,,,1
bosssenlin34Amute33e3,3,1,0,0,,,,,,,,1,0.6,0,3,,12345,,,,1
bosssenlin34Amute34e1,2,1,1,0,,,,,bosssenlin34Amute34e2,1.5,,,,,,,12345,,,,1
bosssenlin34Amute34e2,0,1,1,0,"[""bosssenlin34Amute34e3"",""bosssenlin34Amute34e4""]",,,,,,,,,,,,12345,,,,1
bosssenlin34Amute34e3,4,1,1,0,,,,,,,,,,,,bosssenlin34Amute34b1,12345,,,,1
bosssenlin34Amute34e4,4,1,1,0,,,,,,,,,,,,bosssenlin34Amute34b2,12345,,,,1
bosssenlin35Xiaochou21e1,2,1,0,0,,,,,bosssenlin35Xiaochou21e2,1.5,,,,,,,12345,,,,1
bosssenlin35Xiaochou21e2,3,1,0,0,,,,,,,,1,1,0,2,,12345,,,,1
bosssenlin35Xiaochou22e1,2,1,0,0,,,,,bosssenlin35Xiaochou22e2,1.5,,,,,,,12345,,,,1
bosssenlin35Xiaochou22e2,3,1,0,0,,,,,,,,1,0.5,0,2,,12345,,,,1
bosssenlin35Xiaochou23e1,1,1,0,0,,,1,bosssenlin35Xiaochou23e2,,,"""""",,,,,,12345,,,,1
bosssenlin35Xiaochou23e2,2,1,0,0,,,,,bosssenlin35Xiaochou23e3,1.5,,,,,,,12345,,,,1
bosssenlin35Xiaochou23e3,3,1,0,0,,,,,,,,1,0.6,0,2,,12345,,,,1
bosssenlin35Xiaochou24e1,1,1,0,0,,,1,bosssenlin35Xiaochou24e2,,,"""""",,,,,,12345,,,,1
bosssenlin35Xiaochou24e2,2,1,0,0,,,,,bosssenlin35Xiaochou24e3,2.5,,,,,,,12345,,,,1
bosssenlin35Xiaochou24e3,3,1,0,0,,,,,,,,1,1.2,0,2,,12345,,,,1
bosssenlin35Xiaochou25e1,2,1,0,0,,,,,bosssenlin35Xiaochou25e2,2.5,,,,,,,12345,,,,1
bosssenlin35Xiaochou25e2,3,1,0,0,,,,,,,,1,1.2,0,2,,12345,,,,1
bosssenlin36Momo11e1,2,1,0,0,,,,,bosssenlin36Momo11e2,1,,,,,,,12345,,,,1
bosssenlin36Momo11e2,3,1,0,0,,,,,,,,1,1,0,1,,12345,,,,1
bosssenlin36Momo12e1,2,1,1,0,,,,,bosssenlin36Momo12e2,1.5,,,,,,,12345,,,,1
bosssenlin36Momo12e2,3,1,1,0,,,,,,,,1,0.75,1,1,,12345,,,,1
bosssenlin36Momo13e1,0,1,0,0,"[""bosssenlin36Momo13e2"",""bosssenlin36Momo13e5""]",,,,,,,,,,,,12345,,,,1
bosssenlin36Momo13e2,1,1,0,0,,,1,bosssenlin36Momo13e3,,,"""""",,,,,,12345,,,,1
bosssenlin36Momo13e3,2,1,0,0,,,,,bosssenlin36Momo13e4,2.5,,,,,,,12345,,,,1
bosssenlin36Momo13e4,3,1,0,0,,,,,,,,1,1.5,0,1,,12345,,,,1
bosssenlin36Momo13e5,2,1,1,0,,,,,bosssenlin36Momo13e6,2.5,,,,,,,12345,,,,1
bosssenlin36Momo13e6,4,1,1,0,,,,,,,,,,,,debuffstunb1,12345,,,,1
bosssenlin36Momo14e1,0,1,1,0,"[""bosssenlin36Momo14e2"",""bosssenlin36Momo14e3""]",,,,,,,,,,,,12345,,,,1
bosssenlin36Momo14e2,4,1,1,0,,,,,,,,,,,,bosssenlin36Momo14b2,12345,,,,1
bosssenlin36Momo14e3,4,1,1,0,,,,,,,,,,,,bosssenlin36Momo14b1,12345,,,,1
bosssenlin36Momo14e4,3,1,0,0,,,,,,,,1,0.3,0,1,,12345,,,,1
bosssenlin37Hapi11e1,4,1,1,0,,,,,,,,,,,,bosssenlin37Hapi11b1,12345,,,,1
bosssenlin37Hapi11e2,3,1,1,0,,,,,,,,1,0.25,1,1,,12345,,,,1
bosssenlin37Hapi12e1,2,1,0,0,,,,,bosssenlin37Hapi12e2,1,,,,,,,12345,,,,1
bosssenlin37Hapi12e2,3,1,0,0,,,,,,,,0,1,0,1,,12345,,,,1
bosssenlin37Hapi13e1,2,1,1,0,,,,,bosssenlin37Hapi13e2,1.5,,,,,,,12345,,,,1
bosssenlin37Hapi13e2,4,1,1,0,,,,,,,,,,,,bosssenlin37Hapi13b1,12345,,,,1
bosssenlin37Hapi14e1,2,1,1,0,,,,,bosssenlin37Hapi14e2,1.5,,,,,,,12345,,,,1
bosssenlin37Hapi14e2,4,1,1,0,,,,,,,,,,,,bosssenlin37Hapi14b1,12345,,,,1
bosssenlin37Hapi15e1,1,1,0,0,,,1,bosssenlin37Hapi15e2,,,"""""",,,,,,12345,,,,1
bosssenlin37Hapi15e2,2,1,0,0,,,,,bosssenlin37Hapi15e3,4,,,,,,,12345,,,,1
bosssenlin37Hapi15e3,3,1,0,0,,,,,,,,1,1.2,0,1,,12345,,,,1
bosshuoshan41Hongniu41e1,2,1,0,0,,,,,bosshuoshan41Hongniu41e2,1,,,,,,,12345,,,,1
bosshuoshan41Hongniu41e2,3,1,0,0,,,,,,,,0,1.8,0,4,,12345,,,,1
bosshuoshan41Hongniu42e1,2,1,0,0,,,,,bosshuoshan41Hongniu42e2,1,,,,,,,12345,,,,1
bosshuoshan41Hongniu42e2,3,1,0,0,,,,,,,,0,1.2,0,4,,12345,,,,1
bosshuoshan41Hongniu43e1,2,1,0,0,,,,,bosshuoshan41Hongniu43e2,1,,,,,,,12345,,,,1
bosshuoshan41Hongniu43e2,3,1,0,0,,,,,,,,0,0.6,0,4,,12345,,,,1
bosshuoshan41Hongniu44e1,2,1,0,0,,,,,bosshuoshan41Hongniu44e2,2.33,0|bosshuoshan41Hongniu44e2;0.3|bosshuoshan41Hongniu44e2;0.3|bosshuoshan41Hongniu44e2;0.3|bosshuoshan41Hongniu44e2;0.3|bosshuoshan41Hongniu44e2;,,,,,,12345,,,,1
bosshuoshan41Hongniu44e2,3,1,0,0,,,,,,,,0,0.4,0,4,,12345,,,,1
bosshuoshan42Daochengsizhong41e1,4,1,1,0,,,,,,,,,,,,bosshuoshan42Daochengsizhong41b1,12345,,,,1
bosshuoshan42Daochengsizhong41e2,4,1,0,0,,,,,,,,,,,,debuffstunb1,12345,,,,1
bosshuoshan42Daochengsizhong42e1,2,1,0,0,,,,,bosshuoshan42Daochengsizhong42e2,1.5,,,,,,,12345,,,,1
bosshuoshan42Daochengsizhong42e2,3,1,0,0,,,,,,,,1,1,0,4,,12345,,,,1
bosshuoshan42Daochengsizhong43e1,1,1,0,0,,,1,bosshuoshan42Daochengsizhong43e2,,,"""""",,,,,,12345,,,,1
bosshuoshan42Daochengsizhong43e2,2,1,0,0,,,,,bosshuoshan42Daochengsizhong43e3,2.5,,,,,,,12345,,,,1
bosshuoshan42Daochengsizhong43e3,3,1,0,0,,,,,,,,1,1,0,4,,12345,,,bosshuoshan42Daochengsizhong43e4,1
bosshuoshan42Daochengsizhong43e4,4,1,0,0,,,,,,,,,,,,debuffstunb1,12345,,,,0.2
bosshuoshan42Daochengsizhong44e1,1,1,0,0,,,1,bosshuoshan42Daochengsizhong44e2,,,"""""",,,,,,12345,,,,1
bosshuoshan42Daochengsizhong44e2,2,1,0,0,,,,,bosshuoshan42Daochengsizhong44e3,2.5,,,,,,,12345,,,,1
bosshuoshan42Daochengsizhong44e3,3,1,0,0,,,,,,,,1,1,0,4,,12345,,,,1
bosshuoshan43Huoniao41e1,2,1,0,0,,,,,bosshuoshan43Huoniao41e2,1,,,,,,,12345,,,,1
bosshuoshan43Huoniao41e2,3,1,0,0,,,,,,,,1,1,0,4,,12345,,,,1
bosshuoshan43Huoniao42e1,2,1,0,0,,,,,bosshuoshan43Huoniao42e2,1.5,,,,,,,12345,,,,1
bosshuoshan43Huoniao42e2,1,1,0,0,,,1,bosshuoshan43Huoniao42e3,,,"""""",,,,,,12345,,,,1
bosshuoshan43Huoniao42e3,0,1,0,0,"[""bosshuoshan43Huoniao42e4"",""bosshuoshan43Huoniao42e5""]",,,,,,,,,,,,12345,,,,1
bosshuoshan43Huoniao42e4,4,1,0,0,,,,,,,,,,,,bosshuoshan43Huoniao42b1,12345,,,,1
bosshuoshan43Huoniao42e5,4,1,0,0,,,,,,,,,,,,bosshuoshan43Huoniao42b2,12345,,,,1
bosshuoshan43Huoniao42e6,3,1,0,0,,,,,,,,1,0.2,0,4,,12345,,,,1
bosshuoshan43Huoniao43e1,1,1,0,0,,,1,bosshuoshan43Huoniao43e2,,,"""""",,,,,,12345,,,,1
bosshuoshan43Huoniao43e2,2,1,0,0,,,,,bosshuoshan43Huoniao43e3,2.8,,,,,,,12345,,,,1
bosshuoshan43Huoniao43e3,3,1,0,0,,,,,,,,1,1,0,4,,12345,,,dispelBeneficiale1,1
bosshuoshan43Huoniao44e1,2,1,1,0,,,,,bosshuoshan43Huoniao44e2,1,,,,,,,12345,,,,1
bosshuoshan43Huoniao44e2,3,1,1,0,,,,,,,,1,10,1,4,,12345,,,,1
bosshuoshan44Datiangou41e1,2,1,0,0,,,,,bosshuoshan44Datiangou41e2,1,,,,,,,12345,,,,1
bosshuoshan44Datiangou41e2,3,1,0,0,,,,,,,,0,0.8,0,4,,12345,,,,1
bosshuoshan44Datiangou42e1,2,1,0,0,,,,,bosshuoshan44Datiangou42e2,1.5,,,,,,,12345,,,,1
bosshuoshan44Datiangou42e2,3,1,0,0,,,,,,,,1,1,0,4,,12345,,,,1
bosshuoshan44Datiangou43e1,2,1,1,0,,,,,bosshuoshan44Datiangou43e2,1,,,,,,,12345,,,,1
bosshuoshan44Datiangou43e2,4,1,1,0,,,,,,,,,,,,bosshuoshan44Datiangou43b1,12345,,,,1
bosshuoshan44Datiangou44e1,5,1,0,0,,,,,,,ContainsBeneficialBuff|bosshuoshan44Datiangou44e2;Default|bosshuoshan44Datiangou44e4;,,,,,,12345,,,,1
bosshuoshan44Datiangou44e2,2,1,0,0,,,,,bosshuoshan44Datiangou44e3,2.6,0|bosshuoshan44Datiangou44e3;0.3|bosshuoshan44Datiangou44e3;,,,,,,12345,,,,1
bosshuoshan44Datiangou44e3,3,1,0,0,,,,,,,,1,1.2,0,4,,12345,,,,1
bosshuoshan44Datiangou44e4,2,1,0,0,,,,,bosshuoshan44Datiangou44e5,2.6,0|bosshuoshan44Datiangou44e5;0.3|bosshuoshan44Datiangou44e5;,,,,,,12345,,,,1
bosshuoshan44Datiangou44e5,3,1,0,0,,,,,,,,1,0.6,0,4,,12345,,,,1
bosshuoshan45Saibulesi41e1,2,1,0,0,,,,,bosshuoshan45Saibulesi41e2,1,,,,,,,12345,,,,1
bosshuoshan45Saibulesi41e2,3,1,0,0,,,,,,,,0,1,0,4,,12345,,,,1
bosshuoshan45Saibulesi42e1,1,1,0,0,,,1,bosshuoshan45Saibulesi42e2,,,"""""",,,,,,12345,,,,1
bosshuoshan45Saibulesi42e2,2,1,0,0,,,,,bosshuoshan45Saibulesi42e3,2,,,,,,,12345,,,,1
bosshuoshan45Saibulesi42e3,3,1,0,0,,,,,,,,1,0.4,0,4,,12345,,,bosshuoshan45Saibulesi42e4,1
bosshuoshan45Saibulesi42e4,4,1,0,0,,,,,,,,,,,,magicdebuffFireDotMediumb1,12345,,,,0.5
bosshuoshan45Saibulesi43e1,2,1,0,0,,,,,bosshuoshan45Saibulesi43e2,2.33,0.3|bosshuoshan45Saibulesi43e2;0.3|bosshuoshan45Saibulesi43e2;,,,,,,12345,,,,1
bosshuoshan45Saibulesi43e2,3,1,0,0,,,,,,,,1,0.8,0,4,,12345,,,,1
bosshuoshan45Saibulesi44e1,2,1,0,0,,,,,bosshuoshan45Saibulesi43e2,2.33,0.3|bosshuoshan45Saibulesi43e2;,,,,,,12345,,,,1
bosshuoshan45Saibulesi45e1,2,1,0,0,,,,,bosshuoshan45Saibulesi43e2,2.33,,,,,,,12345,,,,1
bosshuoshan46Tianshizhang41e1,0,1,0,0,"[""bosshuoshan46Tianshizhang41e2"",""bosshuoshan46Tianshizhang41e5""]",,,,,,,,,,,,12345,,,,1
bosshuoshan46Tianshizhang41e2,1,1,0,0,,,1,bosshuoshan46Tianshizhang41e3,,,"""""",,,,,,12345,,,,1
bosshuoshan46Tianshizhang41e3,2,1,0,0,,,,,bosshuoshan46Tianshizhang41e4,1.2,,,,,,,12345,,,,1
bosshuoshan46Tianshizhang41e4,3,1,0,0,,,,,,,,1,0.6,0,4,,12345,,,,1
bosshuoshan46Tianshizhang41e5,2,1,1,0,,,,,bosshuoshan46Tianshizhang41e6,1.2,,,,,,,12345,,,,1
bosshuoshan46Tianshizhang41e6,3,1,1,0,,,,,,,,1,0.5,1,4,,12345,,,,1
bosshuoshan46Tianshizhang42e1,1,1,0,0,,,1,bosshuoshan46Tianshizhang42e2,,,"""""",,,,,,12345,,,,1
bosshuoshan46Tianshizhang42e2,2,1,0,0,,,,,bosshuoshan46Tianshizhang42e3,1.2,,,,,,,12345,,,,1
bosshuoshan46Tianshizhang42e3,3,1,0,0,,,,,,,,1,0.6,0,4,,12345,,,,1
bosshuoshan46Tianshizhang43e1,2,1,1,0,,,,,bosshuoshan46Tianshizhang43e2,2.5,,,,,,,12345,,,,1
bosshuoshan46Tianshizhang43e2,3,1,1,0,,,,,,,,1,0.5,1,4,,12345,,,bosshuoshan46Tianshizhang43e3,1
bosshuoshan46Tianshizhang43e3,4,1,1,0,,,,,,,,,,,,bosshuoshan46Tianshizhang43b1,12345,,,,1
bosshuoshan46Tianshizhang44e1,2,1,1,0,,,,,bosshuoshan46Tianshizhang44e2,2.5,,,,,,,12345,,,,1
bosshuoshan46Tianshizhang44e2,3,1,1,0,,,,,,,,1,0.5,1,4,,12345,,,bosshuoshan46Tianshizhang44e3,1
bosshuoshan46Tianshizhang44e3,4,1,1,0,,,,,,,,,,,,bosshuoshan46Tianshizhang44b1,12345,,,,1
bosshuoshan46Tianshizhang45e1,2,1,1,0,,,,,bosshuoshan46Tianshizhang45e2,2.5,,,,,,,12345,,,,1
bosshuoshan46Tianshizhang45e2,3,1,1,0,,,,,,,,1,0.5,1,4,,12345,,,,1
bosshuoshan46Tianshizhang46e1,2,1,1,0,,,,,bosshuoshan46Tianshizhang46e2,2.5,,,,,,,12345,,,,1
bosshuoshan46Tianshizhang46e2,0,1,1,0,"[""bosshuoshan46Tianshizhang46e3"",""bosshuoshan46Tianshizhang46e4""]",,,,,,,,,,,,12345,,,,1
bosshuoshan46Tianshizhang46e3,4,1,1,0,,,,,,,,,,,,bosshuoshan46Tianshizhang46b1,12345,,,,1
bosshuoshan46Tianshizhang46e4,4,1,1,0,,,,,,,,,,,,bosshuoshan46Tianshizhang46b2,12345,,,,1
bosshuoshan47Ifrit41e1,2,1,0,0,,,,,bosshuoshan47Ifrit41e2,1.5,,,,,,,12345,,,,1
bosshuoshan47Ifrit41e2,3,1,0,0,,,,,,,,0,0.5,0,4,,12345,,,bosshuoshan47Ifrit41e3,1
bosshuoshan47Ifrit41e3,0,1,0,0,"[""bosshuoshan47Ifrit41e4"",""bosshuoshan47Ifrit41e5""]",,,,,,,,,,,,12345,,,,1
bosshuoshan47Ifrit41e4,4,1,0,0,,,,,,,,,,,,bosshuoshan47Ifrit41b1,12345,,,,1
bosshuoshan47Ifrit41e5,4,1,0,0,,,,,,,,,,,,bosshuoshan47Ifrit41b2,12345,,,,1
bosshuoshan47Ifrit41e6,3,1,0,0,,,,,,,,0,0.2,0,4,,12345,,,,1
bosshuoshan47Ifrit42e1,2,1,0,0,,,,,bosshuoshan47Ifrit42e2,1.5,,,,,,,12345,,,,1
bosshuoshan47Ifrit42e2,3,1,0,0,,,,,,,,0,0.5,0,4,,12345,,,bosshuoshan47Ifrit41e4,1
bosshuoshan47Ifrit43e1,2,1,0,0,,,,,bosshuoshan47Ifrit43e2,1.5,,,,,,,12345,,,,1
bosshuoshan47Ifrit43e2,3,1,0,0,,,,,,,,0,0.5,0,4,,12345,,,,1
bosshuoshan47Ifrit44e1,1,1,0,0,,,1,bosshuoshan47Ifrit44e2,,,"""""",,,,,,12345,,,,1
bosshuoshan47Ifrit44e2,2,1,0,0,,,,,bosshuoshan47Ifrit44e3,2.5,,,,,,,12345,,,,1
bosshuoshan47Ifrit44e3,3,1,0,0,,,,,,,,0,1,0,4,,12345,,,bosshuoshan47Ifrit41e4,1
bosshuoshan47Ifrit45e1,2,1,0,0,,,,,bosshuoshan47Ifrit45e2,2.5,,,,,,,12345,,,,1
bosshuoshan47Ifrit45e2,3,1,0,0,,,,,,,,0,1.2,0,4,,12345,,,,1
bosssenlin38Meidusha21e1,2,1,1,0,,,,,bosssenlin38Meidusha21e2,0,,,,,,,12345,,,,1
bosssenlin38Meidusha21e2,3,1,1,0,,,,,,,,1,0,0,2,,12345,,0.75,,1
bosssenlin38Meidusha22e1,2,1,1,0,,,,,bosssenlin38Meidusha22e2,0,,,,,,,12345,,,,1
bosssenlin38Meidusha22e2,3,1,1,0,,,,,,,,1,0,0,2,,12345,,0.5,,1
bosssenlin38Meidusha23e1,2,1,1,0,,,,,bosssenlin38Meidusha23e2,0,,,,,,,12345,,,,1
bosssenlin38Meidusha23e2,3,1,1,0,,,,,,,,1,0,0,2,,12345,,0.25,,1
bosssenlin38Meidusha24e1,2,1,1,0,,,,,bosssenlin38Meidusha24e2,0,,,,,,,12345,,,,1
bosssenlin38Meidusha24e2,3,1,1,0,,,,,,,,1,0,0,2,,12345,,0.0001,,1
bosssenlin38Meidusha25e1,2,1,0,0,,,,,bosssenlin38Meidusha25e2,1,,,,,,,12345,,,,1
bosssenlin38Meidusha25e2,3,1,0,0,,,,,,,,1,1,0,2,,12345,,,,1
bosssenlin38Meidusha26e1,1,1,0,0,,,1,bosssenlin38Meidusha26e2,,,"""""",,,,,,12345,,,,1
bosssenlin38Meidusha26e2,2,1,0,0,,,,,bosssenlin38Meidusha26e3,1.5,,,,,,,12345,,,,1
bosssenlin38Meidusha26e3,3,1,0,0,,,,,,,,1,0.6,0,2,,12345,,,,1
bosssenlin38Meidusha27e1,1,1,0,0,,,1,bosssenlin38Meidusha27e2,,,"""""",,,,,,12345,,,,1
bosssenlin38Meidusha27e2,2,1,0,0,,,,,bosssenlin38Meidusha27e3,1.5,,,,,,,12345,,,,1
bosssenlin38Meidusha27e3,3,1,0,0,,,,,,,,1,1.2,0,2,,12345,,,bosssenlin38Meidusha27e4,1
bosssenlin38Meidusha27e4,4,1,0,0,,,,,,,,,,,,debuffstunb1,12345,,,,0.5
bosssenlin38Meidusha28e1,0,1,1,0,"[""bosssenlin38Meidusha28e2"",""bosssenlin38Meidusha28e3"",""bosssenlin38Meidusha28e4"",""bosssenlin38Meidusha28e5""]",,,,,,,,,,,,12345,,,,1
bosssenlin38Meidusha28e2,4,1,1,0,,,,,,,,,,,,bosssenlin38Meidusha28b1,12345,,,,1
bosssenlin38Meidusha28e3,4,1,1,0,,,,,,,,,,,,bosssenlin38Meidusha28b2,12345,,,,1
bosssenlin38Meidusha28e4,4,1,1,0,,,,,,,,,,,,bosssenlin38Meidusha28b3,12345,,,,1
bosssenlin38Meidusha28e5,4,1,1,0,,,,,,,,,,,,bosssenlin38Meidusha28b4,12345,,,,1
bosssenlin38Meidusha28e6,4,1,1,0,,,,,,,,,,,,bosssenlin38Meidusha28b5,12345,,,,1
bosssenlin38Meidusha28e7,4,1,1,0,,,,,,,,,,,,bosssenlin38Meidusha28b6,12345,,,,1
bosssenlin38Meidusha28e8,4,1,1,0,,,,,,,,,,,,bosssenlin38Meidusha28b7,12345,,,,1
bosssenlin38Meidusha28e9,4,1,1,0,,,,,,,,,,,,bosssenlin38Meidusha28b8,12345,,,,1
bosssenlin38Meidusha28e10,4,1,1,0,,,,,,,,,,,,bosssenlin38Meidusha28b9,12345,,,,1
bosssenlin38Meidusha28e11,4,1,1,0,,,,,,,,,,,,bosssenlin38Meidusha28b10,12345,,,,1
bosssenlin38Meidusha28e12,4,1,1,0,,,,,,,,,,,,bosssenlin38Meidusha28b11,12345,,,,1
bosssenlin38Meidusha28e13,4,1,1,0,,,,,,,,,,,,bosssenlin38Meidusha28b12,12345,,,,1
bosssenlin38Meidusha28e14,3,1,1,0,,,,,,,,1,100,0,2,,12345,,,,1
bosshuoshan48Hehuaisituosi41e1,2,1,0,0,,,,,bosshuoshan48Hehuaisituosi41e2,1.5,,,,,,,12345,,,,1
bosshuoshan48Hehuaisituosi41e2,3,1,0,0,,,,,,,,0,1,0,4,,12345,,,,1
bosshuoshan48Hehuaisituosi42e1,1,1,0,0,,,1,bosshuoshan48Hehuaisituosi42e2,,,"""""",,,,,,12345,,,,1
bosshuoshan48Hehuaisituosi42e2,2,1,0,0,,,,,bosshuoshan48Hehuaisituosi42e3,1.5,,,,,,,12345,,,,1
bosshuoshan48Hehuaisituosi42e3,3,1,0,0,,,,,,,,0,0.6,0,4,,12345,,,,1
bosshuoshan48Hehuaisituosi43e1,1,1,0,0,,,1,bosshuoshan48Hehuaisituosi43e2,,,"""""",,,,,,12345,,,,1
bosshuoshan48Hehuaisituosi43e2,2,1,0,0,,,,,bosshuoshan48Hehuaisituosi43e3,1.5,,,,,,,12345,,,,1
bosshuoshan48Hehuaisituosi43e3,3,1,0,0,,,,,,,,0,1.2,0,4,,12345,,,physicdebuffFireDotMediume2,1
bosshuoshan48Hehuaisituosi44e1,1,1,0,0,,,1,bosshuoshan48Hehuaisituosi44e2,,,"""""",,,,,,12345,,,,1
bosshuoshan48Hehuaisituosi44e2,2,1,0,0,,,,,bosshuoshan48Hehuaisituosi44e3,1.5,,,,,,,12345,,,,1
bosshuoshan48Hehuaisituosi44e3,4,1,0,0,,,,,,,,,,,,debuffstunb1,12345,,,,1
bosshuoshan48Hehuaisituosi45e1,0,1,0,0,"[""bosshuoshan48Hehuaisituosi43e1"",""bosshuoshan48Hehuaisituosi44e1""]",,,,,,,,,,,,12345,,,,1
bosszhifuletuJiuweihu41e1,2,1,0,0,,,,,bosszhifuletuJiuweihu41e2,2,,,,,,,12345,,,,1
bosszhifuletuJiuweihu41e2,3,1,0,0,,,,,,,,1,0.4,0,4,,12345,,,,1
bosszhifuletuJiuweihu42e1,1,1,0,0,,,1,bosszhifuletuJiuweihu42e2,,,"""""",,,,,,12345,,,,1
bosszhifuletuJiuweihu42e2,2,1,0,0,,,,,bosszhifuletuJiuweihu42e3,1.5,,,,,,,12345,,,,1
bosszhifuletuJiuweihu42e3,3,1,0,0,,,,,,,,1,0.4,0,4,,12345,,,,1
bosszhifuletuJiuweihu43e1,2,1,1,0,,,,,bosszhifuletuJiuweihu43e2,1.5,,,,,,,12345,,,,1
bosszhifuletuJiuweihu43e2,3,1,1,0,,,,,,,,1,0.4,1,4,,12345,,,,1
bossmidasigongHuangjinzhiling11e1,2,1,0,0,,,,,bossmidasigongHuangjinzhiling11e2,1.5,,,,,,,12345,,,,1
bossmidasigongHuangjinzhiling11e2,3,1,0,0,,,,,,,,0,0.4,0,1,,12345,,,,1
bossmidasigongHuangjinzhiling12e1,2,1,0,0,,,,,bossmidasigongHuangjinzhiling12e2,1.5,,,,,,,12345,,,,1
bossmidasigongHuangjinzhiling12e2,3,1,0,0,,,,,,,,1,0.4,0,1,,12345,,,,1
bossmidasigongHuangjinzhiling13e1,1,1,0,0,,,1,bossmidasigongHuangjinzhiling13e2,,,"""""",,,,,,12345,,,,1
bossmidasigongHuangjinzhiling13e2,2,1,0,0,,,,,bossmidasigongHuangjinzhiling13e3,1.5,,,,,,,12345,,,,1
bossmidasigongHuangjinzhiling13e3,3,1,0,0,,,,,,,,0,0.4,0,1,,12345,,,,1
bossmidasigongHuangjinzhiling14e1,1,1,0,0,,,1,bossmidasigongHuangjinzhiling14e2,,,"""""",,,,,,12345,,,,1
bossmidasigongHuangjinzhiling14e2,2,1,0,0,,,,,bossmidasigongHuangjinzhiling14e3,1.5,,,,,,,12345,,,,1
bossmidasigongHuangjinzhiling14e3,3,1,0,0,,,,,,,,1,0.4,0,1,,12345,,,,1
ultMoguguai3e1,1,1,0,0,,,1,ultMoguguai3e2,,,"""""",,,,,,12345,,,,1
ultMoguguai3e2,2,1,0,0,,,,,ultMoguguai3e3,0,,,,,,,12345,,,,1
ultMoguguai3e3,3,1,0,0,,,,,,,,1,1.3,0,3,,12345,,,,1
psvMoguguai3e1,4,1,1,0,,,,,,,,,,,,psvMoguguai3b1,12345,,,,1
bossdajie11Moguguai41e1,2,1,0,0,,,,,bossdajie11Moguguai41e2,1,,,,,,,12345,,,,1
bossdajie11Moguguai41e2,3,1,0,0,,,,,,,,1,1,0,4,,12345,,,,1
bossdajie11Moguguai42e1,1,1,0,0,,,1,bossdajie11Moguguai42e2,,,"""""",,,,,,12345,,,,1
bossdajie11Moguguai42e2,2,1,0,0,,,,,bossdajie11Moguguai42e3,1.5,,,,,,,12345,,,,1
bossdajie11Moguguai42e3,3,1,0,0,,,,,,,,1,0.6,0,4,,12345,,,,1
bossdajie11Moguguai43e1,1,1,0,0,,,1,bossdajie11Moguguai43e2,,,"""""",,,,,,12345,,,,1
bossdajie11Moguguai43e2,2,1,0,0,,,,,bossdajie11Moguguai43e3,2.3,,,,,,,12345,,,,1
bossdajie11Moguguai43e3,3,1,0,0,,,,,,,,1,1.2,0,4,,12345,,,,1
bossdajie13Cike41e1,2,1,0,0,,,,,bossdajie13Cike41e2,1.5,0.3|bossdajie13Cike41e2;,,,,,,12345,,,,1
bossdajie13Cike41e2,3,1,0,0,,,,,,,,0,0.5,0,4,,12345,,,,1
bossdajie13Cike42e1,2,1,1,0,,,,,buffDefenseSelfe2,1.5,,,,,,,12345,,,,1
bossdajie13Cike43e1,1,1,0,0,,,1,bossdajie13Cike43e2,,,"""""",,,,,,12345,,,,1
bossdajie13Cike43e2,2,1,0,0,,,,,bossdajie13Cike43e3,2.3,,,,,,,12345,,,,1
bossdajie13Cike43e3,3,1,0,0,,,,,,,,0,1.2,0,4,,12345,,,,1
bossdajie13Cike44e1,0,1,1,0,"[""bossdajie13Cike44e2"",""bossdajie13Cike44e4""]",,,,,,,,,,,,12345,,,,1
bossdajie13Cike44e2,4,1,1,0,,,,,,,,,,,,bossdajie13Cike44b1,12345,,,,1
bossdajie13Cike44e3,3,1,0,0,,,,,,,,0,0.15,0,4,,12345,,,,1
bossdajie13Cike44e4,4,1,1,0,,,,,,,,,,,,bossdajie13Cike44b2,12345,,,,1
bossdajie18Ladong51e1,2,1,0,0,,,,,bossdajie18Ladong51e2,1.8,,,,,,,12345,,,,1
bossdajie18Ladong51e2,3,1,0,0,,,,,,,,1,0.4,0,5,,12345,,,,1
bossdajie18Ladong52e1,1,1,0,0,,,1,bossdajie18Ladong52e2,,,"""""",,,,,,12345,,,,1
bossdajie18Ladong52e2,2,1,0,0,,,,,bossdajie18Ladong52e3,1.8,,,,,,,12345,,,,1
bossdajie18Ladong52e3,3,1,0,0,,,,,,,,1,0.4,0,5,,12345,,,,1
bossdajie18Ladong53e1,4,1,1,0,,,,,,,,,,,,bossdajie18Ladong53b1,12345,,,,1
bossdajie18Ladong54e1,1,1,0,0,,,1,bossdajie18Ladong54e2,,,"""""",,,,,,12345,,,,1
bossdajie18Ladong54e2,2,1,0,0,,,,,bossdajie18Ladong54e3,1.8,,,,,,,12345,,,,1
bossdajie18Ladong54e3,3,1,0,0,,,,,,,,1,0.4,0,5,,12345,,,bossdajie18Ladong54e4,1
bossdajie18Ladong54e4,4,1,0,0,,,,,,,,,,,,bossdajie18Ladong54b1,12345,,,,0.8
bossdajie18Ladong54e5,3,1,0,0,,,,,,,,1,0.4,0,5,,12345,,,,1
bossdajie18Ladong55e1,4,1,1,0,,,,,,,,,,,,bossdajie18Ladong55b1,12345,,,,1
bossdajie18Ladong55e2,0,1,1,0,"[""""]",,,,,,,,,,,,12345,,,,1
ultBingxuenvwang3e1,1,1,0,0,,,1,ultBingxuenvwang3e2,,,"""""",,,,,,12345,,,,1
ultBingxuenvwang3e2,2,1,0,0,,,,,ultBingxuenvwang3e3,0,,,,,,,12345,,,,1
ultBingxuenvwang3e3,3,1,0,0,,,,,,,,1,1,0,3,,12345,,,debuffSpeede2,1
psvBingxuenvwang3e1,4,1,1,0,,,,,,,,,,,,psvBingxuenvwang3b1,12345,,,,1
ultChange1e1,0,1,0,0,"[""ultChange1e2"",""ultChange1e5""]",,,,,,,,,,,,12345,,,,1
ultChange1e2,1,1,0,0,,,1,ultChange1e3,,,"""""",,,,,,12345,,,,1
ultChange1e3,2,1,0,0,,,,,ultChange1e4,0,,,,,,,12345,,,,1
ultChange1e4,3,1,0,0,,,,,,,,1,0.4,0,1,,12345,,,,1
ultChange1e5,2,1,1,0,,,,,ultChange1e6,0,,,,,,,12345,,,,1
ultChange1e6,3,1,1,0,,,,,,,,1,0.4,1,1,,12345,,,,1
ultDujiaoshou1e1,1,1,0,0,,,0,ultDujiaoshou1e2,,,"""""",,,,,,12345,,,,1
ultDujiaoshou1e2,2,1,0,0,,,,,dispelNegativee1,0,,,,,,,12345,,,,1
ultSheshou1e1,1,1,0,0,,,1,ultSheshou1e2,,,"""""",,,,,,12345,,,,1
ultSheshou1e2,2,1,0,0,,,,,ultSheshou1e3,0,,,,,,,12345,,,,1
ultSheshou1e3,3,1,0,0,,,,,,,,0,0.4,0,1,,12345,,,,1
ultWeitianshi5e1,1,1,0,0,,,1,ultWeitianshi5e2,,,"""""",,,,,,12345,,,,1
ultWeitianshi5e2,2,1,0,0,,,,,ultWeitianshi5e3,0,,,,,,,12345,,,,1
ultWeitianshi5e3,3,1,0,0,,,,,,,,1,0.4,0,5,,12345,,,ultWeitianshi5e4,1
ultWeitianshi5e4,4,1,0,0,,,,,,,,,,,,ultWeitianshi5b1,12345,,,,0.8
ultSheshou3e1,1,1,0,0,,,1,ultSheshou3e2,,,"""""",,,,,,12345,,,,1
ultSheshou3e2,2,1,0,0,,,,,buffSpeede2,1,,,,,,,12345,,,,1
ultBingyan3e1,0,1,0,0,"[""ultBingyan3e2"",""buffDefenseSelfe1""]",,,,,,,,,,,,12345,,,,1
ultBingyan3e2,1,1,0,0,,,1,ultBingyan3e3,,,"""""",,,,,,12345,,,,1
ultBingyan3e3,2,1,0,0,,,,,ultBingyan3e4,1,,,,,,,12345,,,,1
ultBingyan3e4,4,1,0,0,,,,,,,,,,,,buffTauntb1,12345,,,,1
ultMengyan5e1,5,1,0,0,,,,,,,IsEnemy|ultMengyan5e3;Default|ultMengyan5e2;,,,,,,12345,,,,1
ultMengyan5e2,3,1,0,0,,,,,,,,0,0.2,0,5,,12345,,,,1
ultMengyan5e3,2,1,0,0,,,,,ultMengyan5Cast,0,2.33|ultMengyan5e2;0.3|ultMengyan5e2;0.3|ultMengyan5e2;0.3|ultMengyan5e2;0.3|ultMengyan5e2;0.3|ultMengyan5e2;,,,,,,12345,,,,1
ultMengyan5Cast,2,1,1,0,,,,,,,,,,,,,12345,,,,1
ultIfrit5e1,1,1,0,0,,,1,ultIfrit5e2,,,"""""",,,,,,12345,,,,1
ultIfrit5e2,2,1,0,0,,,,,ultIfrit5e3,1,,,,,,,12345,,,,1
ultIfrit5e3,3,1,0,0,,,,,,,,0,0.4,0,5,,12345,,,dispelBeneficiale1,0.8
ultDujiaoshou5e1,1,1,0,0,,,1,ultDujiaoshou5e2,,,"""""",,,,,,12345,,,,1
ultDujiaoshou5e2,2,1,0,0,,,,,dispelBeneficiale1,1,,,,,,,12345,,,,1
ultChange5e1,5,1,0,0,,,,,,,IsEnemy|ultChange5e3;Default|ultChange5e2;,,,,,,12345,,,,1
ultChange5e2,3,1,0,0,,,,,,,,1,0.2,0,5,,12345,,,,1
ultChange5e3,2,1,0,0,,,,,ultChange5Cast,0,2.33|ultChange5e2;0.3|ultChange5e2;0.3|ultChange5e2;0.3|ultChange5e2;0.3|ultChange5e2;0.3|ultChange5e2;,,,,,,12345,,,,1
ultChange5Cast,2,1,1,0,,,,,,,,,,,,,12345,,,,1
psvshiliantaNvyao5e1,0,1,1,0,"[""psvNvyao5e1"",""psvshiliantaNvyao5e2""]",,,,,,,,,,,,12345,,,,1
psvshiliantaNvyao5e2,4,1,1,0,,,,,,,,,,,,PhyImmuneb1,12345,,,,1
psvshiliantaWeitianshi5e1,0,1,1,0,"[""psvWeitianshi5e1"",""psvshiliantaWeitianshi5e2""]",,,,,,,,,,,,12345,,,,1
psvshiliantaWeitianshi5e2,4,1,1,0,,,,,,,,,,,,PhyImmuneb1,12345,,,,1
psvshiliantaChange1e1,0,1,1,0,"[""psvChange1e1"",""psvshiliantaChange1e2""]",,,,,,,,,,,,12345,,,,1
psvshiliantaChange1e2,4,1,1,0,,,,,,,,,,,,MagicImmuneb1,12345,,,,1
psvshiliantaDujiaoshou1e1,0,1,1,0,"[""psvDujiaoshou1e1"",""psvshiliantaDujiaoshou1e2""]",,,,,,,,,,,,12345,,,,1
psvshiliantaDujiaoshou1e2,4,1,1,0,,,,,,,,,,,,MagicImmuneb1,12345,,,,1
psvshiliantaXiaochou2e1,0,1,1,0,"[""psvXiaochou2e1"",""psvshiliantaXiaochou2e2""]",,,,,,,,,,,,12345,,,,1
psvshiliantaXiaochou2e2,4,1,1,0,,,,,,,,,,,,psvshiliantaXiaochou2b1,12345,,,,1
psvshiliantaXiaochou2e3,1,1,0,0,,,1,psvshiliantaXiaochou2e4,,,"""""",,,,,,12345,,,,1
psvshiliantaXiaochou2e4,3,1,0,0,,,,,,,,1,0.2,1,2,,12345,,,,1
psvshiliantaXiaochou4e1,0,1,1,0,"[""psvXiaochou4e1"",""psvshiliantaXiaochou4e2""]",,,,,,,,,,,,12345,,,,1
psvshiliantaXiaochou4e2,4,1,1,0,,,,,,,,,,,,psvshiliantaXiaochou4b1,12345,,,,1
psvshiliantaXiaochou4e3,1,1,0,0,,,1,psvshiliantaXiaochou4e4,,,"""""",,,,,,12345,,,,1
psvshiliantaXiaochou4e4,3,1,0,0,,,,,,,,1,0.2,0,4,,12345,,,,1
bossshiliantaPanshen21e1,0,1,1,0,"[""bossxiaoxiang23Panshen22e1"",""bossshiliantaPanshen21e2""]",,,,,,,,,,,,12345,,,,1
bossshiliantaPanshen21e2,4,1,1,0,,,,,,,,,,,,PhyImmuneb1,12345,,,,1
bossshiliantaKairuisi56e1,4,1,1,0,,,,,,,,,,,,MagicImmuneb1,12345,,,,1
bossshiliantaIfrit46e1,2,1,1,0,,,,,bossshiliantaIfrit46e2,1,,,,,,,12345,,,,1
bossshiliantaIfrit46e2,4,1,1,0,,,,,,,,,,,,bossshiliantaIfrit46b1,12345,,,,1
psvChange1e1,4,1,1,0,,,,,,,,,,,,psvChange1b1,12345,,,,1
psvChange1e2,3,1,0,0,,,,,,,,1,0.2,0,1,,12345,,,,1
psvDujiaoshou1e1,4,1,1,0,,,,,,,,,,,,psvDujiaoshou1b1,12345,,,,1
psvDujiaoshou1e2,0,1,1,0,"[""psvDujiaoshou1e3"",""psvDujiaoshou1e4""]",,,,,,,,,,,,12345,,,,1
psvDujiaoshou1e3,4,1,1,0,,,,,,,,,,,,psvDujiaoshou1b2,12345,,,,1
psvDujiaoshou1e4,4,1,1,0,,,,,,,,,,,,psvDujiaoshou1b3,12345,,,,1
psvSheshou1e1,4,1,1,0,,,,,,,,,,,,psvSpeedb1,12345,,,,1
psvWeitianshi5e1,4,1,1,0,,,,,,,,,,,,psvWeitianshi5b1,12345,,,,1
psvWeitianshi5e2,3,1,1,0,,,,,,,,1,0.2,1,5,,12345,,,,1
psvSheshou3e1,4,1,1,0,,,,,,,,,,,,psvSheshou3b1,12345,,,,1
psvSheshou3e2,4,1,0,0,,,,,,,,,,,,debuffstunb1,12345,,,,1
psvBingyan3e1,0,1,1,0,"[""psvBingyan3e2"",""psvBingyan3e3""]",,,,,,,,,,,,12345,,,,1
psvBingyan3e2,4,1,1,0,,,,,,,,,,,,psvBingyan3b1,12345,,,,1
psvBingyan3e3,4,1,1,0,,,,,,,,,,,,psvBingyan3b2,12345,,,,1
psvBingyan3e4,3,1,0,0,,,,,,,,1,0.2,0,3,,12345,,,,1
psvBingyan3e5,4,1,0,0,,,,,,,,,,,,buffTauntb1,12345,,,,1
psvMengyan5e1,4,1,1,0,,,,,,,,,,,,psvMengyan5b1,12345,,,,1
psvIfrit5e1,4,1,1,0,,,,,,,,,,,,psvIfrit5b1,12345,,,,1
psvIfrit5e2,1,1,0,0,,,1,psvIfrit5e3,,,"""""",,,,,,12345,,,,1
psvIfrit5e3,3,1,0,0,,,,,,,,0,0.2,0,5,,12345,,,,1
psvDujiaoshou5e1,4,1,1,0,,,,,,,,,,,,psvDujiaoshou5b1,12345,,,,1
psvDujiaoshou5e2,0,1,1,0,"[""psvDujiaoshou5e3"",""psvDujiaoshou5e4""]",,,,,,,,,,,,12345,,,,1
psvDujiaoshou5e3,4,1,1,0,,,,,,,,,,,,psvDujiaoshou5b2,12345,,,,1
psvDujiaoshou5e4,4,1,1,0,,,,,,,,,,,,psvDujiaoshou5b3,12345,,,,1
psvChange5e1,4,1,1,0,,,,,,,,,,,,psvChange5b1,12345,,,,1
psvChange5e2,3,1,0,0,,,,,,,,1,0.2,0,1,,12345,,,,1
ultHuoniao3e1,0,1,0,0,"[""ultHuoniao3e2"",""ultHuoniao3e5""]",,,,,,,,,,,,12345,,,,1
ultHuoniao3e2,1,1,0,0,,,1,ultHuoniao3e3,,,"""""",,,,,,12345,,,,1
ultHuoniao3e3,2,1,0,0,,,,,ultHuoniao3e4,1,,,,,,,12345,,,,1
ultHuoniao3e4,3,1,0,0,,,,,,,,1,0.4,0,3,,12345,,,,1
ultHuoniao3e5,1,1,1,0,,,0,buffSpeede1,,,"""""",,,,,,12345,,,,1
psvHuoniao3e1,4,1,1,0,,,,,,,,,,,,psvHuoniao3b1,12345,,,,1
psvHuoniao3e2,3,1,1,0,,,,,,,,1,0,1,3,,12345,,0.3,,1
xgxinshouJiuweihu41e1,2,1,0,0,,,,,xgxinshouJiuweihu41e2,1,,,,,,,12345,,,,1
xgxinshouJiuweihu41e2,3,1,0,0,,,,,,,,1,1.5,0,4,,12345,,,,1
xgxinshouJiuweihu42e1,2,1,0,0,,,,,xgxinshouJiuweihu42e2,1,,,,,,,12345,,,,1
xgxinshouJiuweihu42e2,3,1,0,0,,,,,,,,1,3,0,4,,12345,,,,1
bossxinshouBingxuenvwang31e1,2,1,0,0,,,,,bossxinshouBingxuenvwang31e2,1,,,,,,,12345,,,,1
bossxinshouBingxuenvwang31e2,3,1,0,0,,,,,,,,1,1.5,0,3,,12345,,,,1
bossxinshouBingxuenvwang32e1,2,1,0,0,,,,,bossxinshouBingxuenvwang32e2,1,,,,,,,12345,,,,1
bossxinshouBingxuenvwang32e2,3,1,0,0,,,,,,,,1,3,0,3,,12345,,,,1
