#TEXT,TEXT,NUM,NUM,NUM,FLOAT,FLOAT,NUM,NUM,NUM,NUM,TEXT,TEXT,TEXT,TEXT,TEXT,TEXT,TEXT,TEXT,TEXT,TEXT,TEXT,TEXT,TEXT,TEXT,TEXT,TEXT,NUM
id,name,isDamagePoint,health,isTarget,damageRate1,damageRate2,property1,property2,stat1WpType,stat2WpType,node,boxColliders,findWpEffect,appraisalStateEffect,stateparam0,state0Tips,state0Icon,stateparam1,state1Tips,state1Icon,stateparam2,state2Tips,state2Icon,stateparam3,stateparam4,state4Tips,initialStatus
#弱点id,弱点名称,是否关联boss减血,弱点hp,ai选择目标是否可以选择到,弱点系数（正常状态1),弱点系数( 正常状态2),弱点五行(正常状态1),弱点五行(正常状态2),0 对本体有加成;1对敌方有压制;2保护弱点;3受伤比高;4受伤比低;5受伤比正常,,弱点的节点,"弱点碰撞检测的盒子（一个模型身上的所有弱点，不能拥有相同的碰撞检测box,只针对与boss，小怪可以不填写）",开始鉴定效果,完成鉴定效果,状态0对应参数,状态0tips,隐藏状态图标,状态1对应参数,状态1tips,状态1对应图片,状态2对应参数,状态2tips,状态2对应图片,状态3对应参数,状态4对应参数,状态4tips,部位初始状态(0 隐藏，1正常状态1，2正常状态2，3冻结，4死亡
xgwp,wpName1,1,900000,1,1,1,-1,-1,0,,e_shouji,,ruodian_jiandingzhong,ruodian,,,ruodianIcon_hide,,,ruodianIcon_hide,,,ruodianIcon_hide,,,,1
xgwpHide,wpName2,2,9000000,1,0,1,-1,-1,1,,e_shouji,,ruodian_jiandingzhong,ruodian,,,ruodianIcon_hide,"{""mesh"":""monstermesh"",""effect"":""yincangxiaoguai""",,ruodianIcon_hide,,,ruodianIcon_hide,,,,0
bossMinghe18Karongwp01,wpName3,1,999999,1,0.05,0.05,-1,-1,2,,wp_girl,"[""ruodian03_box1""]",ruodian_jiandingzhong,ruodian,,Hide Wp,ruodianIcon_hide,"{""mesh"":""mesh_girl"",""effect"":""""}",normal1Tips1,ruodianIcon_hide,,normal1Tips2,ruodianIcon_hide,"{""mesh"":""mesh_girl"",""effect"":""""}",,dead wp,1
bossMinghe18Karongwp02,wpName4,0,2000,0,2,2,-1,-1,3,,wp_orb,"[""ruodian02_box1""]",ruodian_jiandingzhong,ruodian,,Hide Wp,ruodianIcon_hide,"{""mesh"":""mesh_orb"",""effect"":""""}",normal1Tips1,ruodianIcon_hide,,normal1Tips3,ruodianIcon_hide,,"{""mesh"":""mesh_orb"",""effect"":""""}",dead wp,0
bossMinghe18Karongwp03,wpName5,1,999999,1,1,1,-1,-1,4,,wp_body,"[""ruodian01_box1"",""ruodian01_box6""]",ruodian_jiandingzhong,ruodian,,Hide Wp,ruodianIcon_hide,"{""mesh"":""mesh_body"",""effect"":""""}",normal1Tips1,ruodianIcon_hide,,normal1Tips4,ruodianIcon_hide,,,dead wp,3
bossMinghe18Karongwp04,wpName6,1,330,1,0.15,0.15,-1,-1,5,,wp_leftarm1,"[""ruodian01_box4"",""ruodian01_box5""]",ruodian_jiandingzhong,ruodian,,Hide Wp,ruodianIcon_hide,"{""mesh"":""mesh_leftarm1"",""effect"":""""}",normal1Tips1,ruodianIcon_hide,,normal1Tips5,ruodianIcon_hide,,"{""mesh"":""mesh_leftarm2"",""effect"":""""}",dead wp,3
bossMinghe18Karongwp05,wpName7,1,330,1,0.15,0.15,-1,-1,0,,wp_rightarm1,"[""ruodian01_box2"",""ruodian01_box3""]",ruodian_jiandingzhong,ruodian,,Hide Wp,ruodianIcon_hide,"{""mesh"":""mesh_rightarm1"",""effect"":""""}",normal1Tips1,ruodianIcon_hide,,normal1Tips6,ruodianIcon_hide,,"{""mesh"":""mesh_rightarm2"",""effect"":""""}",dead wp,3
bossYueguangsenlin14Luoxinfuwp01,wpName8,1,999999,1,1,1,5,5,1,,wp_body,"[""ruodian01_box1""]",ruodian_jiandingzhong,ruodian,,Hide Wp,ruodianIcon_hide,"{""mesh"":""mesh_body""}",normal1Tips1,ruodianIcon_hide,,normal1Tips7,ruodianIcon_hide,,,dead wp,1
bossYueguangsenlin14Luoxinfuwp02,wpName9,1,125,1,1,1,-1,-1,2,,wp_leg1,"[""ruodian02_box1""]",ruodian_jiandingzhong,ruodian,,Hide Wp,ruodianIcon_hide,"{""mesh"":""mesh_leg1""}",normal1Tips1,ruodianIcon_hide,,normal1Tips8,ruodianIcon_hide,,,dead wp,1
bossYueguangsenlin14Luoxinfuwp03,wpName10,1,125,1,1,1,-1,-1,3,,wp_leg2,"[""ruodian03_box1""]",ruodian_jiandingzhong,ruodian,,Hide Wp,ruodianIcon_hide,"{""mesh"":""mesh_leg2""}",normal1Tips1,ruodianIcon_hide,,normal1Tips9,ruodianIcon_hide,,,dead wp,1
bossYueguangsenlin14Luoxinfuwp04,wpName11,1,125,1,1,1,-1,-1,4,,wp_leg3,"[""ruodian04_box1""]",ruodian_jiandingzhong,ruodian,,Hide Wp,ruodianIcon_hide,"{""mesh"":""mesh_leg3""}",normal1Tips1,ruodianIcon_hide,,normal1Tips10,ruodianIcon_hide,,,dead wp,1
bossYueguangsenlin14Luoxinfuwp05,wpName12,1,125,1,1,1,-1,-1,5,,wp_leg4,"[""ruodian05_box1""]",ruodian_jiandingzhong,ruodian,,Hide Wp,ruodianIcon_hide,"{""mesh"":""mesh_leg4""}",normal1Tips1,ruodianIcon_hide,,normal1Tips11,ruodianIcon_hide,,,dead wp,1
bossYueguangsenlin14Luoxinfuwp06,wpName13,1,125,0,1,1,-1,-1,0,,wp_leg5,"[""ruodian06_box1""]",ruodian_jiandingzhong,ruodian,,Hide Wp,ruodianIcon_hide,"{""mesh"":""mesh_leg5""}",normal1Tips1,ruodianIcon_hide,,normal1Tips12,ruodianIcon_hide,,,dead wp,1
bossYueguangsenlin14Luoxinfuwp07,wpName14,1,125,0,1,1,-1,-1,1,,wp_leg6,"[""ruodian07_box1""]",ruodian_jiandingzhong,ruodian,,Hide Wp,ruodianIcon_hide,"{""mesh"":""mesh_leg6""}",normal1Tips1,ruodianIcon_hide,,normal1Tips13,ruodianIcon_hide,,,dead wp,1
bossYueguangsenlin18Meidushawp01,wpName15,1,999999,1,0.5,1,-1,-1,4,,wp_body,"[""ruodian01_box1"",""ruodian01_box2""]",ruodian_jiandingzhong,ruodian,,Hide Wp,ruodianIcon_hide,"{""mesh"":""mesh_body""}",meidushanormal1_xiong,ruodianIcon_hide,"{""mesh"":""mesh_body""}",normal1Tips14,ruodianIcon_hide,,,dead wp,1
bossYueguangsenlin18Meidushawp02,wpName16,0,100,0,1,1,-1,-1,0,,wp_she1,"[""ruodian02_box1"",""ruodian02_box2""]",ruodian_jiandingzhong,ruodian,"{""mesh"":""mesh_she1"",""effect"":""shefayanjingsi1""}",meidushahide_zuoshetou,ruodianIcon_hide,"{""mesh"":""mesh_she1"",""effect"":""shefayanjing1""}",meidushanormal1_zuoshetou,ruodianIcon_hide,"{""mesh"":""mesh_she1"",""effect"":""shefayanjingsi1""}",meidushanormal2_youshetou,ruodianIcon_hide,"{""mesh"":""mesh_she1"",""effect"":""shefayanjingsi1""}",,dead wp,0
bossYueguangsenlin18Meidushawp03,wpName17,0,100,0,1,1,-1,-1,0,,wp_she2,"[""ruodian03_box1"",""ruodian03_box2""]",ruodian_jiandingzhong,ruodian,"{""mesh"":""mesh_she2"",""effect"":""shefayanjingsi2""}",meidushahide_youshetou,ruodianIcon_hide,"{""mesh"":""mesh_she2"",""effect"":""shefayanjing2""}",meidushanormal1_youshetou,ruodianIcon_hide,"{""mesh"":""mesh_she2"",""effect"":""shefayanjingsi2""}",meidushanormal2_youshetou,ruodianIcon_hide,"{""mesh"":""mesh_she2"",""effect"":""shefayanjingsi2""}",,dead wp,0
bossYueguangsenlin18Meidushawp04,wpName18,0,100,0,1,1,-1,-1,1,,wp_she3,"[""ruodian04_box1""]",ruodian_jiandingzhong,ruodian,"{""mesh"":""mesh_she3"",""effect"":""shefayanjingsi3""}",meidushahide_xiaoshetou,ruodianIcon_hide,"{""mesh"":""mesh_she3"",""effect"":""shefayanjing3""}",meidushanormal1_xiaoshetou,ruodianIcon_hide,,normal1Tips17,ruodianIcon_hide,"{""mesh"":""mesh_she3"",""effect"":""shefayanjingsi3""}",,dead wp,3
bossYueguangsenlin18Meidushawp05,wpName19,0,100,0,1,1,-1,-1,1,,wp_she4,"[""ruodian05_box1""]",ruodian_jiandingzhong,ruodian,"{""mesh"":""mesh_she4"",""effect"":""shefayanjingsi4""}",meidushahide_xiaoshetou,ruodianIcon_hide,"{""mesh"":""mesh_she4"",""effect"":""shefayanjing4""}",meidushanormal1_xiaoshetou,ruodianIcon_hide,,normal1Tips18,ruodianIcon_hide,"{""mesh"":""mesh_she4"",""effect"":""shefayanjingsi4""}",,dead wp,3
bossYueguangsenlin18Meidushawp06,wpName20,1,999999,0,1.5,1,-1,-1,3,,wp_head,"[""ruodian01_box1""]",ruodian_jiandingzhong,ruodian,"{""mesh"":""mesh_head"",""effect"":""""}",meidushahide_eyes,ruodianIcon_hide,"{""mesh"":""mesh_head"",""effect"":""""}",meidushanormal1_eyes,ruodianIcon_hide,,normal1Tips18,ruodianIcon_hide,"{""mesh"":""mesh_head"",""effect"":""""}","{""mesh"":""mesh_head"",""effect"":""""}",dead wp,3
bossMinghe12Longgongtongziwp01,wpName20,1,9999999,1,1,1,-1,-1,1,,wp_head,"[""ruodian01_box1""]",ruodian_jiandingzhong,ruodian,,Hide Wp,ruodianIcon_hide,"{""mesh"":""mesh_head""}",normal1Tips1,ruodianIcon_hide,,normal1Tips19,ruodianIcon_hide,,,dead wp,1
bossMinghe12Longgongtongziwp02,wpName21,1,9999999,1,0.5,0.5,-1,-1,2,,wp_body,"[""ruodian02_box1""]",ruodian_jiandingzhong,ruodian,,Hide Wp,ruodianIcon_hide,"{""mesh"":""mesh_body""}",normal1Tips1,ruodianIcon_hide,,normal1Tips20,ruodianIcon_hide,,,dead wp,1
bossMinghe13Zouyincaowp01,wpName22,1,999999,0,1,1,-1,-1,3,,wp_head,"[""ruodian01_box1""]",ruodian_jiandingzhong,ruodian,,Hide Wp,ruodianIcon_hide,"{""mesh"":""mesh_head""}",normal1Tips1,ruodianIcon_hide,,normal1Tips21,ruodianIcon_hide,,,dead wp,1
bossMinghe13Zouyincaowp02,wpName23,1,999999,1,0.5,0.5,-1,-1,4,,wp_body,"[""ruodian02_box1""]",ruodian_jiandingzhong,ruodian,,Hide Wp,ruodianIcon_hide,"{""mesh"":""mesh_body""}",normal1Tips1,ruodianIcon_hide,,normal1Tips22,ruodianIcon_hide,,,dead wp,1
bossMinghe14Amutewp02,wpName25,1,999999,1,0.25,0.2,-1,-1,4,,wp_body,"[""ruodian03_box1""]",ruodian_jiandingzhong,ruodian,"{""mesh"":""mesh_body"",""effect"":""""}",amutehide_shenti,ruodianIcon_hide,"{""mesh"":""mesh_body"",""effect"":""""}",amutenormal1_shenti,ruodianIcon_hide,,normal1Tips24,ruodianIcon_hide,"{""mesh"":""mesh_body"",""effect"":""""}","{""mesh"":""mesh_body"",""effect"":""""}",dead wp,1
bossMinghe14Amutewp01,wpName24,1,999999,0,2,1.5,-1,-1,3,,wp_head,"[""ruodian02_box1""]",ruodian_jiandingzhong,ruodian,"{""mesh"":""mesh_head"",""effect"":""""}",amutehide_lian,ruodianIcon_hide,"{""mesh"":""mesh_head"",""effect"":""""}",amutenormal1_lian,ruodianIcon_hide,,normal1Tips23,ruodianIcon_hide,"{""mesh"":""mesh_head"",""effect"":""""}","{""mesh"":""mesh_head"",""effect"":""""}",dead wp,3
bossMinghe14Amutewp03,wpName26,0,400,0,1,1,-1,-1,2,,wp_mask,"[""ruodian01_box1""]",ruodian_jiandingzhong,ruodian,"{""mesh"":""mesh_mask"",""effect"":""""}",amutehide_mianju,ruodianIcon_hide,"{""mesh"":""mesh_mask"",""effect"":""""}",amutenormal1_mianju,ruodianIcon_hide,,normal1Tips25,ruodianIcon_hide,,,dead wp,0
bossminghe17Anpushawp01,wpName27,1,999999,1,0.5,0.5,-1,-1,2,,wp_head,"[""ruodian01_box1""]",ruodian_jiandingzhong,ruodian,,Hide Wp,ruodianIcon_hide,"{""mesh"":""mesh_head"",""effect"":""""}",normal1Tips1,ruodianIcon_hide,,normal1Tips26,ruodianIcon_hide,,,dead wp,1
bossminghe17Anpushawp02,wpName28,1,999999,1,1,1,-1,-1,3,,wp_body,"[""ruodian02_box1""]",ruodian_jiandingzhong,ruodian,,Hide Wp,ruodianIcon_hide,"{""mesh"":""mesh_body"",""effect"":""""}",normal1Tips1,ruodianIcon_hide,,normal1Tips27,ruodianIcon_hide,,,dead wp,1
bossYueguangsenlin17Xiyiren01,wpName29,1,99999999,1,1,1,-1,-1,4,,wp_head,"[""ruodian01_box1""]",ruodian_jiandingzhong,ruodian,,Hide Wp,ruodianIcon_hide,"{""mesh"":""mesh_body"",""effect"":""""}",normal1Tips1,ruodianIcon_hide,,normal1Tips28,ruodianIcon_hide,,,dead wp,1
bossYueguangsenlin17Xiyiren02,wpName30,1,9999999,1,0.5,0.5,-1,-1,5,,wp_body,"[""ruodian02_box1""]",ruodian_jiandingzhong,ruodian,,Hide Wp,ruodianIcon_hide,"{""mesh"":""mesh_body"",""effect"":""""}",normal1Tips1,ruodianIcon_hide,,normal1Tips29,ruodianIcon_hide,,,dead wp,1
bossYueguangsenlin12Mantuoluo01,wpName31,1,99999999,1,1,1,-1,-1,4,,wp_head,"[""ruodian01_box1""]",ruodian_jiandingzhong,ruodian,,Hide Wp,ruodianIcon_hide,"{""mesh"":""mesh_body"",""effect"":""""}",normal1Tips1,ruodianIcon_hide,,normal1Tips30,ruodianIcon_hide,,,dead wp,1
bossYueguangsenlin12Mantuoluo02,wpName32,1,9999999,1,0.5,0.5,-1,-1,5,,wp_body,"[""ruodian02_box1""]",ruodian_jiandingzhong,ruodian,,Hide Wp,ruodianIcon_hide,"{""mesh"":""mesh_body"",""effect"":""""}",normal1Tips1,ruodianIcon_hide,,normal1Tips31,ruodianIcon_hide,,,dead wp,1
bossdajie11Xiaochou4wp01,wpName33,1,9999999,1,1,1,-1,-1,5,,wp_body,"[""ruodian01_box1""]",ruodian_jiandingzhong,ruodian,"{""mesh"":""mesh_body"",""effect"":""""}",Hide Wp,ruodianIcon_hide,"{""mesh"":""mesh_body"",""effect"":""""}",xiaochou4normal1_body,ruodianIcon_hide,,normal1Tips31,ruodianIcon_hide,,"{""mesh"":""mesh_body"",""effect"":""""}",dead wp,1
bossdajie11Xiaochou4wp02,wpName34,1,9999999,0,2,2,-1,-1,3,,wp_head,"[""ruodian02_box1""]",ruodian_jiandingzhong,ruodian,"{""mesh"":""mesh_head"",""effect"":""""}",xiaochou4hide_head,ruodianIcon_hide,"{""mesh"":""mesh_head"",""effect"":""""}",xiaochou4normal1_head,ruodianIcon_hide,,normal1Tips31,ruodianIcon_hide,,"{""mesh"":""mesh_head"",""effect"":""""}",dead wp,0
bossdajie12Mantuoluo2wp01,wpName35,1,9999999,1,1,1,-1,-1,5,,wp_body,"[""ruodian01_box1""]",ruodian_jiandingzhong,ruodian,"{""mesh"":""mesh_body"",""effect"":""""}",Hide Wp,ruodianIcon_hide,"{""mesh"":""mesh_body"",""effect"":""""}",mantuoluo2normal1_body,ruodianIcon_hide,,normal1Tips31,ruodianIcon_hide,,"{""mesh"":""mesh_body"",""effect"":""""}",dead wp,1
bossdajie12Mantuoluo2wp02,wpName36,0,640,0,1,1,-1,-1,0,,wp_root,"[""ruodian02_box1""]",ruodian_jiandingzhong,ruodian,"{""mesh"":""mesh_root"",""effect"":""""}",mantuoluo2hide_root,ruodianIcon_hide,"{""mesh"":""mesh_root"",""effect"":""""}",mantuoluo2normal1_root,ruodianIcon_hide,,normal1Tips31,ruodianIcon_hide,,,dead wp,0
bossdajie13Langren3wp01,wpName37,1,9999999,1,1,1,-1,-1,5,,wp_body,"[""ruodian01_box1""]",ruodian_jiandingzhong,ruodian,"{""mesh"":""mesh_body"",""effect"":""""}",Hide Wp,ruodianIcon_hide,"{""mesh"":""mesh_body"",""effect"":""""}",langren3normal1_body,ruodianIcon_hide,,normal1Tips31,ruodianIcon_hide,,"{""mesh"":""mesh_body"",""effect"":""""}",dead wp,1
bossdajie13Langren3wp02,wpName38,0,150,0,1,1,-1,-1,0,,wp_lcuff,"[""ruodian02_box1""]",ruodian_jiandingzhong,ruodian,"{""mesh"":""mesh_lcuff"",""effect"":""""}",langren3hide_lcuff,ruodianIcon_hide,"{""mesh"":""mesh_lcuff"",""effect"":""""}",langren3normal1_lcuff,ruodianIcon_hide,,normal1Tips31,ruodianIcon_hide,,,dead wp,0
bossdajie13Langren3wp03,wpName39,0,150,0,1,1,-1,-1,0,,wp_rcuff,"[""ruodian03_box1""]",ruodian_jiandingzhong,ruodian,"{""mesh"":""mesh_rcull"",""effect"":""""}",langren3hide_rcuff,ruodianIcon_hide,"{""mesh"":""mesh_rcull"",""effect"":""""}",langren3normal1_rcuff,ruodianIcon_hide,,normal1Tips31,ruodianIcon_hide,,,dead wp,0
bossdajie14Piying5wp01,wpName40,1,9999999,1,1,1,-1,-1,5,,wp_body,"[""ruodian01_box1""]",ruodian_jiandingzhong,ruodian,"{""mesh"":""mesh_body"",""effect"":""""}",Hide Wp,ruodianIcon_hide,"{""mesh"":""mesh_body"",""effect"":""""}",piying5normal1_body,ruodianIcon_hide,,normal1Tips31,ruodianIcon_hide,,"{""mesh"":""mesh_body"",""effect"":""""}",dead wp,1
bossdajie14Piying5wp02,wpName41,0,264,0,1,1,-1,-1,1,,wp_lbody,"[""ruodian02_box1""]",ruodian_jiandingzhong,ruodian,"{""mesh"":""mesh_lbody"",""effect"":""""}",piying5hide_lbody,ruodianIcon_hide,"{""mesh"":""mesh_lbody"",""effect"":""""}",piying5normal1_lbody,ruodianIcon_hide,,normal1Tips31,ruodianIcon_hide,,,dead wp,0
bossdajie14Piying5wp03,wpName42,0,264,0,1,1,-1,-1,1,,wp_rbody,"[""ruodian03_box1""]",ruodian_jiandingzhong,ruodian,"{""mesh"":""mesh_rbody"",""effect"":""""}",piying5hide_rbody,ruodianIcon_hide,"{""mesh"":""mesh_rbody"",""effect"":""""}",piying5normal1_rbody,ruodianIcon_hide,,normal1Tips31,ruodianIcon_hide,,,dead wp,0
bossdajie14Piying5wp04,wpName43,1,9999999,0,2,2,-1,-1,3,,wp_head,"[""ruodian04_box1""]",ruodian_jiandingzhong,ruodian,"{""mesh"":""mesh_head"",""effect"":""""}",piying5hide_head,ruodianIcon_hide,"{""mesh"":""mesh_head"",""effect"":""""}",piying5normal1_head,ruodianIcon_hide,,normal1Tips31,ruodianIcon_hide,,"{""mesh"":""mesh_head"",""effect"":""""}",dead wp,0
bossdajie15Huapo2wp01,wpName44,1,9999999,1,1,1,-1,-1,5,,wp_body,"[""ruodian01_box1""]",ruodian_jiandingzhong,ruodian,"{""mesh"":""mesh_body"",""effect"":""""}",Hide Wp,ruodianIcon_hide,"{""mesh"":""mesh_body"",""effect"":""""}",huapo2normal1_body,ruodianIcon_hide,,normal1Tips31,ruodianIcon_hide,,"{""mesh"":""mesh_body"",""effect"":""""}",dead wp,1
bossdajie15Huapo2wp02,wpName45,0,730,0,1,1,-1,-1,0,,wp_flower,"[""ruodian02_box1""]",ruodian_jiandingzhong,ruodian,"{""mesh"":""mesh_flower"",""effect"":""""}",huapo2hide_flower,ruodianIcon_hide,"{""mesh"":""mesh_flower"",""effect"":""""}",huapo2normal1_flower,ruodianIcon_hide,,normal1Tips31,ruodianIcon_hide,,,dead wp,0
bossdajie16Xiaochou3wp01,wpName46,1,9999999,1,1,1,-1,-1,5,,wp_body,"[""ruodian01_box1""]",ruodian_jiandingzhong,ruodian,"{""mesh"":""mesh_body"",""effect"":""""}",Hide Wp,ruodianIcon_hide,"{""mesh"":""mesh_body"",""effect"":""""}",xiaochou3normal1_body,ruodianIcon_hide,,normal1Tips31,ruodianIcon_hide,,"{""mesh"":""mesh_body"",""effect"":""""}",dead wp,1
bossdajie16Xiaochou3wp02,wpName47,0,770,0,1,1,-1,-1,0,,wp_weapon,"[""ruodian02_box1""]",ruodian_jiandingzhong,ruodian,"{""mesh"":""mesh_weapon"",""effect"":""""}",xiaochou3hide_weapon,ruodianIcon_hide,"{""mesh"":""mesh_weapon"",""effect"":""""}",xiaochou3normal1_weapon,ruodianIcon_hide,,normal1Tips31,ruodianIcon_hide,,,dead wp,0
bossdajie17Zouyincao2wp01,wpName48,1,9999999,1,1,1,-1,-1,5,,wp_body,"[""ruodian01_box1""]",ruodian_jiandingzhong,ruodian,"{""mesh"":""mesh_body"",""effect"":""""}",Hide Wp,ruodianIcon_hide,"{""mesh"":""mesh_body"",""effect"":""""}",zouyincao2normal1_body,ruodianIcon_hide,,normal1Tips31,ruodianIcon_hide,,"{""mesh"":""mesh_body"",""effect"":""""}",dead wp,1
bossdajie17Zouyincao2wp02,wpName49,0,957,0,1,1,-1,-1,0,,wp_trumpet,"[""ruodian02_box1""]",ruodian_jiandingzhong,ruodian,"{""mesh"":""mesh_trumpet"",""effect"":""""}",zouyincao2hide_trumpet,ruodianIcon_hide,"{""mesh"":""mesh_trumpet"",""effect"":""""}",zouyincao2normal1_trumpet,ruodianIcon_hide,,normal1Tips31,ruodianIcon_hide,,,dead wp,0
bossxiaoxiang21Wushi4wp01,wpName50,1,9999999,1,1,1,-1,-1,5,,wp_body,"[""ruodian01_box1""]",ruodian_jiandingzhong,ruodian,"{""mesh"":""mesh_body"",""effect"":""""}",Hide Wp,ruodianIcon_hide,"{""mesh"":""mesh_body"",""effect"":""""}",wushi4normal1_body,ruodianIcon_hide,,normal1Tips31,ruodianIcon_hide,,"{""mesh"":""mesh_body"",""effect"":""""}",dead wp,1
bossxiaoxiang21Wushi4wp02,wpName51,1,9999999,0,1.5,1.5,-1,-1,3,,wp_horn,"[""ruodian02_box1""]",ruodian_jiandingzhong,ruodian,"{""mesh"":""mesh_horn"",""effect"":""""}",wushi4hide_horn,ruodianIcon_hide,"{""mesh"":""mesh_horn"",""effect"":""""}",wushi4normal1_horn,ruodianIcon_hide,,normal1Tips31,ruodianIcon_hide,,"{""mesh"":""mesh_horn"",""effect"":""""}",dead wp,0
bossxiaoxiang21Wushi4wp03,wpName52,0,830,0,1,1,-1,-1,0,,wp_ball,"[""ruodian03_box1""]",ruodian_jiandingzhong,ruodian,"{""mesh"":""mesh_ball"",""effect"":""""}",wushi4hide_ball,ruodianIcon_hide,"{""mesh"":""mesh_ball"",""effect"":""""}",wushi4normal1_ball,ruodianIcon_hide,,normal1Tips31,ruodianIcon_hide,,,dead wp,0
bossxiaoxiang22Xiyiren2wp01,wpName53,1,9999999,1,1,1,-1,-1,5,,wp_body,"[""ruodian01_box1""]",ruodian_jiandingzhong,ruodian,"{""mesh"":""mesh_body"",""effect"":""""}",Hide Wp,ruodianIcon_hide,"{""mesh"":""mesh_body"",""effect"":""""}",xiyiren2normal1_body,ruodianIcon_hide,,normal1Tips31,ruodianIcon_hide,,"{""mesh"":""mesh_body"",""effect"":""""}",dead wp,1
bossxiaoxiang22Xiyiren2wp02,wpName54,1,9999999,0,4,4,-1,-1,3,,wp_rhand,"[""ruodian02_box1""]",ruodian_jiandingzhong,ruodian,"{""mesh"":""mesh_rhand"",""effect"":""""}",xiyiren2hide_hand,ruodianIcon_hide,,xiyiren2normal1_hand,ruodianIcon_hide,,normal1Tips31,ruodianIcon_hide,,,dead wp,3
bossxiaoxiang22Xiyiren2wp03,wpName55,0,715,0,1,1,-1,-1,2,,wp_claw,"[""ruodian03_box1""]",ruodian_jiandingzhong,ruodian,"{""mesh"":""mesh_claw"",""effect"":""""}",xiyiren2hide_claw,ruodianIcon_hide,"{""mesh"":""mesh_claw"",""effect"":""""}",xiyiren2normal1_claw,ruodianIcon_hide,,normal1Tips31,ruodianIcon_hide,,,dead wp,0
bossxiaoxiang23Panshen2wp01,wpName56,1,9999999,1,1,1,-1,-1,5,,wp_body,"[""ruodian01_box1""]",ruodian_jiandingzhong,ruodian,"{""mesh"":""mesh_body"",""effect"":""""}",Hide Wp,ruodianIcon_hide,"{""mesh"":""mesh_body"",""effect"":""""}",panshen2normal1_body,ruodianIcon_hide,,normal1Tips31,ruodianIcon_hide,,"{""mesh"":""mesh_body"",""effect"":""""}",dead wp,1
bossxiaoxiang23Panshen2wp02,wpName57,1,9999999,0,3,3,-1,-1,3,,wp_flower,"[""ruodian02_box1""]",ruodian_jiandingzhong,ruodian,,panshen2hide_eye,ruodianIcon_hide,"{""mesh"":""mesh_flower"",""effect"":""""}",panshen2normal1_eye,ruodianIcon_hide,,normal1Tips31,ruodianIcon_hide,,,dead wp,0
bossxiaoxiang24Shuigui3wp01,wpName58,1,9999999,1,1,1,-1,-1,5,,wp_body,"[""ruodian01_box1""]",ruodian_jiandingzhong,ruodian,"{""mesh"":""mesh_body"",""effect"":""""}",Hide Wp,xionghei,"{""mesh"":""mesh_body"",""effect"":""""}",shuigui3normal1_body,xiong,,normal1Tips31,xiong,,"{""mesh"":""mesh_body"",""effect"":""""}",dead wp,1
bossxiaoxiang24Shuigui3wp02,wpName59,0,600,0,1,1,-1,-1,1,,wp_box,"[""ruodian02_box1""]",ruodian_jiandingzhong,ruodian,,shuigui3hide_box,baoxianghei,"{""mesh"":""mesh_box"",""effect"":""""}",shuigui3normal1_box,baoxiang,,normal1Tips31,baoxiang,,,dead wp,0
bossxiaoxiang24Shuigui3wp03,wpName60,1,9999999,0,3,3,-1,-1,3,,wp_rleg,"[""ruodian03_box1""]",ruodian_jiandingzhong,ruodian,,shuigui3hide_rfoot,jiaohei,,shuigui3normal1_rfoot,jiao,,normal1Tips31,jiao,,,dead wp,3
bossxiaoxiang24Shuigui3wp04,wpName61,0,1000,0,1,1,-1,-1,2,,wp_bird,"[""ruodian04_box1""]",ruodian_jiandingzhong,ruodian,"{""mesh"":""mesh_bird"",""effect"":""""}",shuigui3hide_bird,niaohei,"{""mesh"":""mesh_bird"",""effect"":""""}",shuigui3normal1_bird,niao,,normal1Tips31,niao,,,dead wp,0
bossxiaoxiang25Kairuisi5wp01,wpName62,1,9999999,1,1,1,-1,-1,5,,wp_body,"[""ruodian01_box1""]",ruodian_jiandingzhong,ruodian,"{""mesh"":""mesh_body"",""effect"":""""}",Hide Wp,ruodianIcon_hide,"{""mesh"":""mesh_body"",""effect"":""""}",kairuisi5normal1_body,ruodianIcon_hide,,normal1Tips31,ruodianIcon_hide,,"{""mesh"":""mesh_body"",""effect"":""""}",dead wp,1
bossxiaoxiang25Kairuisi5wp02,wpName63,1,9999999,0,1.5,1.5,-1,-1,3,,wp_head,"[""ruodian02_box1""]",ruodian_jiandingzhong,ruodian,,kairuisi5hide_head,ruodianIcon_hide,,kairuisi5normal1_head,ruodianIcon_hide,,normal1Tips31,ruodianIcon_hide,,,dead wp,0
bossxiaoxiang25Kairuisi5wp03,wpName64,0,1000,0,1,1,-1,-1,0,,wp_weapon,"[""ruodian03_box1""]",ruodian_jiandingzhong,ruodian,"{""mesh"":""mesh_weapon"",""effect"":""""}",kairuisi5hide_weapon,ruodianIcon_hide,"{""mesh"":""mesh_weapon"",""effect"":""""}",kairuisi5normal1_weapon,ruodianIcon_hide,,normal1Tips31,ruodianIcon_hide,,,dead wp,0
bossxiaoxiang26Longgongtongzi3wp01,wpName65,1,9999999,1,1,1,-1,-1,5,,wp_body,"[""ruodian01_box1""]",ruodian_jiandingzhong,ruodian,"{""mesh"":""mesh_body"",""effect"":""""}",Hide Wp,zhengchanghei,"{""mesh"":""mesh_body"",""effect"":""""}",longgongtongzi3normal1_body,ruodianIcon_5,,normal1Tips31,ruodianIcon_hide,,"{""mesh"":""mesh_body"",""effect"":""""}",dead wp,1
bossxiaoxiang26Longgongtongzi3wp02,wpName66,1,9999999,0,2,2,-1,-1,3,,wp_head,"[""ruodian02_box1""]",ruodian_jiandingzhong,ruodian,"{""mesh"":""mesh_head"",""effect"":""""}",longgongtongzi3hide_head,gaohei,"{""mesh"":""mesh_head"",""effect"":""""}",longgongtongzi3normal1_head,ruodianIcon_3,,normal1Tips31,ruodianIcon_hide,,"{""mesh"":""mesh_head"",""effect"":""""}",dead wp,0
bossxiaoxiang26Longgongtongzi3wp03,wpName67,0,1500,0,1,1,-1,-1,0,,wp_ball,"[""ruodian03_box1""]",ruodian_jiandingzhong,ruodian,"{""mesh"":""mesh_ball"",""effect"":""""}",longgongtongzi3hide_ball,jiachenghei,"{""mesh"":""mesh_ball"",""effect"":""""}",longgongtongzi3normal1_ball,ruodianIcon_0,,normal1Tips31,ruodianIcon_hide,,,dead wp,0
bossxiaoxiang27Hetong2wp01,wpName68,1,9999999,1,1,1,-1,-1,5,,wp_body,"[""ruodian01_box1""]",ruodian_jiandingzhong,ruodian,"{""mesh"":""mesh_body"",""effect"":""""}",Hide Wp,ruodianIcon_hide,"{""mesh"":""mesh_body"",""effect"":""""}",hetong2normal1_body,ruodianIcon_hide,,normal1Tips31,ruodianIcon_hide,,"{""mesh"":""mesh_body"",""effect"":""""}",dead wp,1
bossxiaoxiang27Hetong2wp02,wpName69,1,9999999,0,2,2,-1,-1,3,,wp_head,"[""ruodian02_box1""]",ruodian_jiandingzhong,ruodian,"{""mesh"":""mesh_head"",""effect"":""""}",hetong2hide_head,ruodianIcon_hide,"{""mesh"":""mesh_head"",""effect"":""""}",hetong2normal1_head,ruodianIcon_hide,,normal1Tips31,ruodianIcon_hide,,"{""mesh"":""mesh_head"",""effect"":""""}",dead wp,0
bossxiaoxiang27Hetong2wp03,wpName70,0,3000,1,1,1,-1,-1,0,,wp_scarf,"[""ruodian03_box1""]",ruodian_jiandingzhong,ruodian,"{""mesh"":""mesh_scarf"",""effect"":""""}",hetong2hide_scarf,ruodianIcon_hide,"{""mesh"":""mesh_scarf"",""effect"":""""}",hetong2normal1_scarf,ruodianIcon_hide,,normal1Tips31,ruodianIcon_hide,,,dead wp,0
