 #TEXT ,TEXT,NUM,NUM,NUM,NUM,NUM,NUM,TEXT,TEXT,TEXT,TEXT,TEXT,TEXT,TEXT,NUM,TEXT,TEXT,TEXT
id,name,chapter,index,type,difficulty,fatigue,count,desc,enemy1,enemy2,enemy3,enemy4,enemy5,enemy6,bp,reward,bgzhuangshi,instanceSpell
#副本Id,副本名称,章节,章节内索引,1故事 2洞 3通天塔 4公会 5竞技场,难度,疲劳值,每日可完成次数,副本描述,敌人1,敌人2,敌人3,敌人4,敌人5,敌人6,敌方阵容战斗力,奖励Id,ui背景装饰,场景技能
pvp_scene,pvp_title,-1,-1,5,0,6,200,,"xgMoguguai3,0","xgKairuisi4,0","bossdajie17Huapo2,1",,,,133,33101,fubenxuanze_dajie_1,pvp
dajie11,Street - 1,1,0,1,0,6,200,,"xgMoguguai3,0","xgKairuisi4,0","bossdajie17Huapo2,1",,,,133,33101,fubenxuanze_dajie_1,
dajie12,Street - 2,1,1,1,0,6,200,,"xgKairuisi4,0","xgHetong2,0","bossdajie12Mantuoluo2,1",,,,265,33101,fubenxuanze_dajie_1,
dajie13,Street - 3,1,2,1,0,6,200,,"xgWagui3,0","xgXiyiren2,0","bossdajie11Moguguai4,1",,,,405,33101,fubenxuanze_dajie_1,
dajie14,Street - 4,1,3,1,0,6,200,,"xgMoguguai4,0","xgHetong2,0","bossdajie14Piying5,3",,,,410,33102,fubenxuanze_dajie_2,
dajie15,Street - 5,1,4,1,0,6,200,,"xgWagui3,0","xgCike4,0","bossdajie15Langren3,1",,,,430,33101,fubenxuanze_dajie_1,
dajie16,Street - 6,1,5,1,0,6,200,,"xgPanshen2,0","xgHuapo2,0","bossdajie16Zouyincao2,1",,,,585,33101,fubenxuanze_dajie_1,
dajie17,Street - 7,1,6,1,0,6,200,,"xgMoguguai3,0","xgWushi3,0","bossdajie13Cike4,1",,,,595,33101,fubenxuanze_dajie_1,
dajie18,Street - 8,1,7,1,0,6,200,,"xgWushi4,1","xgHuapo2,1","bossdajie18Ladong5,6",,,,650,33103,fubenxuanze_dajie_2,
dajie21,Street1 - 1,1,0,1,1,12,3,,"xgMoguguai3,1","xgKairuisi4,1","bossdajie17Huapo2,3",,,,758,33201,fubenxuanze_dajie_1,
dajie22,Street1 - 2,1,1,1,1,12,3,,"xgKairuisi4,1","xgHetong2,1","bossdajie12Mantuoluo2,3",,,,795,33202,fubenxuanze_dajie_1,
dajie23,Street1 - 3,1,2,1,1,12,3,,"xgWagui3,1","xgMoguguai4,1","bossdajie11Moguguai4,3",,,,802,33203,fubenxuanze_dajie_1,
dajie24,Street1 - 4,1,3,1,1,12,3,,"xgMoguguai4,1","xgHetong2,1","bossdajie14Piying5,5",,,,1100,33204,fubenxuanze_dajie_2,
dajie25,Street1 - 5,1,4,1,1,12,3,,"xgWagui3,1","xgCike4,1","bossdajie15Langren3,3",,,,1000,33205,fubenxuanze_dajie_1,
dajie26,Street1 - 6,1,5,1,1,12,3,,"xgPanshen2,1","xgHuapo2,1","bossdajie16Zouyincao2,3",,,,1150,33206,fubenxuanze_dajie_1,
dajie27,Street1 - 7,1,6,1,1,12,3,,"xgMoguguai3,1","xgWushi3,1","bossdajie13Cike4,3",,,,1200,33207,fubenxuanze_dajie_1,
dajie28,Street1 - 8,1,7,1,1,12,3,,"xgWushi4,1","xgHuapo2,1","bossdajie18Ladong5,6",,,,1300,33208,fubenxuanze_dajie_2,
xiaoxiang11,Alley - 1,2,0,1,0,6,200,,"xgXiyiren4,1","xgMantuoluo2,1","bossxiaoxiang21Wushi4,3",,,,672,33111,fubenxuanze_xiaoxiang_2,
xiaoxiang12,Alley - 2,2,1,1,0,6,200,,"xgHetong3,1","xgXiaochou4,1","bossxiaoxiang22Xiyiren2,3",,,,680,33111,fubenxuanze_xiaoxiang_2,
xiaoxiang13,Alley - 3,2,2,1,0,6,200,,"xgHuapo2,1","xgCike4,1","bossxiaoxiang23Panshen2,3",,,,710,33111,fubenxuanze_xiaoxiang_2,
xiaoxiang14,Alley - 4,2,3,1,0,6,200,,"xgWushi3,1","xgLonggongtongzi3,1","bossxiaoxiang24Shuigui3,4",,,,745,33112,fubenxuanze_xiaoxiang_1,
xiaoxiang15,Alley - 5,2,4,1,0,6,200,,"xgPanshen2,1","xgXiyiren2,1","bossxiaoxiang25Kairuisi5,3",,,,770,33111,fubenxuanze_xiaoxiang_2,
xiaoxiang16,Alley - 6,2,5,1,0,6,200,,"xgLangren5,1","xgShuigui3,1","bossxiaoxiang26Longgongtongzi3,3",,,,810,33111,fubenxuanze_xiaoxiang_2,
xiaoxiang17,Alley - 7,2,6,1,0,6,200,,"xgNvyao5,1","xgHapi1,1","bossxiaoxiang27Hetong2,3",,,,820,33111,fubenxuanze_xiaoxiang_2,
xiaoxiang18,Alley - 8,2,7,1,0,6,200,,"xgKairuisi5,1","xgSaibulesi5,1","bossxiaoxiang28Muling2,6",,,,950,33113,fubenxuanze_xiaoxiang_1,
xiaoxiang21,Alley1 - 1,2,0,1,1,12,3,,"xgXiyiren4,2","xgMantuoluo2,2","bossxiaoxiang21Wushi4,4",,,,1378,33211,fubenxuanze_xiaoxiang_2,
xiaoxiang22,Alley1 - 2,2,1,1,1,12,3,,"xgHetong3,2","xgMoguguai4,2","bossxiaoxiang22Xiyiren2,4",,,,1450,33212,fubenxuanze_xiaoxiang_2,
xiaoxiang23,Alley1 - 3,2,2,1,1,12,3,,"xgHuapo2,2","xgCike4,2","bossxiaoxiang23Panshen2,4",,,,1580,33213,fubenxuanze_xiaoxiang_2,
xiaoxiang24,Alley1 - 4,2,3,1,1,12,3,,"xgWushi3,2","xgLonggongtongzi3,2","bossxiaoxiang24Shuigui3,5",,,,1700,33214,fubenxuanze_xiaoxiang_1,
xiaoxiang25,Alley1 - 5,2,4,1,1,12,3,,"xgPanshen2,2","xgXiyiren2,2","bossxiaoxiang25Kairuisi5,4",,,,1548,33215,fubenxuanze_xiaoxiang_2,
xiaoxiang26,Alley1 - 6,2,5,1,1,12,3,,"xgLangren5,2","xgShuigui3,2","bossxiaoxiang26Longgongtongzi3,4",,,,1600,33216,fubenxuanze_xiaoxiang_2,
xiaoxiang27,Alley1 - 7,2,6,1,1,12,3,,"xgNvyao5,2","xgHapi1,2","bossxiaoxiang27Hetong2,4",,,,1650,33217,fubenxuanze_xiaoxiang_2,
xiaoxiang28,Alley1 - 8,2,7,1,1,12,3,,"xgKairuisi5,2","xgSaibulesi5,2","bossxiaoxiang28Muling2,6",,,,2200,33218,fubenxuanze_xiaoxiang_1,
senlin11,Forest - 1,3,0,1,0,6,200,,"xgHuapo2,2","xgMantuoluo2,2","bosssenlin31Wendige2,4",,,,890,33111,fubenxuanze_senlin_1,
senlin12,Forest - 2,3,1,1,0,6,200,,"xgHetong2,2","xgLonggongtongzi3,2","bosssenlin32Longnv3,4",,,,1130,33111,fubenxuanze_senlin_1,
senlin13,Forest - 3,3,2,1,0,6,200,,"xgWendige2,2","xgXiyiren2,2","bosssenlin33Luoxinfu5,4",,,,1150,33111,fubenxuanze_senlin_1,
senlin14,Forest - 4,3,3,1,0,6,200,,"xgWendige3,2","xgShuigui3,2","bosssenlin34Amute3,6",,,,1250,33121,fubenxuanze_senlin_2,
senlin15,Forest - 5,3,4,1,0,6,200,,"xgSaibulesi5,2","xgMantuoluo2,2","bosssenlin35Xiaochou2,4",,,,1365,33111,fubenxuanze_senlin_1,
senlin16,Forest - 6,3,5,1,0,6,200,,"xgPanshen2,2","xgLongnv3,2","bosssenlin36Momo1,4",,,,1460,33111,fubenxuanze_senlin_1,
senlin17,Forest - 7,3,6,1,0,6,200,,"xgLuoxinfu5,2","xgMomo1,2","bosssenlin37Hapi1,4",,,,1600,33111,fubenxuanze_senlin_1,
senlin18,Forest - 8,3,7,1,0,6,200,,"xgXiaochou2,2","xgAmute3,2","bosssenlin38Meidusha2,6",,,,1800,33122,fubenxuanze_senlin_2,
senlin21,Forest1 - 1,3,0,1,1,12,3,,"xgHuapo2,3","xgMantuoluo2,3","bosssenlin31Wendige2,5",,,,2500,33221,fubenxuanze_senlin_1,
senlin22,Forest1 - 2,3,1,1,1,12,3,,"xgHetong2,3","xgLonggongtongzi3,3","bosssenlin32Longnv3,5",,,,3000,33222,fubenxuanze_senlin_1,
senlin23,Forest1 - 3,3,2,1,1,12,3,,"xgWendige2,3","xgXiyiren2,3","bosssenlin33Luoxinfu5,5",,,,3500,33223,fubenxuanze_senlin_1,
senlin24,Forest1 - 4,3,3,1,1,12,3,,"xgWendige3,3","xgShuigui3,3","bosssenlin34Amute3,6",,,,5000,33224,fubenxuanze_senlin_2,
senlin25,Forest1 - 5,3,4,1,1,12,3,,"xgSaibulesi5,3","xgMantuoluo2,3","bosssenlin35Xiaochou2,5",,,,6000,33225,fubenxuanze_senlin_1,
senlin26,Forest1 - 6,3,5,1,1,12,3,,"xgPanshen2,3","xgLongnv3,3","bosssenlin36Momo1,5",,,,7000,33226,fubenxuanze_senlin_1,
senlin27,Forest1 - 7,3,6,1,1,12,3,,"xgLuoxinfu5,3","xgMomo1,3","bosssenlin37Hapi1,5",,,,8500,33227,fubenxuanze_senlin_1,
senlin28,Forest1 - 8,3,7,1,1,12,3,,"xgXiaochou2,3","xgAmute3,3","bosssenlin38Meidusha2,7",,,,11000,33228,fubenxuanze_senlin_2,
huoshan11,Volcano - 1,4,0,1,0,6,200,,"xgMoguguai4,3","xgCike4,3","bosshuoshan41Hongniu4,5",,,,1700,33131,fubenxuanze_huoshan_1,
huoshan12,Volcano - 2,4,1,1,0,6,200,,"xgXiyiren4,3","xgWushi4,3","bosshuoshan42Daochengsizhong4,5",,,,1800,33131,fubenxuanze_huoshan_1,
huoshan13,Volcano - 3,4,2,1,0,6,200,,"xgKairuisi4,3","xgLuoxinfu5,3","bosshuoshan43Huoniao4,5",,,,2100,33131,fubenxuanze_huoshan_1,
huoshan14,Volcano - 4,4,3,1,0,6,200,,"xgDaochengsizhong4,3","xgMomo1,3","bosshuoshan44Datiangou4,6",,,,2300,33132,fubenxuanze_huoshan_2,
huoshan15,Volcano - 5,4,4,1,0,6,200,,"xgSaibulesi5,3","xgHongniu4,3","bosshuoshan45Saibulesi4,5",,,,2350,33131,fubenxuanze_huoshan_1,
huoshan16,Volcano - 6,4,5,1,0,6,200,,"xgHuoniao4,3","xgHapi1,3","bosshuoshan46Tianshizhang4,5",,,,2500,33131,fubenxuanze_huoshan_1,
huoshan17,Volcano - 7,4,6,1,0,6,200,,"xgTianshizhang4,3","xgAnpusha5,3","bosshuoshan47Ifrit4,5",,,,2800,33131,fubenxuanze_huoshan_1,
huoshan18,Volcano - 8,4,7,1,0,6,200,,"xgSaibulesi4,3","xgIfrit4,3","bosshuoshan48Hehuaisituosi4,7",,,,3300,33133,fubenxuanze_huoshan_2,
huoshan21,Volcano1 - 1,4,0,1,1,12,3,,"xgMoguguai4,4","xgCike4,4","bosshuoshan41Hongniu4,6",,,,12500,33201,fubenxuanze_huoshan_1,
huoshan22,Volcano1 - 2,4,1,1,1,12,3,,"xgXiyiren4,4","xgWushi4,4","bosshuoshan42Daochengsizhong4,6",,,,13000,33202,fubenxuanze_huoshan_1,
huoshan23,Volcano1 - 3,4,2,1,1,12,3,,"xgKairuisi4,4","xgLuoxinfu5,4","bosshuoshan43Huoniao4,6",,,,14000,33203,fubenxuanze_huoshan_1,
huoshan24,Volcano1 - 4,4,3,1,1,12,3,,"xgDaochengsizhong4,4","xgMomo1,4","bosshuoshan44Datiangou4,8",,,,16000,33204,fubenxuanze_huoshan_2,
huoshan25,Volcano1 - 5,4,4,1,1,12,3,,"xgSaibulesi5,4","xgHongniu4,4","bosshuoshan45Saibulesi4,6",,,,17000,33205,fubenxuanze_huoshan_1,
huoshan26,Volcano1 - 6,4,5,1,1,12,3,,"xgHuoniao4,4","xgHapi1,4","bosshuoshan46Tianshizhang4,6",,,,18000,33206,fubenxuanze_huoshan_1,
huoshan27,Volcano1 - 7,4,6,1,1,12,3,,"xgTianshizhang4,4","xgAnpusha5,4","bosshuoshan47Ifrit4,6",,,,19000,33207,fubenxuanze_huoshan_1,
huoshan28,Volcano1 - 8,4,7,1,1,12,3,,"xgSaibulesi4,4","xgIfrit4,4","bosshuoshan48Hehuaisituosi4,9",,,,22000,33208,fubenxuanze_huoshan_2,
xueshan11,Xueshan - 1,5,0,1,0,6,200,,"xgWagui3,4","xgLonggongtongzi3,4","bosschaoxue51Langren5,6",,,,4000,33131,fubenxuanze_xueshan_1,
xueshan12,Xueshan - 2,5,1,1,0,6,200,,"xgLuoxinfu5,4","xgLangren3,4","bosschaoxue52Mengyan5,6",,,,4500,33131,fubenxuanze_xueshan_1,
xueshan13,Xueshan - 3,5,2,1,0,6,200,,"xgMoguguai3,4","xgShuigui3,4","bosschaoxue53Xiaochou3,6",,,,5000,33131,fubenxuanze_xueshan_1,
xueshan14,Xueshan - 4,5,3,1,0,6,200,,"xgWendige3,4","xgXiaochou3,4","bosschaoxue54Bingyan3,8",,,,6000,33112,fubenxuanze_xueshan_2,
xueshan15,Xueshan - 5,5,4,1,0,6,200,,"xgWushi3,4","xgHetong3,4","bosschaoxue55Sheshou3,6",,,,6500,33131,fubenxuanze_xueshan_1,
xueshan16,Xueshan - 6,5,5,1,0,6,200,,"xgLangren5,4","xgBingyan3,4","bosschaoxue56Huoniao3,6",,,,7000,33131,fubenxuanze_xueshan_1,
xueshan17,Xueshan - 7,5,6,1,0,6,200,,"xgMengyan5,4","xgAmute3,4","bosschaoxue57Wendige3,6",,,,7500,33131,fubenxuanze_xueshan_1,
xueshan18,Xueshan - 8,5,7,1,0,6,200,,"xgSheshouzuo3,4","xgLongnv3,4","bosschaoxue58Yimier3,9",,,,8500,33113,fubenxuanze_xueshan_2,
xueshan21,Xueshan1 - 1,5,0,1,1,12,3,,"xgWagui3,3","xgLonggongtongzi3,3","bosschaoxue51Langren5,6",,,,30000,33231,fubenxuanze_xueshan_1,
xueshan22,Xueshan1 - 2,5,1,1,1,12,3,,"xgLuoxinfu5,3","xgLangren3,3","bosschaoxue52Mengyan5,6",,,,35000,33231,fubenxuanze_xueshan_1,
xueshan23,Xueshan1 - 3,5,2,1,1,12,3,,"xgMoguguai3,4","xgShuigui3,4","bosschaoxue53Xiaochou3,6",,,,40000,33231,fubenxuanze_xueshan_1,
xueshan24,Xueshan1 - 4,5,3,1,1,12,3,,"xgWendige3,5","xgXiaochou3,5","bosschaoxue54Bingyan3,8",,,,50000,33232,fubenxuanze_xueshan_2,
xueshan25,Xueshan1 - 5,5,4,1,1,12,3,,"xgWushi3,4","xgHetong3,4","bosschaoxue55Sheshou3,7",,,,55000,33233,fubenxuanze_xueshan_1,
xueshan26,Xueshan1 - 6,5,5,1,1,12,3,,"xgLangren5,5","xgBingyan3,5","bosschaoxue56Huoniao3,7",,,,62000,33233,fubenxuanze_xueshan_1,
xueshan27,Xueshan1 - 7,5,6,1,1,12,3,,"xgMengyan5,5","xgAmute3,5","bosschaoxue57Wendige3,7",,,,69000,33233,fubenxuanze_xueshan_1,
xueshan28,Xueshan1 - 8,5,7,1,1,12,3,,"xgSheshouzuo3,5","xgLongnv3,5","bosschaoxue58Yimier3,9",,,,80000,33234,fubenxuanze_xueshan_2,
minghe11,Minghe - 1,6,0,1,0,6,200,,"xgMengyan5,4","xgHuoniao3,4","bossminghe61Dujiaoshou5,6",,,,9000,33131,fubenxuanze_minghe_1,
minghe12,Minghe - 2,6,1,1,0,6,200,,"xgLangren5,4","xgAmute3,4","bossminghe62Anpusha5,6",,,,10000,33131,fubenxuanze_minghe_1,
minghe13,Minghe - 3,6,2,1,0,6,200,,"xgLuoxinfu5,4","xgKairuisi5,4","bossminghe63Ifrit5,6",,,,11000,33131,fubenxuanze_minghe_1,
minghe14,Minghe - 4,6,3,1,0,6,200,,"xgIfrit5,4","xgDujiaoshou5,4","bossminghe64Nvyao5,8",,,,13000,33121,fubenxuanze_minghe_2,
minghe15,Minghe - 5,6,4,1,0,6,200,,"xgPanshen2,4","xgAnpusha5,4","bossminghe65Weitianshi5,6",,,,14000,33131,fubenxuanze_minghe_1,
minghe16,Minghe - 6,6,5,1,0,6,200,,"xgNvyao5,4","xgWeitianshi5,4","bossminghe66Saibulesi5,6",,,,15000,33131,fubenxuanze_minghe_1,
minghe17,Minghe - 7,6,6,1,0,6,200,,"xgSaibulesi5,4","xgBingyan3,4","bossminghe67Change5,6",,,,16000,33131,fubenxuanze_minghe_1,
minghe18,Minghe - 8,6,7,1,0,6,200,,"xgChange5,4","xgPiying5,4","bossminghe68Karong5,9",,,,18000,33122,fubenxuanze_minghe_2,
minghe21,Minghe1 - 1,6,0,1,1,12,3,,"xgMengyan5,6","xgHuoniao3,6","bossminghe61Dujiaoshou5,8",,,,85000,33231,fubenxuanze_minghe_1,
minghe22,Minghe1 - 2,6,1,1,1,12,3,,"xgLangren5,6","xgAmute3,6","bossminghe62Anpusha5,8",,,,95000,33231,fubenxuanze_minghe_1,
minghe23,Minghe1 - 3,6,2,1,1,12,3,,"xgLuoxinfu5,6","xgKairuisi5,6","bossminghe63Ifrit5,8",,,,105000,33231,fubenxuanze_minghe_1,
minghe24,Minghe1 - 4,6,3,1,1,12,3,,"xgIfrit5,7","xgDujiaoshou5,7","bossminghe64Nvyao5,9",,,,130000,33232,fubenxuanze_minghe_2,
minghe25,Minghe1 - 5,6,4,1,1,12,3,,"xgPanshen2,7","xgAnpusha5,7","bossminghe65Weitianshi5,9",,,,150000,33233,fubenxuanze_minghe_1,
minghe26,Minghe1 - 6,6,5,1,1,12,3,,"xgNvyao5,8","xgWeitianshi5,8","bossminghe66Saibulesi5,10",,,,170000,33233,fubenxuanze_minghe_1,
minghe27,Minghe1 - 7,6,6,1,1,12,3,,"xgSaibulesi5,8","xgBingyan3,8","bossminghe67Change5,10",,,,190000,33233,fubenxuanze_minghe_1,
minghe28,Minghe1 - 8,6,7,1,1,12,3,,"xgchange5,8","xgPiying5,8","bossminghe68Karong5,11",,,,220000,33234,fubenxuanze_minghe_2,
kongdao11,Kongdao - 1,7,0,1,0,6,200,,"xgWeitianshi1,4","xgMomo1,4","bosskongdao71Weitianshi1,6",,,,24000,33131,fubenxuanze_tianzhiguo_1,
kongdao12,Kongdao - 2,7,1,1,0,6,200,,"xgSheshouzuo1,4","xgHapi1,4","bosskongdao72Nvyao1,6",,,,27000,33131,fubenxuanze_tianzhiguo_1,
kongdao13,Kongdao - 3,7,2,1,0,6,200,,"xgSheshouzuo3,4","xgHuoniao3,4","bosskongdao73Luoxinfu1,6",,,,30000,33131,fubenxuanze_tianzhiguo_1,
kongdao14,Kongdao - 4,7,3,1,0,6,200,,"xgBingxuenvwang3,4","xgLongnv1,4","bosskongdao74Piying1,8",,,,40000,33112,fubenxuanze_tianzhiguo_2,
kongdao15,Kongdao - 5,7,4,1,0,6,200,,"xgLuoxinfu1,4","xgAnpusha5,4","bosskongdao75Sheshou1,6",,,,42000,33131,fubenxuanze_tianzhiguo_1,
kongdao16,Kongdao - 6,7,5,1,0,6,200,,"xgNvyao1,4","xgIfrit4,4","bosskongdao76Yifanmumian1,6",,,,46000,33131,fubenxuanze_tianzhiguo_1,
kongdao17,Kongdao - 7,7,6,1,0,6,200,,"xgPiying1,4","xgDujiaoshou1,4","bosskongdao77Longnv1,6",,,,50000,33131,fubenxuanze_tianzhiguo_1,
kongdao18,Kongdao - 8,7,7,1,0,6,200,,"xgChange1,4","xgYifanmumian1,4","bosskongdao78Jinglingwang1,9",,,,60000,33113,fubenxuanze_tianzhiguo_2,
kongdao21,Kongdao1 - 1,7,0,1,1,12,3,,"xgWeitianshi1,4","xgMomo1,4","bosskongdao71Weitianshi1,6",,,,4725,33231,fubenxuanze_tianzhiguo_1,
kongdao22,Kongdao1 - 2,7,1,1,1,12,3,,"xgSheshouzuo1,4","xgHapi1,4","bosskongdao72Nvyao1,6",,,,5555,33231,fubenxuanze_tianzhiguo_1,
kongdao23,Kongdao1 - 3,7,2,1,1,12,3,,"xgSheshouzuo3,4","xgHuoniao3,4","bosskongdao73Luoxinfu1,6",,,,5914,33231,fubenxuanze_tianzhiguo_1,
kongdao24,Kongdao1 - 4,7,3,1,1,12,3,,"xgBingxuenvwang3,4","xgLongnv1,4","bosskongdao74Piying1,8",,,,6736,33232,fubenxuanze_tianzhiguo_2,
kongdao25,Kongdao1 - 5,7,4,1,1,12,3,,"xgLuoxinfu1,4","xgAnpusha5,4","bosskongdao75Sheshou1,6",,,,5555,33233,fubenxuanze_tianzhiguo_1,
kongdao26,Kongdao1 - 6,7,5,1,1,12,3,,"xgNvyao1,4","xgIfrit4,4","bosskongdao76Yifanmumian1,6",,,,5914,33233,fubenxuanze_tianzhiguo_1,
kongdao27,Kongdao1 - 7,7,6,1,1,12,3,,"xgPiying1,4","xgDujiaoshou1,4","bosskongdao77Longnv1,6",,,,6736,33233,fubenxuanze_tianzhiguo_1,
kongdao28,Kongdao1 - 8,7,7,1,1,12,3,,"xgChange1,4","xgYifanmumian1,4","bosskongdao78Jinglingwang1,9",,,,9000,33234,fubenxuanze_tianzhiguo_2,
renjie11,Renjie - 1,8,0,1,0,6,200,,"xgJinglingwang2,4","xgKahuna2,4","bossrenjie81Huapo2awaken,6",,,,62000,33131,fubenxuanze_feixutushuguan_1,bossrenjie81Huapo2awaken8
renjie12,Renjie - 2,8,1,1,0,6,200,,"xgDaochengsizhong4,4","xgHongniu4,4","bossrenjie82Huoniao4awaken,6",,,,72000,33131,fubenxuanze_feixutushuguan_1,bossrenjie82Huoniao4awaken9
renjie13,Renjie - 3,8,2,1,0,6,200,,"xgBingxuenvwang3,4","xgAmute3,4","bossrenjie83Amute3awaken,6",,,,82000,33131,fubenxuanze_feixutushuguan_1,bossrenjie83Amute3awaken7
renjie14,Renjie - 4,8,3,1,0,6,200,,"xgIfrit5,4","xgWeitianshi5,4","bossrenjie84Anpusha5awaken,8",,,,100000,33121,fubenxuanze_feixutushuguan_2,bossrenjie84Anpusha5awaken5
renjie15,Renjie - 5,8,4,1,0,6,200,,"xgSheshouzuo1,4","xgWeitianshi1,4","bossrenjie85Dujiaoshou1awaken,6",,,,110000,33131,fubenxuanze_feixutushuguan_1,bossrenjie85Dujiaoshou1awaken9
renjie16,Renjie - 6,8,5,1,0,6,200,,"xgTianshizhang4,4","xgPanshen2,4","bossrenjie86Landuo2,6",,,,125000,33131,fubenxuanze_feixutushuguan_1,
renjie17,Renjie - 7,8,6,1,0,6,200,,"xgChange5,4","xgHuoniao4,4","bossrenjie87Baonu4,6",,,,140000,33131,fubenxuanze_feixutushuguan_1,
renjie18,Renjie - 8,8,7,1,0,6,200,,"xgDatiangou4,4","xgTianshizhang1,4","bossrenjie88Yafogemeng5,9",,,,170000,33122,fubenxuanze_feixutushuguan_2,
renjie21,Renjie1 - 1,8,0,1,1,12,3,,"xgJinglingwang2,4","xgKahuna2,4","bossrenjie81Huapo2awaken,6",,,,4725,33231,fubenxuanze_feixutushuguan_1,bossrenjie81Huapo2awaken8
renjie22,Renjie1 - 2,8,1,1,1,12,3,,"xgDaochengsizhong4,4","xgHongniu4,4","bossrenjie82Huoniao4awaken,6",,,,5555,33231,fubenxuanze_feixutushuguan_1,bossrenjie82Huoniao4awaken9
renjie23,Renjie1 - 3,8,2,1,1,12,3,,"xgBingxuenvwang3,4","xgAmute3,4","bosrenjie83Amute3awaken,6",,,,5914,33231,fubenxuanze_feixutushuguan_1,bossrenjie83Amute3awaken7
renjie24,Renjie1 - 4,8,3,1,1,12,3,,"xgIfrit5,4","xgWeitianshi5,4","bossrenjie84Anpusha5awaken,8",,,,6736,33232,fubenxuanze_feixutushuguan_2,bossrenjie84Anpusha5awaken5
renjie25,Renjie1 - 5,8,4,1,1,12,3,,"xgSheshouzuo1,4","xgWeitianshi1,4","bossrenjie85Dujiaoshou1awaken,6",,,,5555,33233,fubenxuanze_feixutushuguan_1,bossrenjie85Dujiaoshou1awaken9
renjie26,Renjie1 - 6,8,5,1,1,12,3,,"xgTianshizhang4,4","xgPanshen2,4","bossrenjie86Landuo2,6",,,,5914,33233,fubenxuanze_feixutushuguan_1,
renjie27,Renjie1 - 7,8,6,1,1,12,3,,"xgChange5,4","xgHuoniao4,4","bossrenjie87Baonu4,6",,,,6736,33233,fubenxuanze_feixutushuguan_1,
renjie28,Renjie1 - 8,8,7,1,1,12,3,,"xgDatiangou4,4","xgTianshizhang1,4","bossrenjie88Yafogemeng5,9",,,,9000,33234,fubenxuanze_feixutushuguan_2,
gonghuisenlin17,Forest - 7,-1,-1,4,0,6,200,,"xgLuoxinfu5,2","xgMomo1,2","bosssenlin37Hapi1,4",,,,2255,gonghui,fubenxuanze_senlin_1,
gonghuisenlin18,Forest - 8,-1,-1,4,0,6,200,,"xgXiaochou2,2","xgAmute3,2","bosssenlin38Meidusha2,6",,,,2555,gonghui,fubenxuanze_senlin_2,
gonghuihuoshan11,Volcano - 1,-1,-1,4,0,6,200,,"xgMoguguai4,3","xgCike4,3","bosshuoshan41Hongniu4,5",,,,2605,gonghui,fubenxuanze_huoshan_1,
gonghuihuoshan12,Volcano - 2,-1,-1,4,0,6,200,,"xgXiyiren4,3","xgWushi4,3","bosshuoshan42Daochengsizhong4,5",,,,3280,gonghui,fubenxuanze_huoshan_1,
gonghuihuoshan18,Volcano - 8,-1,-1,4,0,6,200,,"xgSaibulesi4,3","xgIfrit4,3","bosshuoshan48Hehuaisituosi4,7",,,,5230,gonghui,fubenxuanze_huoshan_2,
gonghuihuoshan14,Volcano - 4,-1,-1,4,0,6,200,,"xgDaochengsizhong4,3","xgMomo1,3","bosshuoshan44Datiangou4,6",,,,2300,33132,fubenxuanze_huoshan_2,
gonghuihuoshan15,Volcano - 5,-1,-1,4,0,6,200,,"xgSaibulesi5,3","xgHongniu4,3","bosshuoshan45Saibulesi4,5",,,,2350,33131,fubenxuanze_huoshan_1,
gonghuihuoshan16,Volcano - 6,-1,-1,4,0,6,200,,"xgHuoniao4,3","xgHapi1,3","bosshuoshan46Tianshizhang4,5",,,,2500,33131,fubenxuanze_huoshan_1,
gonghuihuoshan17,Volcano - 7,-1,-1,4,0,6,200,,"xgTianshizhang4,3","xgAnpusha5,3","bosshuoshan47Ifrit4,5",,,,2800,33131,fubenxuanze_huoshan_1,
gonghuixueshan12,Xueshan - 2,-1,-1,4,0,6,200,,"xgLuoxinfu5,3","xgLangren3,3","bosschaoxue52Mengyan5,6",,,,4500,33131,fubenxuanze_xueshan_1,
gonghuixueshan13,Xueshan - 3,-1,-1,4,0,6,200,,"xgMoguguai3,3","xgShuigui3,3","bosschaoxue53Xiaochou3,6",,,,5000,33131,fubenxuanze_xueshan_1,
gonghuixueshan14,Xueshan - 4,-1,-1,4,0,6,200,,"xgWendige3,3","xgXiaochou3,3","bosschaoxue54Bingyan3,6",,,,6000,33112,fubenxuanze_xueshan_2,
gonghuiminghe14,Minghe - 4,-1,-1,4,0,6,200,,"xgIfrit5,3","xgDujiaoshou5,3","bossminghe64Nvyao5,6",,,,13000,33121,fubenxuanze_minghe_2,
gonghuiminghe15,Minghe - 5,-1,-1,4,0,6,200,,"xgPanshen2,3","xgAnpusha5,3","bossminghe65Weitianshi5,6",,,,14000,33131,fubenxuanze_minghe_1,
gonghuiminghe16,Minghe - 6,-1,-1,4,0,6,200,,"xgNvyao5,3","xgWeitianshi5,3","bossminghe66Saibulesi5,6",,,,15000,33131,fubenxuanze_minghe_1,
gonghuikongdao11,Kongdao - 1,-1,-1,4,0,6,200,,"xgWeitianshi1,4","xgMomo1,4","bosskongdao71Weitianshi1,6",,,,24000,33131,fubenxuanze_tianzhiguo_1,
gonghuikongdao12,Kongdao - 2,-1,-1,4,0,6,200,,"xgSheshouzuo1,4","xgHapi1,4","bosskongdao72Nvyao1,6",,,,27000,33131,fubenxuanze_tianzhiguo_1,
gonghuikongdao13,Kongdao - 3,-1,-1,4,0,6,200,,"xgSheshouzuo3,4","xgHuoniao3,4","bosskongdao73Luoxinfu1,6",,,,30000,33131,fubenxuanze_tianzhiguo_1,
gonghuikongdao14,Kongdao - 4,-1,-1,4,0,6,200,,"xgBingxuenvwang3,4","xgLongnv1,4","bosskongdao74Piying1,8",,,,40000,33112,fubenxuanze_tianzhiguo_2,
gonghuirenjie12,Renjie - 2,-1,-1,4,0,6,200,,"xgDaochengsizhong4,4","xgHongniu4,4","bossrenjie82Huoniao4awaken,6",,,,72000,33131,fubenxuanze_feixutushuguan_1,bossrenjie82Huoniao4awaken9
gonghuirenjie13,Renjie - 3,-1,-1,4,0,6,200,,"xgBingxuenvwang3,4","xgAmute3,4","bosrenjie83Amute3awaken,6",,,,82000,33131,fubenxuanze_feixutushuguan_1,bossrenjie83Amute3awaken7
gonghuirenjie14,Renjie - 4,-1,-1,4,0,6,200,,"xgIfrit5,4","xgWeitianshi5,4","bossrenjie84Anpusha5awaken,8",,,,100000,33121,fubenxuanze_feixutushuguan_2,bossrenjie84Anpusha5awaken5
gonghuirenjie15,Renjie - 5,-1,-1,4,0,6,200,,"xgSheshouzuo1,4","xgWeitianshi1,4","bossrenjie85Dujiaoshou1awaken,6",,,,110000,33131,fubenxuanze_feixutushuguan_1,bossrenjie85Dujiaoshou1awaken9
gonghuirenjie16,Renjie - 6,-1,-1,4,0,6,200,,"xgTianshizhang4,4","xgPanshen2,4","bossrenjie86Landuo2,6",,,,125000,33131,fubenxuanze_feixutushuguan_1,
zhifuletu1,Zhifuletu - 1,-1,-1,2,0,6,3,,"xgSaibulesi4,1","xgXiaochou3,1","bosszhifuletuJiuweihu4,3",,,,775,jy101,fubenxuanze_minghe,
zhifuletu2,Zhifuletu - 2,-1,-1,2,0,6,3,,"xgSaibulesi4,2","xgXiaochou3,2","bosszhifuletuJiuweihu4,5",,,,1160,jy102,fubenxuanze_minghe,
zhifuletu3,Zhifuletu - 3,-1,-1,2,0,6,3,,"xgSaibulesi4,3","xgXiaochou3,3","bosszhifuletuJiuweihu4,6",,,,3500,jy103,fubenxuanze_minghe,
zhifuletu4,Zhifuletu - 4,-1,-1,2,0,6,3,,"xgSaibulesi4,5","xgXiaochou3,5","bosszhifuletuJiuweihu4,8",,,,9000,jy104,fubenxuanze_minghe,
zhifuletu5,Zhifuletu - 5,-1,-1,2,0,6,3,,"xgSaibulesi4,5","xgXiaochou3,5","bosszhifuletuJiuweihu4,9",,,,20000,jy105,fubenxuanze_minghe,
zhifuletu6,Zhifuletu - 6,-1,-1,2,0,6,3,,"xgSaibulesi4,6","xgXiaochou3,6","bosszhifuletuJiuweihu4,10",,,,65000,jy106,fubenxuanze_minghe,
midasigong1,Midasigong - 1,-1,-1,2,0,6,3,,"xgXiaochou4,1","xgWendige2,1","bossmidasigongHuangjinzhiling1,3",,,,775,jb101,fubenxuanze_minghe,
midasigong2,Midasigong - 2,-1,-1,2,0,6,3,,"xgXiaochou4,2","xgWendige2,2","bossmidasigongHuangjinzhiling1,5",,,,1160,jb102,fubenxuanze_minghe,
midasigong3,Midasigong - 3,-1,-1,2,0,6,3,,"xgXiaochou4,3","xgWendige2,3","bossmidasigongHuangjinzhiling1,6",,,,3500,jb103,fubenxuanze_minghe,
midasigong4,Midasigong - 4,-1,-1,2,0,6,3,,"xgXiaochou4,5","xgWendige2,5","bossmidasigongHuangjinzhiling1,8",,,,9000,jb104,fubenxuanze_minghe,
midasigong5,Midasigong - 5,-1,-1,2,0,6,3,,"xgXiaochou4,5","xgWendige2,5","bossmidasigongHuangjinzhiling1,9",,,,20000,jb105,fubenxuanze_minghe,
midasigong6,Midasigong - 6,-1,-1,2,0,6,3,,"xgXiaochou4,7","xgWendige2,7","bossmidasigongHuangjinzhiling1,10",,,,65000,jb106,fubenxuanze_minghe,
shilianta1,shilianta - 1,-1,-1,3,0,6,3,,"xgKairuisi4,0","xgCike4,0","bossshiliantaMoguguai4,1",,,,775,t1001,fubenxuanze_minghe,
shilianta2,shilianta - 2,-1,-1,3,0,6,3,,"xgXiyiren2,0","xgMantuoluo2,0","bossshiliantaZouyincao2,1",,,,775,t1002,fubenxuanze_minghe,
shilianta3,shilianta - 3,-1,-1,3,0,6,3,,"xgWushi3,0","xgHetong3,0","bossshiliantaLangren3,1",,,,900,t1003,fubenxuanze_minghe,
shilianta4,shilianta - 4,-1,-1,3,0,6,3,,"xgSheshouzuo1,0","xgHapi1,0","bossshiliantaMomo1,1",,,,1000,t1004,fubenxuanze_minghe,
shilianta5,shilianta - 5,-1,-1,3,0,6,3,,"xgLangren5,0","xgLuoxinfu5,0","bossshiliantaPiying5,1",,,,1200,t1005,fubenxuanze_minghe,
shilianta6,shilianta - 6,-1,-1,3,0,6,3,,"xgPanshen2,1","xgMoguguai3,1","bossshiliantaHongniu4,3",,,,1300,t1006,fubenxuanze_minghe,
shilianta7,shilianta - 7,-1,-1,3,0,6,3,,"xgMoguguai4,1","xgAmute3,1","bossshiliantaHuapo2,3",,,,1300,t1007,fubenxuanze_minghe,
shilianta8,shilianta - 8,-1,-1,3,0,6,3,,"xgHetong2,1","xgWushi4,1","bossshiliantaLonggongtongzi3,3",,,,1400,t1008,fubenxuanze_minghe,
shilianta9,shilianta - 9,-1,-1,3,0,6,3,,"xgShuigui3,1","xgHuoniao4,1","bossshiliantaSaibulesi4,3",,,,1410,t1009,fubenxuanze_minghe,
shilianta10,shilianta - 10,-1,-1,3,0,6,3,,"xgshiliantaNvyao5,1","xgshiliantaWeitianshi5,1","bossshiliantaPanshen2,3",,,,1550,t1010,fubenxuanze_minghe,
shilianta11,shilianta - 11,-1,-1,3,0,6,3,,"xgWendige2,2","xgSheshouzuo3,2","bossshiliantaAmute3,4",,,,1550,t1011,fubenxuanze_minghe,
shilianta12,shilianta - 12,-1,-1,3,0,6,3,,"xgSaibulesi4,2","xgBingyan3,2","bossshiliantaLuoxinfu5,4",,,,1650,t1012,fubenxuanze_minghe,
shilianta13,shilianta - 13,-1,-1,3,0,6,3,,"xgHetong2,2","xgLonggongtongzi3,2","bossshiliantaLongnv3,4",,,,1720,t1013,fubenxuanze_minghe,
shilianta14,shilianta - 14,-1,-1,3,0,6,3,,"xgMengyan5,2","xgHongniu4,2","bossshiliantaDaochengsizhong4,4",,,,1750,t1014,fubenxuanze_minghe,
shilianta15,shilianta - 15,-1,-1,3,0,6,3,,"xgshiliantaChange1,2","xgshiliantaDujiaoshou1,2","bossshiliantaKairuisi5,4",,,,1850,t1015,fubenxuanze_minghe,
shilianta16,shilianta - 16,-1,-1,3,0,6,3,,"xgHuapo2,3","xgHuoniao3,3","bossshiliantaShuigui3,5",,,,1900,t1016,fubenxuanze_minghe,
shilianta17,shilianta - 17,-1,-1,3,0,6,3,,"xgPiying5,3","xgIfrit4,3","bossshiliantaWendige2,5",,,,1950,t1017,fubenxuanze_minghe,
shilianta18,shilianta - 18,-1,-1,3,0,6,3,,"xgshiliantaXiaochou4,3","xgshiliantaXiaochou2,3","bossshiliantaXiaochou3,5",,,,2000,t1018,fubenxuanze_minghe,
shilianta19,shilianta - 19,-1,-1,3,0,6,3,,"xgDaochengsizhong4,3","xgDujiaoshou5,3","bossshiliantaHetong2,5",,,,2150,t1019,fubenxuanze_minghe,
shilianta20,shilianta - 20,-1,-1,3,0,6,3,,"xgChange5,3","xgBingxuenvwang3,3","bossshiliantaIfrit4,6",,,,3250,t1020,fubenxuanze_minghe,
siwangta1,siwangta - 1,-1,-1,3,0,6,3,,"xgMoguguai4,2","xgMoguguai3,2","bosssiwangtaMengyan5,4",,,,2700,t2001,fubenxuanze_minghe,
siwangta2,siwangta - 2,-1,-1,3,0,6,3,,"xgHetong2,2","xgWushi4,2","bosssiwangtaCike4,4",,,,2750,t2002,fubenxuanze_minghe,
siwangta3,siwangta - 3,-1,-1,3,0,6,3,,"xgXiyiren4,2","xgLangren3,2","bosssiwangtaSheshou3,4",,,,2800,t2003,fubenxuanze_minghe,
siwangta4,siwangta - 4,-1,-1,3,0,6,3,,"xgWagui3,2","xgXiyiren2,2","bosssiwangtaMantuoluo2,4",,,,2850,t2004,fubenxuanze_minghe,
siwangta5,siwangta - 5,-1,-1,3,0,6,3,,"xgXiaochou2,2","xgHuoniao3,2","bosssiwangtaHapi1,4",,,,3000,t2005,fubenxuanze_minghe,
siwangta6,siwangta - 6,-1,-1,3,0,6,3,,"xgMengyan5,3","xgCike4,3","bosssiwangtaXiaochou2,5",,,,2900,t2006,fubenxuanze_minghe,
siwangta7,siwangta - 7,-1,-1,3,0,6,3,,"xgXiaochou3,3","xgMantuoluo2,3","bosssiwangtaLangren5,5",,,,3000,t2007,fubenxuanze_minghe,
siwangta8,siwangta - 8,-1,-1,3,0,6,3,,"xgSaibulesi4,3","xgLonggongtongzi3,3","bosssiwangtaHuoniao4,5",,,,3100,t2008,fubenxuanze_minghe,
siwangta9,siwangta - 9,-1,-1,3,0,6,3,,"xgWushi3,3","xgHapi1,3","bosssiwangtaSaibulesi5,5",,,,3300,t2009,fubenxuanze_minghe,
siwangta10,siwangta - 10,-1,-1,3,0,6,3,,"xgLangren5,3","xgKairuisi5,3","bosssiwangtaBingyan3,5",,,,3600,t2010,fubenxuanze_minghe,
siwangta11,siwangta - 11,-1,-1,3,0,6,3,,"xgWendige3,4","xgHuoniao4,4","bosssiwangtaWeitianshi5,6",,,,3600,t2011,fubenxuanze_minghe,
siwangta12,siwangta - 12,-1,-1,3,0,6,3,,"xgLuoxinfu5,4","xgSheshouzuo3,4","bosssiwangtaXiyiren2,6",,,,3750,t2012,fubenxuanze_minghe,
siwangta13,siwangta - 13,-1,-1,3,0,6,3,,"xgBingxuenvwang3,4","xgWeitianshi5,4","bosssiwangtaNvyao5,6",,,,3900,t2013,fubenxuanze_minghe,
siwangta14,siwangta - 14,-1,-1,3,0,6,3,,"xgWeitianshi1,4","xgTianshizhang4,4","bosssiwangtaWushi4,6",,,,4050,t2014,fubenxuanze_minghe,
siwangta15,siwangta - 15,-1,-1,3,0,6,3,,"xgHuapo2,4","xgBingyan3,4","bosssiwangtaDatiangou4,6",,,,4200,t2015,fubenxuanze_minghe,
siwangta16,siwangta - 16,-1,-1,3,0,6,3,,"xgXiaochou4,4","xgDujiaoshou5,4","bosssiwangtaMomo1,6",,,,4200,t2016,fubenxuanze_minghe,
siwangta17,siwangta - 17,-1,-1,3,0,6,3,,"xgKairuisi4,4","xgAmute3,4","bosssiwangtaWendige3,6",,,,4600,t2017,fubenxuanze_minghe,
siwangta18,siwangta - 18,-1,-1,3,0,6,3,,"xgsiwangtaChange1,4","xgLongnv1,4","bosssiwangtaIfrit5,6",,,,5200,t2018,fubenxuanze_minghe,
siwangta19,siwangta - 19,-1,-1,3,0,6,3,,"xgNvyao5,4","xgHongniu4,4","bosssiwangtaDujiaoshou5,6",,,,5800,t2019,fubenxuanze_minghe,
siwangta20,siwangta - 20,-1,-1,3,0,6,3,,"xgIfrit4,4","xgAnpusha5,4","bosssiwangtaLadong5,6",,,,6200,t2020,fubenxuanze_minghe,
siwangta21,siwangta - 21,-1,-1,3,0,6,3,,"xgChange5,5","xgsiwangtaChange1,5","bosssiwangtaShuigui3,7",,,,6500,t2021,fubenxuanze_minghe,
siwangta22,siwangta - 22,-1,-1,3,0,6,3,,"xgHuapo2,5","xgMomo1,5","bosssiwangtaHuoniao3,7",,,,6800,t2022,fubenxuanze_minghe,
siwangta23,siwangta - 23,-1,-1,3,0,6,3,,"xgIfrit5,5","xgBingxuenvwang3,5","bosssiwangtaPanshen2,7",,,,7100,t2023,fubenxuanze_minghe,
siwangta24,siwangta - 24,-1,-1,3,0,6,3,,"xgDaochengsizhong4,5","xgTianshizhang1,5","bosssiwangtaAnpusha5,7",,,,7500,t2024,fubenxuanze_minghe,
siwangta25,siwangta - 25,-1,-1,3,0,6,3,,"xgDatiangou4,5","xgHetong3,5","bosssiwangtaMuling2,7",,,,7900,t2025,fubenxuanze_minghe,
siwangta26,siwangta - 26,-1,-1,3,0,6,3,,"xgWendige2,5","xgKairuisi5,5","bosssiwangtaPiying5,7",,,,10000,t2026,fubenxuanze_minghe,
siwangta27,siwangta - 27,-1,-1,3,0,6,3,,"xgSheshouzuo1,5","xgWushi4,5","bosssiwangtaChange5,7",,,,12000,t2027,fubenxuanze_minghe,
siwangta28,siwangta - 28,-1,-1,3,0,6,3,,"xgSaibulesi5,5","xgHapi1,5","bosssiwangtaHetong2,7",,,,14000,t2028,fubenxuanze_minghe,
siwangta29,siwangta - 29,-1,-1,3,0,6,3,,"xgPiying5,5","xgDujiaoshou1,5","bosssiwangtaTianshizhang4,7",,,,16000,t2029,fubenxuanze_minghe,
siwangta30,siwangta - 30,-1,-1,3,0,6,3,,"xgPanshen2,5","xgLongnv3,5","bosssiwangtaMeidusha2,7",,,,16000,t2030,fubenxuanze_minghe,
