#TEXT,TEXT,NUM ,TEXT,NUM ,NUM ,NUM,NUM ,NUM ,NUM,TEXT,NUM ,NUM ,NUM ,NUM ,NUM ,NUM ,FLOAT,TEXT,TEXT,TEXT,TEXT,NUM ,NUM ,NUM ,TEXT,NUM,NUM,NUM,TEXT,NUM
id,name,classType,asset,type,subType,grade,minLevel,condition,times,tips,bindType,sellPrice,sellType,buyPrice,buyType,stack,forgeAdjust,rewardId,componentItem,needItem,targetItem,needCount,addAttrType,addAttrValue,gemId,gemType,part,durability,itemfounds,black
#id,名称,1角色2怪物,资源,类型（1=材料，2=碎片，3=宝石，4=宝箱，5=消耗品，7=装备）,类型子集,品级,最低级别,使用条件,每天可使用次数,提示文案,绑定类型,数量,1宝石2金币,数量,1宝石2金币,堆叠上限,金币系数,宝箱的奖励id,合成该装备需要的道具,前置装备列表,合成/兑换列表,合成/兑换需要数量,消耗品增益类型,消耗品增益数量,宝石增益ID,宝石类型,部位,耐久度,获取途径,脸黑值
11,name_11_Gmjian,2,icon_bossYueguangsenlin18Meidusha1,7,3,1,0,1,-1,tips_11Gmjian,3,-1,-1,1000000,2,1,1,,,,,-1,-1,-1,,-1,1,-1,,1
10001,name_10001_yaoshi,-1,,1,-1,1,0,1,-1,tips_10001_yaoshi,3,-1,-1,200,1,1,1,,,,,-1,-1,-1,,-1,-1,-1,,1
10002,name_10002_wuming,-1,,1,-1,1,10,1,-1,tips_10002_wuming,3,-1,-1,200,1,100,1,,,,,-1,-1,-1,,-1,-1,-1,,1
10003,name_10003_duihuanquan,-1,icon_saodangquan,1,5,1,0,1,-1,tips_10003_duihuanquan,3,750,2,200,1,100,1,,,,,-1,-1,-1,,-1,-1,-1,4,1
10004,name_10004_chujiqianghuacailiao,-1,icon_bossYueguangsenlin18Meidusha1,1,-1,1,0,1,-1,tips_10004_chujiqianghuacailiao,3,-1,-1,200,1,100,1,,,,,-1,-1,-1,,-1,-1,-1,,1
11001,name_11001_chujizhuangbeiqianghuashi,-1,icon_qianghuashi0,1,1,1,0,1,-1,tips_11001_chujizhuangbeiqianghuashi,3,200,2,200,1,100,1,,,,3_11002_1,5,-1,-1,,-1,-1,-1,"9_2_0,9_3_0,13_1",1
11002,name_11002_zhongjizhuangbeiqianghuashi,-1,icon_qianghuashi1,1,1,2,0,1,-1,tips_11002_zhongjizhuangbeiqianghuashi,3,1000,2,200,1,100,1,,,,3_11003_1,5,-1,-1,,-1,-1,-1,"9_4_0,9_5_0,9_6_0",1
11003,name_11003_gaojizhuangbeiqianghuashi,-1,icon_qianghuashi2,1,1,3,0,1,-1,tips_11003_gaojizhuangbeiqianghuashi,3,5000,2,200,1,100,1,,,,,-1,-1,-1,,-1,-1,-1,"9_7_0,9_8_0",1
10005,name_10005_zhuangbeijinjieshi,-1,icon_zhuangbeijinjieshi0,1,2,3,0,1,-1,tips_10005_zhuangbeijinjieshi,3,600,2,200,1,100,1,,,,,-1,-1,-1,,-1,-1,-1,"13_1,3_4",1
10006,name_10006_zhuangbeijinjiecailiao2,-1,icon_buffDefense,1,2,1,0,1,-1,tips_10006_zhuangbeijinjiecailiao2,3,-1,-1,200,1,100,1,,,,,-1,-1,-1,,-1,-1,-1,13_4,1
10007,name_10007_baoshikaikongcailiao,-1,icon_wenzhangkaikong,1,2,3,0,1,-1,tips_10007_baoshikaikongcailiao,3,750,2,200,1,100,1,,,,,-1,-1,-1,,-1,-1,-1,"13_1,3_2",1
10008,name_10008_zhuangbeijinjiecailiao2sui,-1,icon_buffDefense,1,2,1,0,1,-1,name_10008_zhuangbeijinjiecailiao2sui,3,-1,-1,200,1,100,1,,,,3_10006_1,30,-1,-1,,-1,-1,-1,13_4,1
10009,name_10009_baoxiangyaoshi1,-1,icon_baoxiangyaoshi0,6,4,1,0,1,-1,tips_10009_baoxiangyaoshi1,3,2500,2,60,1,100,1,,,,,-1,-1,-1,,-1,-1,-1,4,1
10010,name_10010_baoxiangyaoshi2,-1,icon_baoxiangyaoshi1,6,4,2,0,1,-1,tips_10010_baoxiangyaoshi2,3,5000,2,60,1,100,1,,,,,-1,-1,-1,,-1,-1,-1,4,1
10011,name_10011_baoxiangyaoshi3,-1,icon_baoxiangyaoshi2,6,4,3,0,1,-1,tips_10011_baoxiangyaoshi3,3,7500,2,60,1,100,1,,,,,-1,-1,-1,,-1,-1,-1,4,1
10012,name_10012_baoxiangyaoshi4,-1,icon_bossYueguangsenlin18Meidusha9,1,3,5,0,1,-1,tips_10012_baoxiangyaoshi4,3,-1,-1,60,1,100,1,,,,,-1,-1,-1,,-1,-1,-1,4,1
10013,name_10013_yibanlaji1,-1,icon_laji1,1,6,1,0,1,-1,tips_10013_yibanlaji1,3,600,2,-1,-1,100,1,,,,,-1,-1,-1,,-1,-1,-1,,1
10014,name_10014_yibanlaji2,-1,icon_laji2,1,6,1,0,1,-1,tips_10014_yibanlaji2,3,800,2,-1,-1,100,1,,,,,-1,-1,-1,,-1,-1,-1,,1
10015,name_10015_yibanlaji3,-1,icon_laji3,1,6,1,0,1,-1,tips_10015_yibanlaji3,3,1000,2,-1,-1,100,1,,,,,-1,-1,-1,,-1,-1,-1,,1
10016,name_10016_chongwuqianghuashi,-1,icon_chongwuqianghuashi,1,3,2,0,1,-1,tips_10016_chongwuqianghuashi,3,750,2,-1,-1,100,1,,,,,-1,-1,-1,,-1,-1,-1,13_1,1
10017,name_10017_chongwujinjieshi,-1,icon_chongwujinjieshi,1,3,3,0,1,-1,tips_10017_chongwujinjieshi,3,2500,2,-1,-1,100,1,,,,,-1,-1,-1,,-1,-1,-1,"13_1,3_3",1
10018,name_10018_jinjiejuanzhou,-1,icon_zhuangbeijinjieshi1,1,3,4,0,1,-1,tips_10018_jinjiejuanzhou,1,-1,-1,200,1,100,1,,,,3_10019_1,3,-1,-1,,-1,-1,-1,3_4,0
10019,name_10019_jinjiejuanzhou,-1,icon_zhuangbeijinjieshi2,1,3,5,0,1,-1,tips_10019_jinjiejuanzhou,1,-1,-1,200,1,100,1,,,,3_10020_1,3,-1,-1,,-1,-1,-1,"3_4,2_2",0
10020,name_10020_jinjiejuanzhou,-1,icon_zhuangbeijinjieshi3,1,3,6,0,1,-1,tips_10020_jinjiejuanzhou,1,-1,-1,200,1,100,1,,,,,-1,-1,-1,,-1,-1,-1,"3_4,2_2",1
10021,name_10021_gongpin,-1,icon_gonghuigongpin1,1,5,2,0,1,-1,tips_10021_gongpin,1,1000,2,200,1,100,1,,,,,-1,-1,-1,,-1,-1,-1,,1
10022,name_10022_gongpin,-1,icon_gonghuigongpin2,1,5,2,0,1,-1,tips_10022_gongpin,1,1000,2,200,1,100,1,,,,,-1,-1,-1,,-1,-1,-1,,1
10023,name_10023_gongpin,-1,icon_gonghuigongpin3,1,5,3,0,1,-1,tips_10023_gongpin,1,2000,2,200,1,100,1,,,,,-1,-1,-1,,-1,-1,-1,,1
10024,name_10024_caihongguai1,-1,icon_guaiwuhun2,1,7,2,0,1,-1,tips_10024_caihongguai1,1,10000,2,200,1,100,1,,,,3_10025_1,3,-1,-1,,-1,-1,-1,3_3,1
10025,name_10025_caihongguai2,-1,icon_guaiwuhun3,1,7,3,0,1,-1,tips_10025_caihongguai2,1,20000,2,200,1,100,1,,,,3_10026_1,3,-1,-1,,-1,-1,-1,"3_3,2_2",1
10026,name_10026_caihongguai3,-1,icon_guaiwuhun4,1,7,4,0,1,-1,tips_10026_caihongguai3,1,30000,2,200,1,100,1,,,,3_10027_1,3,-1,-1,,-1,-1,-1,"3_3,2_2",1
10027,name_10027_caihongguai4,-1,icon_guaiwuhun5,1,7,5,0,1,-1,tips_10027_caihongguai4,1,40000,2,200,1,100,1,,,,,-1,-1,-1,,-1,-1,-1,2_2,1
20001,name_20001_suipian_common,-1,icon_wannengsuipian,2,1,1,0,1,-1,tips_20001_suipian_common,1,-1,-1,200,1,100,1,,,,,-1,-1,-1,,-1,-1,-1,12_2,1
20002,name_20002_suipian_xiaochou3,-1,icon_xgXiaochou_lan,2,1,1,0,1,-1,tips_20002_suipian_xiaochou3,1,-1,-1,200,1,100,1,,,,,-1,-1,-1,,-1,-1,-1,"1_senlin23,1_minghe23",1
20003,name_20003_suipian_kairuisi4,-1,icon_xgKairuisi_hong,2,1,1,0,1,-1,tips_20003_suipian_kairuisi4,1,-1,-1,200,1,100,1,,,,,-1,-1,-1,,-1,-1,-1,6,0
20004,name_20004_suipian_hetong2,-1,icon_xgHetong_lv,2,1,1,0,1,-1,tips_20004_suipian_hetong2,1,-1,-1,200,1,100,1,,,,,-1,-1,-1,,-1,-1,-1,"1_dajie27,1_huoshan27",1
20005,name_20005_suipian_wagui3,-1,icon_xgWagui_lan,2,1,1,0,1,-1,tips_20005_suipian_wagui3,1,-1,-1,200,1,100,1,,,,,-1,-1,-1,,-1,-1,-1,"1_dajie25,1_huoshan25",1
20006,name_20006_suipian_xiaochou4,-1,icon_xgXiaochou_hong,2,1,1,0,1,-1,tips_20006_suipian_xiaochou4,1,-1,-1,200,1,100,1,,,,,-1,-1,-1,,-1,-1,-1,"1_xiaoxiang23,1_xueshan23",1
20007,name_20007_suipian_cike4,-1,icon_xgHuocike_hong,2,1,1,0,1,-1,tips_20007_suipian_cike4,1,-1,-1,200,1,100,1,,,,,-1,-1,-1,,-1,-1,-1,"1_dajie23,1_huoshan23",1
20008,name_20008_suipian_panshen2,-1,icon_xgPanshen_lv,2,1,1,0,1,-1,tips_20008_suipian_panshen2,1,-1,-1,200,1,100,1,,,,,-1,-1,-1,,-1,-1,-1,"1_senlin26,1_minghe26",1
20009,name_20009_suipian_huapo2,-1,icon_xgHuapo_lv,2,1,1,0,1,-1,tips_20009_suipian_huapo2,1,-1,-1,200,1,100,1,,,,,-1,-1,-1,,-1,-1,-1,"1_senlin24,1_minghe24",1
20010,name_20010_suipian_wushi3,-1,icon_xgWushi_lan,2,1,1,0,1,-1,tips_20010_suipian_wushi3,1,-1,-1,200,1,100,1,,,,,-1,-1,-1,,-1,-1,-1,"1_xiaoxiang24,1_xueshan24",1
20011,name_20011_suipian_wushi4,-1,icon_xgWushi_hong,2,1,1,0,1,-1,tips_20011_suipian_wushi4,1,-1,-1,200,1,100,1,,,,,-1,-1,-1,,-1,-1,-1,"1_xiaoxiang21,1_xueshan21",1
20012,name_20012_suipian_xiyiren4,-1,icon_xgXiyiren_hong,2,1,1,0,1,-1,tips_20012_suipian_xiyiren4,1,-1,-1,200,1,100,1,,,,,-1,-1,-1,,-1,-1,-1,"1_dajie21,1_huoshan21",1
20013,name_20013_suipian_mantuoluo2,-1,icon_xgMantuoluo_lv,2,1,1,0,1,-1,tips_20013_suipian_mantuoluo2,1,-1,-1,200,1,100,1,,,,,-1,-1,-1,,-1,-1,-1,"1_senlin28,1_minghe28",1
20014,name_20014_suipian_hetong3,-1,icon_xgHetong_lan,2,1,1,0,1,-1,tips_20014_suipian_hetong3,1,-1,-1,200,1,100,1,,,,,-1,-1,-1,,-1,-1,-1,"1_xiaoxiang26,1_xueshan26",1
20015,name_20015_suipian_longgongtongzi3,-1,icon_xgLonggongtongzi_lan,2,1,1,0,1,-1,tips_20015_suipian_longgongtongzi3,1,-1,-1,200,1,100,1,,,,,-1,-1,-1,,-1,-1,-1,"3_3,6",1
20016,name_20016_suipian_xiyiren2,-1,icon_xgXiyiren_lv,2,1,1,0,1,-1,tips_20016_suipian_xiyiren2,1,-1,-1,200,1,100,1,,,,,-1,-1,-1,,-1,-1,-1,"1_dajie21,1_huoshan21",1
20017,name_20017_suipian_langren5,-1,icon_xgLangren_hei,2,1,1,0,1,-1,tips_20017_suipian_langren5,1,-1,-1,200,1,100,1,,,,,-1,-1,-1,,-1,-1,-1,"1_xiaoxiang28,1_xueshan28",1
20018,name_20018_suipian_langren3,-1,icon_xgLangren_lan,2,1,1,0,1,-1,tips_20018_suipian_langren3,1,-1,-1,200,1,100,1,,,,,-1,-1,-1,,-1,-1,-1,"1_dajie21,1_huoshan21",1
20019,name_20019_suipian_shuigui3,-1,icon_xgShuigui_lan,2,1,1,0,1,-1,tips_20019_suipian_shuigui3,1,-1,-1,200,1,100,1,,,,,-1,-1,-1,,-1,-1,-1,6,0
20020,name_20020_suipian_nvyao5,-1,icon_xgNvyao_hei,2,1,1,0,1,-1,tips_20020_suipian_nvyao5,1,-1,-1,200,1,100,1,,,,,-1,-1,-1,,-1,-1,-1,6,0
20021,name_20021_suipian_hapi1,-1,icon_xgHapi_bai,2,1,1,0,1,-1,tips_20021_suipian_hapi1,1,-1,-1,200,1,100,1,,,,,-1,-1,-1,,-1,-1,-1,"1_senlin27,1_minghe27",1
20022,name_20022_suipian_piying5,-1,icon_xgPiying_hei,2,1,1,0,1,-1,tips_20022_suipian_piying5,1,-1,-1,200,1,100,1,,,,,-1,-1,-1,,-1,-1,-1,"1_dajie24,1_huoshan24",1
20023,name_20023_suipian_kairuisi5,-1,icon_xgKairuisi_hei,2,1,1,0,1,-1,tips_20023_suipian_kairuisi5,1,-1,-1,200,1,100,1,,,,,-1,-1,-1,,-1,-1,-1,"1_dajie28,1_huoshan28",1
20024,name_20024_suipian_bingxuenvwang3,-1,icon_xgBingxuenvwang_lan,2,1,1,0,1,-1,tips_20024_suipian_bingxuenvwang3,1,-1,-1,200,1,100,1,,,,,-1,-1,-1,,-1,-1,-1,6,0
20025,name_20025_suipian_wendige3,-1,icon_xgWendige_lan,2,1,1,0,1,-1,tips_20025_suipian_wendige3,1,-1,-1,200,1,100,1,,,,,-1,-1,-1,,-1,-1,-1,"1_senlin21,1_minghe21",1
20026,name_20026_suipian_wendige2,-1,icon_xgWendige_lv,2,1,1,0,1,-1,tips_20026_suipian_wendige2,1,-1,-1,200,1,100,1,,,,,-1,-1,-1,,-1,-1,-1,"3_4,6",1
20027,name_20027_suipian_longnv3,-1,icon_xgLongnv_lan,2,1,1,0,1,-1,tips_20027_suipian_longnv3,1,-1,-1,200,1,100,1,,,,,-1,-1,-1,,-1,-1,-1,6,0
20028,name_20028_suipian_momo1,-1,icon_xgMomo_bai,2,1,1,0,1,-1,tips_20028_suipian_momo1,1,-1,-1,200,1,100,1,,,,,-1,-1,-1,,-1,-1,-1,6,0
20029,name_20029_suipian_amute3,-1,icon_xgAmute_lan,2,1,1,0,1,-1,tips_20029_suipian_amute3,1,-1,-1,200,1,100,1,,,,,-1,-1,-1,,-1,-1,-1,6,0
20030,name_20030_suipian_luoxinfu5,-1,icon_xgLuoxinfu_hei,2,1,1,0,1,-1,tips_20030_suipian_luoxinfu5,1,-1,-1,200,1,100,1,,,,,-1,-1,-1,,-1,-1,-1,"1_senlin25,1_minghe25",1
20031,name_20031_suipian_saibulesi5,-1,icon_xgSantouquan_hei,2,1,1,0,1,-1,tips_20031_suipian_saibulesi5,1,-1,-1,200,1,100,1,,,,,-1,-1,-1,,-1,-1,-1,"1_xiaoxiang22,1_xueshan22",1
20032,name_20032_suipian_hongniu4,-1,icon_xgHongniu_hong,2,1,1,0,1,-1,tips_20032_suipian_hongniu4,1,-1,-1,200,1,100,1,,,,,-1,-1,-1,,-1,-1,-1,6,0
20033,name_20033_suipian_anpusha5,-1,icon_xgAnpusha_hei,2,1,1,0,1,-1,tips_20033_suipian_anpusha5,1,-1,-1,200,1,100,1,,,,,-1,-1,-1,,-1,-1,-1,6,0
20034,name_20034_suipian_daochengsizhong4,-1,icon_xgDaochengsizhong_hong,2,1,1,0,1,-1,tips_20034_suipian_daochengsizhong4,1,-1,-1,200,1,100,1,,,,,-1,-1,-1,,-1,-1,-1,"3_4,6",0
20035,name_20035_suipian_huoniao4,-1,icon_xgHuoniao_hong,2,1,1,0,1,-1,tips_20035_suipian_huoniao4,1,-1,-1,200,1,100,1,,,,,-1,-1,-1,,-1,-1,-1,6,0
20036,name_20036_suipian_ifrit4,-1,icon_xgYifulite_hong,2,1,1,0,1,-1,tips_20036_suipian_ifrit4,1,-1,-1,200,1,100,1,,,,,-1,-1,-1,,-1,-1,-1,"3_3,6",0
20037,name_20037_suipian_moguguai4,-1,icon_xgMoguren_hong,2,1,1,0,1,-1,tips_20037_suipian_moguguai4,1,-1,-1,200,1,100,1,,,,,-1,-1,-1,,-1,-1,-1,"1_dajie21,1_huoshan21",1
20038,name_20038_suipian_tianshizhang4,-1,icon_xgMijiale_hong,2,1,1,0,1,-1,tips_20038_suipian_tianshizhang4,1,-1,-1,200,1,100,1,,,,,-1,-1,-1,,-1,-1,-1,6,0
20039,name_20039_suipian_xiaochou2,-1,icon_xgXiaochou_lv,2,1,1,0,1,-1,tips_20039_suipian_xiaochou2,1,-1,-1,200,1,100,1,,,,,-1,-1,-1,,-1,-1,-1,"1_dajie22,1_huoshan22",1
20040,name_20040_suipian_saibulesi4,-1,icon_xgSantouquan_hong,2,1,1,0,1,-1,tips_20040_suipian_saibulesi4,1,-1,-1,200,1,100,1,,,,,-1,-1,-1,,-1,-1,-1,"1_xiaoxiang27,1_xueshan27",1
20041,name_20041_suipian_moguguai3,-1,icon_xgMoguren_lan,2,1,1,0,1,-1,tips_20041_suipian_moguguai3,1,-1,-1,200,1,100,1,,,,,-1,-1,-1,,-1,-1,-1,"1_dajie21,1_huoshan21",1
20042,name_20042_suipian_sheshouzuo1,-1,icon_xgSheshouzuo_bai,2,1,1,0,1,-1,tips_20042_suipian_sheshouzuo1,1,-1,-1,200,1,100,1,,,,,-1,-1,-1,,-1,-1,-1,6,0
20043,name_20043_suipian_weitianshi5,-1,icon_xgWeitianshi_hei,2,1,1,0,1,-1,tips_20043_suipian_weitianshi5,1,-1,-1,200,1,100,1,,,,,-1,-1,-1,,-1,-1,-1,6,0
20044,name_20044_suipian_sheshouzuo3,-1,icon_xgSheshouzuo_lan,2,1,1,0,1,-1,tips_20044_suipian_sheshouzuo3,1,-1,-1,200,1,100,1,,,,,-1,-1,-1,,-1,-1,-1,6,0
20045,name_20045_suipian_bingyan3,-1,icon_xgBingyan_lan,2,1,1,0,1,-1,tips_20045_suipian_bingyan3,1,-1,-1,200,1,100,1,,,,,-1,-1,-1,,-1,-1,-1,6,0
20046,name_20046_suipian_mengyan5,-1,icon_xgMengyan_hei,2,1,1,0,1,-1,tips_20046_suipian_mengyan5,1,-1,-1,200,1,100,1,,,,,-1,-1,-1,,-1,-1,-1,"1_senlin22,1_minghe22",1
20047,name_20047_suipian_change1,-1,icon_xgChange_bai,2,1,1,0,1,-1,tips_20047_suipian_change1,1,-1,-1,200,1,100,1,,,,,-1,-1,-1,,-1,-1,-1,"3_4,6",0
20048,name_20048_suipian_dujiaoshou1,-1,icon_xgDujiaoshou_bai,2,1,1,0,1,-1,tips_20048_suipian_dujiaoshou1,1,-1,-1,200,1,100,1,,,,,-1,-1,-1,,-1,-1,-1,6,0
20049,name_20049_suipian_dujiaoshou5,-1,icon_xgDujiaoshou_hei,2,1,1,0,1,-1,tips_20049_suipian_dujiaoshou5,1,-1,-1,200,1,100,1,,,,,-1,-1,-1,,-1,-1,-1,"3_3,6",0
20050,name_20050_suipian_change5,-1,icon_xgChange_hei,2,1,1,0,1,-1,tips_20050_suipian_change5,1,-1,-1,200,1,100,1,,,,,-1,-1,-1,,-1,-1,-1,6,0
20051,name_20051_suipian_huoniao3,-1,icon_xgHuoniao_lan,2,1,1,0,1,-1,tips_20051_suipian_huoniao3,1,-1,-1,200,1,100,1,,,,,-1,-1,-1,,-1,-1,-1,6,0
20052,name_20052_suipian_ifrit5,-1,icon_xgYifulite_hei,2,1,1,0,1,-1,tips_20052_suipian_ifrit5,1,-1,-1,200,1,100,1,,,,,-1,-1,-1,,-1,-1,-1,6,0
20053,name_20053_suipian_datiangou4,-1,icon_xgDatiangou_hong,2,1,1,0,1,-1,tips_20053_suipian_datiangou4,1,-1,-1,200,1,100,1,,,,,-1,-1,-1,,-1,-1,-1,6,0
20054,name_20054_suipian_tianshizhang1,-1,icon_xgMijiale_bai,2,1,1,0,1,-1,tips_20054_suipian_tianshizhang1,1,-1,-1,200,1,100,1,,,,,-1,-1,-1,,-1,-1,-1,6,0
20055,name_20055_suipian_longnv1,-1,icon_xgLongnv_bai,2,1,1,0,1,-1,tips_20055_suipian_longnv1,1,-1,-1,200,1,100,1,,,,,-1,-1,-1,,-1,-1,-1,6,0
20056,name_20056_suipian_weitianshi1,-1,icon_xgWeitianshi_bai,2,1,1,0,1,-1,tips_20056_suipian_weitianshi1,1,-1,-1,200,1,100,1,,,,,-1,-1,-1,,-1,-1,-1,6,0
20057,name_20057_suipian_nvyao1,-1,icon_xgNvyao_bai,2,1,1,0,1,-1,tips_20057_suipian_nvyao1,1,-1,-1,200,1,100,1,,,,,-1,-1,-1,,-1,-1,-1,6,0
20058,name_20058_suipian_piying1,-1,icon_xgPiying_bai,2,1,1,0,1,-1,tips_20058_suipian_piying1,1,-1,-1,200,1,100,1,,,,,-1,-1,-1,,-1,-1,-1,"1_xiaoxiang25,1_xueshan25",1
20059,name_20059_suipian_kahuna2,-1,icon_xgKahuna_lv,2,1,1,0,1,-1,tips_20059_suipian_kahuna2,1,-1,-1,200,1,100,1,,,,,-1,-1,-1,,-1,-1,-1,6,0
20060,name_20060_suipian_yifanmumian1,-1,icon_xgYifanmumian_bai,2,1,1,0,1,-1,tips_20060_suipian_yifanmumian1,1,-1,-1,200,1,100,1,,,,,-1,-1,-1,,-1,-1,-1,6,0
20061,name_20061_suipian_jinglingwang2,-1,icon_xgJinglingwang_lv,2,1,1,0,1,-1,tips_20061_suipian_jinglingwang2,1,-1,-1,200,1,100,1,,,,,-1,-1,-1,,-1,-1,-1,6,0
20062,name_20062_suipian_luoxinfu1,-1,icon_xgLuoxinfu_bai,2,1,1,0,1,-1,tips_20062_suipian_luoxinfu1,1,-1,-1,200,1,100,1,,,,,-1,-1,-1,,-1,-1,-1,"1_dajie26,1_huoshan26",1
30001,name_30011_BloodStone_1,-1,icon_BloodStone,3,1,1,0,1,-1,tips_30011_BloodStone_1,1,10000,2,200,1,100,1,,,,,-1,-1,-1,30001,1,-1,-1,"3_2,6",1
30002,name_30012_BloodStone_2,-1,icon_BloodStone,3,1,2,0,1,-1,tips_30012_BloodStone_2,1,20000,2,200,1,100,1,,,,,-1,-1,-1,30002,1,-1,-1,"3_2,6",1
30003,name_30013_BloodStone_3,-1,icon_BloodStone,3,1,3,0,1,-1,tips_30013_BloodStone_3,1,30000,2,200,1,100,1,,,,,-1,-1,-1,30003,1,-1,-1,"2_1,6",1
30004,name_30014_BloodStone_4,-1,icon_BloodStone,3,1,4,0,1,-1,tips_30014_BloodStone_4,1,40000,2,200,1,100,1,,,,,-1,-1,-1,30004,1,-1,-1,2_1,1
30005,name_30015_BloodStone_5,-1,icon_BloodStone,3,1,5,0,1,-1,tips_30015_BloodStone_5,1,50000,2,200,1,100,1,,,,,-1,-1,-1,30005,1,-1,-1,2_1,1
30006,name_30016_BloodStone_6,-1,icon_BloodStone,3,1,6,0,1,-1,tips_30016_BloodStone_6,1,60000,2,200,1,100,1,,,,,-1,-1,-1,30006,1,-1,-1,2_1,1
30007,name_30021_SageStone_1,-1,icon_SageStone,3,2,1,0,1,-1,tips_30021_SageStone_1,1,10000,2,200,1,100,1,,,,,-1,-1,-1,30007,2,-1,-1,"3_2,6",1
30008,name_30022_SageStone_2,-1,icon_SageStone,3,2,2,0,1,-1,tips_30022_SageStone_2,1,20000,2,200,1,100,1,,,,,-1,-1,-1,30008,2,-1,-1,"3_2,6",1
30009,name_30023_SageStone_3,-1,icon_SageStone,3,2,3,0,1,-1,tips_30023_SageStone_3,1,30000,2,200,1,100,1,,,,,-1,-1,-1,30009,2,-1,-1,"2_1,6",1
30010,name_30024_SageStone_4,-1,icon_SageStone,3,2,4,0,1,-1,tips_30024_SageStone_4,1,40000,2,200,1,100,1,,,,,-1,-1,-1,30010,2,-1,-1,2_1,1
30011,name_30025_SageStone_5,-1,icon_SageStone,3,2,5,0,1,-1,tips_30025_SageStone_5,1,50000,2,200,1,100,1,,,,,-1,-1,-1,30011,2,-1,-1,2_1,1
30012,name_30026_SageStone_6,-1,icon_SageStone,3,2,6,0,1,-1,tips_30026_SageStone_6,1,60000,2,200,1,100,1,,,,,-1,-1,-1,30012,2,-1,-1,2_1,1
30013,name_30031_VitalityStone_1,-1,icon_VitalityStone,3,3,1,0,1,-1,tips_30031_VitalityStone_1,1,10000,2,200,1,100,1,,,,,-1,-1,-1,30013,3,-1,-1,"3_2,6",1
30014,name_30032_VitalityStone_2,-1,icon_VitalityStone,3,3,2,0,1,-1,tips_30032_VitalityStone_2,1,20000,2,200,1,100,1,,,,,-1,-1,-1,30014,3,-1,-1,"3_2,6",1
30015,name_30033_VitalityStone_3,-1,icon_VitalityStone,3,3,3,0,1,-1,tips_30033_VitalityStone_3,1,30000,2,200,1,100,1,,,,,-1,-1,-1,30015,3,-1,-1,"2_1,6",1
30016,name_30034_VitalityStone_4,-1,icon_VitalityStone,3,3,4,0,1,-1,tips_30034_VitalityStone_4,1,40000,2,200,1,100,1,,,,,-1,-1,-1,30016,3,-1,-1,2_1,1
30017,name_30035_VitalityStone_5,-1,icon_VitalityStone,3,3,5,0,1,-1,tips_30035_VitalityStone_5,1,50000,2,200,1,100,1,,,,,-1,-1,-1,30017,3,-1,-1,2_1,1
30018,name_30036_VitalityStone_6,-1,icon_VitalityStone,3,3,6,0,1,-1,tips_30036_VitalityStone_6,1,60000,2,200,1,100,1,,,,,-1,-1,-1,30018,3,-1,-1,2_1,1
30019,name_30041_BastionStone_1,-1,icon_BastionStone,3,4,1,0,1,-1,tips_30041_BastionStone_1,1,10000,2,200,1,100,1,,,,,-1,-1,-1,30019,4,-1,-1,"3_2,6",1
30020,name_30042_BastionStone_2,-1,icon_BastionStone,3,4,2,0,1,-1,tips_30042_BastionStone_2,1,20000,2,200,1,100,1,,,,,-1,-1,-1,30020,4,-1,-1,"3_2,6",1
30021,name_30043_BastionStone_3,-1,icon_BastionStone,3,4,3,0,1,-1,tips_30043_BastionStone_3,1,30000,2,200,1,100,1,,,,,-1,-1,-1,30021,4,-1,-1,"2_1,6",1
30022,name_30044_BastionStone_4,-1,icon_BastionStone,3,4,4,0,1,-1,tips_30044_BastionStone_4,1,40000,2,200,1,100,1,,,,,-1,-1,-1,30022,4,-1,-1,2_1,1
30023,name_30045_BastionStone_5,-1,icon_BastionStone,3,4,5,0,1,-1,tips_30045_BastionStone_5,1,50000,2,200,1,100,1,,,,,-1,-1,-1,30023,4,-1,-1,2_1,1
30024,name_30046_BastionStone_6,-1,icon_BastionStone,3,4,6,0,1,-1,tips_30046_BastionStone_6,1,60000,2,200,1,100,1,,,,,-1,-1,-1,30024,4,-1,-1,2_1,1
30025,name_30051_HasteStone_1,-1,icon_HasteStone,3,5,1,0,1,-1,tips_30051_HasteStone_1,1,10000,2,200,1,100,1,,,,,-1,-1,-1,30025,5,-1,-1,"3_2,6",1
30026,name_30052_HasteStone_2,-1,icon_HasteStone,3,5,2,0,1,-1,tips_30052_HasteStone_2,1,20000,2,200,1,100,1,,,,,-1,-1,-1,30026,5,-1,-1,"3_2,6",1
30027,name_30053_HasteStone_3,-1,icon_HasteStone,3,5,3,0,1,-1,tips_30053_HasteStone_3,1,30000,2,200,1,100,1,,,,,-1,-1,-1,30027,5,-1,-1,"2_1,6",1
30028,name_30054_HasteStone_4,-1,icon_HasteStone,3,5,4,0,1,-1,tips_30054_HasteStone_4,1,40000,2,200,1,100,1,,,,,-1,-1,-1,30028,5,-1,-1,2_1,1
30029,name_30055_HasteStone_5,-1,icon_HasteStone,3,5,5,0,1,-1,tips_30055_HasteStone_5,1,50000,2,200,1,100,1,,,,,-1,-1,-1,30029,5,-1,-1,2_1,1
30030,name_30056_HasteStone_6,-1,icon_HasteStone,3,5,6,0,1,-1,tips_30056_HasteStone_6,1,60000,2,200,1,100,1,,,,,-1,-1,-1,30030,5,-1,-1,2_1,1
30031,name_30061_MendingStone_1,-1,icon_MendingStone,3,6,1,0,1,-1,tips_30061_MendingStone_1,1,10000,2,200,1,100,1,,,,,-1,-1,-1,30031,6,-1,-1,"3_2,6",1
30032,name_30062_MendingStone_2,-1,icon_MendingStone,3,6,2,0,1,-1,tips_30062_MendingStone_2,1,20000,2,200,1,100,1,,,,,-1,-1,-1,30032,6,-1,-1,"3_2,6",1
30033,name_30063_MendingStone_3,-1,icon_MendingStone,3,6,3,0,1,-1,tips_30063_MendingStone_3,1,30000,2,200,1,100,1,,,,,-1,-1,-1,30033,6,-1,-1,"2_1,6",1
30034,name_30064_MendingStone_4,-1,icon_MendingStone,3,6,4,0,1,-1,tips_30064_MendingStone_4,1,40000,2,200,1,100,1,,,,,-1,-1,-1,30034,6,-1,-1,2_1,1
30035,name_30065_MendingStone_5,-1,icon_MendingStone,3,6,5,0,1,-1,tips_30065_MendingStone_5,1,50000,2,200,1,100,1,,,,,-1,-1,-1,30035,6,-1,-1,2_1,1
30036,name_30066_MendingStone_6,-1,icon_MendingStone,3,6,6,0,1,-1,tips_30066_MendingStone_6,1,60000,2,200,1,100,1,,,,,-1,-1,-1,30036,6,-1,-1,2_1,1
30037,name_30071_VolatileStone_1,-1,icon_VolatileStone,3,7,1,0,1,-1,tips_30071_VolatileStone_1,1,10000,2,200,1,100,1,,,,,-1,-1,-1,30037,7,-1,-1,"3_2,6",1
30038,name_30072_VolatileStone_2,-1,icon_VolatileStone,3,7,2,0,1,-1,tips_30072_VolatileStone_2,1,20000,2,200,1,100,1,,,,,-1,-1,-1,30038,7,-1,100,"3_2,6",1
30039,name_30073_VolatileStone_3,-1,icon_VolatileStone,3,7,3,0,1,-1,tips_30073_VolatileStone_3,1,30000,2,200,1,100,1,,,,,-1,-1,-1,30039,7,1,100,"2_1,6",1
30040,name_30074_VolatileStone_4,-1,icon_VolatileStone,3,7,4,0,1,-1,tips_30074_VolatileStone_4,1,40000,2,200,1,100,1,,,,,-1,-1,-1,30040,7,2,100,2_1,1
30041,name_30075_VolatileStone_5,-1,icon_VolatileStone,3,7,5,0,1,-1,tips_30075_VolatileStone_5,1,50000,2,200,1,100,1,,,,,-1,-1,-1,30041,7,3,100,2_1,1
30042,name_30076_VolatileStone_6,-1,icon_VolatileStone,3,7,6,0,1,-1,tips_30076_VolatileStone_6,1,60000,2,200,1,100,1,,,,,-1,-1,-1,30042,7,4,100,2_1,1
30043,name_30081_SourceStone_1,-1,icon_SourceStone,3,8,1,0,1,-1,tips_30081_SourceStone_1,1,10000,2,200,1,100,1,,,,,-1,-1,-1,30043,8,5,100,"3_2,6",1
30044,name_30082_SourceStone_2,-1,icon_SourceStone,3,8,2,0,1,-1,tips_30082_SourceStone_2,1,20000,2,200,1,100,1,,,,,-1,-1,-1,30044,8,-1,100,"3_2,6",1
30045,name_30083_SourceStone_3,-1,icon_SourceStone,3,8,3,0,1,-1,tips_30083_SourceStone_3,1,30000,2,200,1,100,1,,,,,-1,-1,-1,30045,8,1,100,"2_1,6",1
30046,name_30084_SourceStone_4,-1,icon_SourceStone,3,8,4,0,1,-1,tips_30084_SourceStone_4,1,40000,2,200,1,100,1,,,,,-1,-1,-1,30046,8,2,100,2_1,1
30047,name_30085_SourceStone_5,-1,icon_SourceStone,3,8,5,0,1,-1,tips_30085_SourceStone_5,1,50000,2,200,1,100,1,,,,,-1,-1,-1,30047,8,3,100,2_1,1
30048,name_30086_SourceStone_6,-1,icon_SourceStone,3,8,6,0,1,-1,tips_30086_SourceStone_6,1,60000,2,200,1,100,1,,,,,-1,-1,-1,30048,8,4,100,2_1,1
30049,name_30091_MorbidStone_1,-1,icon_MorbidStone,3,9,1,0,1,-1,tips_30091_MorbidStone_1,1,10000,2,200,1,100,1,,,,,-1,-1,-1,30049,9,5,100,"3_2,6",1
30050,name_30092_MorbidStone_2,-1,icon_MorbidStone,3,9,2,0,1,-1,tips_30092_MorbidStone_2,1,20000,2,200,1,100,1,,,,,-1,-1,-1,30050,9,-1,100,"3_2,6",1
30051,name_30093_MorbidStone_3,-1,icon_MorbidStone,3,9,3,0,1,-1,tips_30093_MorbidStone_3,1,30000,2,200,1,100,1,,,,,-1,-1,-1,30051,9,1,100,"2_1,6",1
30052,name_30094_MorbidStone_4,-1,icon_MorbidStone,3,9,4,0,1,-1,tips_30094_MorbidStone_4,1,40000,2,200,1,100,1,,,,,-1,-1,-1,30052,9,2,100,2_1,1
30053,name_30095_MorbidStone_5,-1,icon_MorbidStone,3,9,5,0,1,-1,tips_30095_MorbidStone_5,1,50000,2,200,1,100,1,,,,,-1,-1,-1,30053,9,3,100,2_1,1
30054,name_30096_MorbidStone_6,-1,icon_MorbidStone,3,9,6,0,1,-1,tips_30096_MorbidStone_6,1,60000,2,200,1,100,1,,,,,-1,-1,-1,30054,9,3,100,2_1,1
40000,name_40000_baoxiang,-1,icon_baoxiang0,4,1,1,0,1,-1,tips_40000_baoxiang,3,-1,-1,10,2,1,1,baoxiang0,,3_10009_1,,-1,-1,-1,,-1,-1,-1,,1
40001,name_40001_baoxiang,-1,icon_baoxiang1,4,1,2,0,1,-1,tips_40001_baoxiang,3,-1,-1,10,2,1,1,baoxiang1,,3_10010_1,,-1,-1,-1,,-1,-1,-1,,1
40002,name_40002_baoxiang,-1,icon_baoxiang2,4,1,3,0,1,-1,tips_40002_baoxiang,3,-1,-1,10,2,1,1,baoxiang2,,3_10011_1,,-1,-1,-1,,-1,-1,-1,,1
40003,name_40003_baoxiang,-1,icon_baoxiang3,4,1,4,0,1,-1,tips_40003_baoxiang,3,-1,-1,10,2,1,1,baoxiang3,,,,-1,-1,-1,,-1,-1,-1,,1
40005,name_40005_bigTaskleader201,-1,icon_lingxiubaoxiang1,4,5,1,0,1,-1,tips_40005_bigTaskleader201,3,-1,-1,10,2,1,1,200001,,,,-1,-1,-1,,-1,-1,-1,7_2,1
40006,name_40006_bigTaskleader301,-1,icon_lingxiubaoxiang2,4,5,2,0,1,-1,tips_40006_bigTaskleader301,3,-1,-1,10,2,1,1,200002,,,,-1,-1,-1,,-1,-1,-1,7_2,1
40007,name_40007_bigTaskleader401,-1,icon_lingxiubaoxiang3,4,5,3,0,1,-1,tips_40007_bigTaskleader401,3,-1,-1,10,2,1,1,200003,,,,-1,-1,-1,,-1,-1,-1,7_2,1
40008,name_40008_bigTaskleader202,-1,icon_lingxiubaoxiangbuji1,4,5,1,0,1,-1,tips_40008_bigTaskleader202,3,-1,-1,10,2,1,1,200004,,,,-1,-1,-1,,-1,-1,-1,7_2,1
40009,name_40009_bigTaskleader302,-1,icon_lingxiubaoxiangbuji2,4,5,2,0,1,-1,tips_40009_bigTaskleader302,3,-1,-1,10,2,1,1,200005,,,,-1,-1,-1,,-1,-1,-1,7_2,1
40010,name_40010_bigTaskleader402,-1,icon_lingxiubaoxiangbuji3,4,5,3,0,1,-1,tips_40010_bigTaskleader402,3,-1,-1,10,2,1,1,200006,,,,-1,-1,-1,,-1,-1,-1,7_2,1
40011,name_40011_pvprankxianshijinbi,-1,icon_jinbixiangzi1,4,-1,1,0,1,-1,tips_40011_pvprankxianshijinbi,3,-1,-1,10,2,1,1,300001,,,,-1,-1,-1,,-1,-1,-1,,1
40012,name_40012_pvprankxianshijinbi,-1,icon_jinbixiangzi2,4,-1,2,0,1,-1,tips_40012_pvprankxianshijinbi,3,-1,-1,10,2,1,1,300001,,,,-1,-1,-1,,-1,-1,-1,,1
40013,name_40013_pvprankxianshijinbi,-1,icon_jinbixiangzi3,4,-1,3,0,1,-1,tips_40013_pvprankxianshijinbi,3,-1,-1,10,2,1,1,300001,,,,-1,-1,-1,,-1,-1,-1,,1
40014,name_40007_bigTaskleader501,-1,icon_lingxiubaoxiang4,4,5,4,0,1,-1,tips_40014_bigTaskleader501,3,-1,-1,10,2,1,1,200007,,,,-1,-1,-1,,-1,-1,-1,7_2,1
40015,name_40010_bigTaskleader502,-1,icon_lingxiubaoxiangbuji4,4,5,4,0,1,-1,tips_40015_bigTaskleader502,3,-1,-1,10,2,1,1,200008,,,,-1,-1,-1,,-1,-1,-1,7_2,1
40016,name_40016_adventure,-1,icon_maoxiandai3,4,-1,1,0,1,-1,tips_40016_adventure,3,-1,-1,10,2,1,1,advanture105_extra1,,,,-1,-1,-1,,-1,-1,-1,,1
40017,name_40017_adventure,-1,icon_maoxiandai3,4,-1,1,0,1,-1,tips_40017_adventure,3,-1,-1,10,2,1,1,advanture105_extra2,,,,-1,-1,-1,,-1,-1,-1,,1
40018,name_40018_adventure,-1,icon_maoxiandai3,4,-1,1,0,1,-1,tips_40018_adventure,3,-1,-1,10,2,1,1,advanture105_extra3,,,,-1,-1,-1,,-1,-1,-1,,1
40019,name_40019_adventure,-1,icon_maoxiandai3,4,-1,1,0,1,-1,tips_40019_adventure,3,-1,-1,10,2,1,1,advanture105_extra4,,,,-1,-1,-1,,-1,-1,-1,,1
40020,name_40020_adventure,-1,icon_maoxiandai3,4,-1,1,0,1,-1,tips_40020_adventure,3,-1,-1,10,2,1,1,advanture108_extra1,,,,-1,-1,-1,,-1,-1,-1,,1
40021,name_40021_adventure,-1,icon_maoxiandai3,4,-1,1,0,1,-1,tips_40021_adventure,3,-1,-1,10,2,1,1,advanture108_extra2,,,,-1,-1,-1,,-1,-1,-1,,1
40022,name_40022_adventure,-1,icon_maoxiandai3,4,-1,1,0,1,-1,tips_40022_adventure,3,-1,-1,10,2,1,1,advanture108_extra3,,,,-1,-1,-1,,-1,-1,-1,,1
40023,name_40023_adventure,-1,icon_maoxiandai3,4,-1,1,0,1,-1,tips_40023_adventure,3,-1,-1,10,2,1,1,advanture108_extra4,,,,-1,-1,-1,,-1,-1,-1,,1
40024,name_40024_adventure,-1,icon_maoxiandai3,4,-1,1,0,1,-1,tips_40024_adventure,3,-1,-1,10,2,1,1,advanture112_extra1,,,,-1,-1,-1,,-1,-1,-1,,1
40025,name_40025_adventure,-1,icon_maoxiandai3,4,-1,1,0,1,-1,tips_40025_adventure,3,-1,-1,10,2,1,1,advanture112_extra2,,,,-1,-1,-1,,-1,-1,-1,,1
40026,name_40026_adventure,-1,icon_maoxiandai3,4,-1,1,0,1,-1,tips_40026_adventure,3,-1,-1,10,2,1,1,advanture112_extra3,,,,-1,-1,-1,,-1,-1,-1,,1
40027,name_40027_adventure,-1,icon_maoxiandai3,4,-1,1,0,1,-1,tips_40027_adventure,3,-1,-1,10,2,1,1,advanture112_extra4,,,,-1,-1,-1,,-1,-1,-1,,1
40028,name_40028_adventure,-1,icon_maoxiandai3,4,-1,1,0,1,-1,tips_40028_adventure,3,-1,-1,10,2,1,1,advanture205_extra1,,,,-1,-1,-1,,-1,-1,-1,,1
40029,name_40029_adventure,-1,icon_maoxiandai3,4,-1,1,0,1,-1,tips_40029_adventure,3,-1,-1,10,2,1,1,advanture205_extra2,,,,-1,-1,-1,,-1,-1,-1,,1
40030,name_40030_adventure,-1,icon_maoxiandai3,4,-1,1,0,1,-1,tips_40030_adventure,3,-1,-1,10,2,1,1,advanture205_extra3,,,,-1,-1,-1,,-1,-1,-1,,1
40031,name_40031_adventure,-1,icon_maoxiandai3,4,-1,1,0,1,-1,tips_40031_adventure,3,-1,-1,10,2,1,1,advanture205_extra4,,,,-1,-1,-1,,-1,-1,-1,,1
40032,name_40032_adventure,-1,icon_maoxiandai3,4,-1,1,0,1,-1,tips_40032_adventure,3,-1,-1,10,2,1,1,advanture208_extra1,,,,-1,-1,-1,,-1,-1,-1,,1
40033,name_40033_adventure,-1,icon_maoxiandai3,4,-1,1,0,1,-1,tips_40033_adventure,3,-1,-1,10,2,1,1,advanture208_extra2,,,,-1,-1,-1,,-1,-1,-1,,1
40034,name_40034_adventure,-1,icon_maoxiandai3,4,-1,1,0,1,-1,tips_40034_adventure,3,-1,-1,10,2,1,1,advanture208_extra3,,,,-1,-1,-1,,-1,-1,-1,,1
40035,name_40035_adventure,-1,icon_maoxiandai3,4,-1,1,0,1,-1,tips_40035_adventure,3,-1,-1,10,2,1,1,advanture208_extra4,,,,-1,-1,-1,,-1,-1,-1,,1
40036,name_40036_adventure,-1,icon_maoxiandai3,4,-1,1,0,1,-1,tips_40036_adventure,3,-1,-1,10,2,1,1,advanture212_extra1,,,,-1,-1,-1,,-1,-1,-1,,1
40037,name_40037_adventure,-1,icon_maoxiandai3,4,-1,1,0,1,-1,tips_40037_adventure,3,-1,-1,10,2,1,1,advanture212_extra2,,,,-1,-1,-1,,-1,-1,-1,,1
40038,name_40038_adventure,-1,icon_maoxiandai3,4,-1,1,0,1,-1,tips_40038_adventure,3,-1,-1,10,2,1,1,advanture212_extra3,,,,-1,-1,-1,,-1,-1,-1,,1
40039,name_40039_adventure,-1,icon_maoxiandai3,4,-1,1,0,1,-1,tips_40039_adventure,3,-1,-1,10,2,1,1,advanture212_extra4,,,,-1,-1,-1,,-1,-1,-1,,1
40040,name_40040_adventure,-1,icon_maoxiandai3,4,-1,1,0,1,-1,tips_40040_adventure,3,-1,-1,10,2,1,1,advanture305_extra1,,,,-1,-1,-1,,-1,-1,-1,,1
40041,name_40041_adventure,-1,icon_maoxiandai3,4,-1,1,0,1,-1,tips_40041_adventure,3,-1,-1,10,2,1,1,advanture305_extra2,,,,-1,-1,-1,,-1,-1,-1,,1
40042,name_40042_adventure,-1,icon_maoxiandai3,4,-1,1,0,1,-1,tips_40042_adventure,3,-1,-1,10,2,1,1,advanture305_extra3,,,,-1,-1,-1,,-1,-1,-1,,1
40043,name_40043_adventure,-1,icon_maoxiandai3,4,-1,1,0,1,-1,tips_40043_adventure,3,-1,-1,10,2,1,1,advanture305_extra4,,,,-1,-1,-1,,-1,-1,-1,,1
40044,name_40044_adventure,-1,icon_maoxiandai3,4,-1,1,0,1,-1,tips_40044_adventure,3,-1,-1,10,2,1,1,advanture308_extra1,,,,-1,-1,-1,,-1,-1,-1,,1
40045,name_40045_adventure,-1,icon_maoxiandai3,4,-1,1,0,1,-1,tips_40045_adventure,3,-1,-1,10,2,1,1,advanture308_extra2,,,,-1,-1,-1,,-1,-1,-1,,1
40046,name_40046_adventure,-1,icon_maoxiandai3,4,-1,1,0,1,-1,tips_40046_adventure,3,-1,-1,10,2,1,1,advanture308_extra3,,,,-1,-1,-1,,-1,-1,-1,,1
40047,name_40047_adventure,-1,icon_maoxiandai3,4,-1,1,0,1,-1,tips_40047_adventure,3,-1,-1,10,2,1,1,advanture308_extra4,,,,-1,-1,-1,,-1,-1,-1,,1
40048,name_40048_adventure,-1,icon_maoxiandai3,4,-1,1,0,1,-1,tips_40048_adventure,3,-1,-1,10,2,1,1,advanture312_extra1,,,,-1,-1,-1,,-1,-1,-1,,1
40049,name_40049_adventure,-1,icon_maoxiandai3,4,-1,1,0,1,-1,tips_40049_adventure,3,-1,-1,10,2,1,1,advanture312_extra2,,,,-1,-1,-1,,-1,-1,-1,,1
40050,name_40050_adventure,-1,icon_maoxiandai3,4,-1,1,0,1,-1,tips_40050_adventure,3,-1,-1,10,2,1,1,advanture312_extra3,,,,-1,-1,-1,,-1,-1,-1,,1
40051,name_40051_adventure,-1,icon_maoxiandai3,4,-1,1,0,1,-1,tips_40051_adventure,3,-1,-1,10,2,1,1,advanture312_extra4,,,,-1,-1,-1,,-1,-1,-1,,1
40052,name_40052_pvpstagereward,-1,icon_wenzhangxiangzi2,4,3,2,0,1,-1,tips_40052_pvpstagereward,3,-1,-1,10,2,1,1,pvpstagereward_40052,,,,-1,-1,-1,,-1,-1,-1,"6,5_3",1
40053,name_40053_pvpstagereward,-1,icon_wenzhangxiangzi3,4,3,3,0,1,-1,tips_40053_pvpstagereward,3,-1,-1,10,2,1,1,pvpstagereward_40053,,,,-1,-1,-1,,-1,-1,-1,"6,5_3",1
40054,name_40054_pvpstagereward,-1,icon_wenzhangxiangzi4,4,3,4,0,1,-1,tips_40054_pvpstagereward,3,-1,-1,10,2,1,1,pvpstagereward_40054,,,,-1,-1,-1,,-1,-1,-1,"6,5_3",0
40055,name_40055_pvpstagereward,-1,icon_wenzhangxiangzi5,4,3,5,0,1,-1,tips_40055_pvpstagereward,3,-1,-1,10,2,1,1,pvpstagereward_40055,,,,-1,-1,-1,,-1,-1,-1,5_3,1
40056,name_40056_pvprankreward,-1,icon_chongwusuipian1,4,4,1,0,1,-1,tips_40056_pvprankreward,3,-1,-1,10,2,1,1,pvprankreward_40056,,,,-1,-1,-1,,-1,-1,-1,"13_1,1_dajie21,1_huoshan21",1
40057,name_40057_pvprankreward,-1,icon_chongwusuipian2,4,4,2,0,1,-1,tips_40057_pvprankreward,3,-1,-1,10,2,1,1,pvprankreward_40057,,,,-1,-1,-1,,-1,-1,-1,"13_1,5_3",1
40058,name_40058_pvprankreward,-1,icon_chongwusuipian3,4,4,3,0,1,-1,tips_40058_pvprankreward,3,-1,-1,10,2,1,1,pvprankreward_40058,,,,-1,-1,-1,,-1,-1,-1,5_3,1
40059,name_40059_pvprankreward,-1,icon_chongwusuipian4,4,4,4,0,1,-1,tips_40059_pvprankreward,3,-1,-1,10,2,1,1,pvprankreward_40059,,,,-1,-1,-1,,-1,-1,-1,5_3,1
40060,name_40060_pvprankxianshisuipian,-1,icon_chongwusuipian2,4,-1,2,0,1,-1,tips_40060_pvprankxianshisuipian,3,-1,-1,10,2,1,1,300001,,,,-1,-1,-1,,-1,-1,-1,,1
40061,name_40061_pvprankxianshisuipian,-1,icon_chongwusuipian3,4,-1,3,0,1,-1,tips_40061_pvprankxianshisuipian,3,-1,-1,10,2,1,1,300001,,,,-1,-1,-1,,-1,-1,-1,,1
40062,name_40062_pvprankxianshisuipian,-1,icon_chongwusuipian4,4,-1,4,0,1,-1,tips_40062_pvprankxianshisuipian,3,-1,-1,10,2,1,1,300001,,,,-1,-1,-1,,-1,-1,-1,,1
40063,name_40063_advanturegoldbox,-1,icon_zuanshixiangzi1,4,2,1,0,1,-1,tips_40063_advanturegoldbox,3,-1,-1,10,2,1,1,advanturegoldbox40063,,,,-1,-1,-1,,-1,-1,-1,13_1,1
40064,name_40064_pvpbox,-1,icon_pvpchongwusuipian3,4,6,3,0,1,-1,tips_40064_pvpbox,3,-1,-1,10,2,1,1,pvpboxreward40064,,,,-1,-1,-1,,-1,-1,-1,5_3,1
40065,name_40065_towerbox,-1,icon_tongtiantasuipian3,4,6,3,0,1,-1,tips_40065_towerbox,3,-1,-1,10,2,1,1,towerboxreward40065,,,,-1,-1,-1,,-1,-1,-1,5_3,1
40066,name_40066_bfregmentda,-1,icon_chongwusuipian2,4,4,2,0,1,-1,tips_40066_bfregmentda,3,-1,-1,10,2,1,1,bfregmentda_40066,,,,-1,-1,-1,,-1,-1,-1,,1
40067,name_40067_afregmentda,-1,icon_chongwusuipian3,4,4,3,0,1,-1,tips_40067_afregmentda,3,-1,-1,10,2,1,1,afregmentda_40067,,,,-1,-1,-1,,-1,-1,-1,,1
40068,name_40068_bigTaskleader601,-1,icon_lingxiubaoxiang5,4,5,4,0,1,-1,tips_40068_bigTaskleader601,3,-1,-1,10,2,1,1,200009,,,,-1,-1,-1,,-1,-1,-1,7_2,1
40069,name_40069_bigTaskleader602,-1,icon_lingxiubaoxiangbuji5,4,5,4,0,1,-1,tips_40069_bigTaskleader602,3,-1,-1,10,2,1,1,200010,,,,-1,-1,-1,,-1,-1,-1,7_2,1
40070,name_40070_commonfregmentda,-1,icon_suijichongsuipianxiangzi2,4,7,2,0,1,-1,tips_40070_commonfregmentda,3,-1,-1,10,2,1,1,commonfregmentda_40070,,,,-1,-1,-1,,-1,-1,-1,,1
40071,name_40071_rarefregmentda,-1,icon_suijichongsuipianxiangzi3,4,7,3,0,1,-1,tips_40071_rarefregmentda,3,-1,-1,10,2,1,1,rarefregmentda_40071,,,,-1,-1,-1,,-1,-1,-1,,1
40072,name_40072_epicfregmentda,-1,icon_suijichongsuipianxiangzi4,4,7,4,0,1,-1,tips_40072_epicfregmentda,3,-1,-1,10,2,1,1,epicfregmentda_40072,,,,-1,-1,-1,,-1,-1,-1,,1
40073,name_40073_suipianlibao1,-1,icon_suijichongsuipianxiangzi3,4,7,4,0,1,-1,tips_40073_suipianlibao1,3,-1,-1,10,2,1,1,suipianlibao1_40073,,,,-1,-1,-1,,-1,-1,-1,,1
40074,name_40074_suipianlibao2,-1,icon_suijichongsuipianxiangzi4,4,7,4,0,1,-1,tips_40074_suipianlibao2,3,-1,-1,10,2,1,1,suipianlibao2_40074,,,,-1,-1,-1,,-1,-1,-1,,1
40075,name_40075_wenzhanglibao1,-1,icon_suijiwenzhangxiangzi3,4,3,3,0,1,-1,tips_40075_wenzhanglibao1,3,-1,-1,10,2,1,1,wenzhanglibao_lv,,,,-1,-1,-1,,-1,-1,-1,,1
40076,name_40076_wenzhanglibao2,-1,icon_suijiwenzhangxiangzi4,4,3,3,0,1,-1,tips_40076_wenzhanglibao2,3,-1,-1,10,2,1,1,wenzhanglibao_lan,,,,-1,-1,-1,,-1,-1,-1,,1
50001,name_50001_jingyanyaoshui,1,,5,-1,1,0,1,-1,tips_50001_jingyanyaoshui,3,-1,-1,-1,-1,100,1,,,,,-1,3,100,,-1,-1,-1,,1
50002,name_50002_chujichongwujingyanyaoshui,2,icon_xinyangzhili1,5,1,1,0,1,-1,tips_50002_chujichongwujingyanyaoshui,3,36,2,200,2,100,1,,,,,-1,5,60,,-1,-1,-1,13_3,1
50003,name_50003_zhongjichongwujingyanyaoshui,2,icon_xinyangzhili2,5,1,2,0,1,-1,tips_50003_zhongjichongwujingyanyaoshui,3,180,2,200,2,100,1,,,,,-1,5,300,,-1,-1,-1,13_3,1
50004,name_50004_gaojichongwujingyanyaoshui,2,icon_xinyangzhili3,5,1,3,0,1,-1,tips_50004_gaojichongwujingyanyaoshui,3,900,2,200,2,100,1,,,,,-1,5,1500,,-1,-1,-1,13_3,1
50005,name_50005_chujipilaoyaoshui,1,icon_huolizhi1,5,4,1,0,1,12,tips_50005_chujipilaoyaoshui,3,2000,2,25,2,100,1,,,,,-1,7,20,,-1,-1,-1,4,1
50006,name_50006_zhongjipilaoyaoshui,1,icon_huolizhi2,5,4,2,0,1,4,tips_50006_zhongjipilaoyaoshui,3,5500,2,60,2,100,1,,,,,-1,7,50,,-1,-1,-1,4,1
50007,name_50007_gaojipilaoyaoshui,1,icon_huolizhi3,5,4,3,0,1,2,tips_50007_gaojipilaoyaoshui,3,9000,2,110,2,100,1,,,,,-1,7,100,,-1,-1,-1,4,1
50008,name_50008_shuangbeijingyanyao,1,icon_jingyanjuanzhou1,5,2,2,0,1,-1,tips_50008_shuangbeijingyanyao,3,4000,2,200,2,100,1,,,,,-1,100,3,,-1,-1,-1,"3_1,4",1
50009,name_50009_sanbeijingyanyao,1,icon_jingyanjuanzhou2,5,3,3,0,1,-1,tips_50009_sanbeijingyanyao,3,8000,2,200,2,100,1,,,,,-1,100,5,,-1,-1,-1,4,1
70001,name_70001_fangyuxingwuqi,2,icon_fangzhuang5,7,1,1,0,1,-1,tips_70001_fangyuxingwuqi,1,-1,-1,200,1,1,1,,,,,-1,-1,-1,,-1,1,100,"1_dajie14,1_huoshan14",1
70002,name_70002_fangyuxinghujia,2,icon_fangzhuang3,7,1,1,0,1,-1,tips_70002_fangyuxinghuyao,1,-1,-1,200,1,1,1,,,,,-1,-1,-1,,-1,2,100,"1_dajie18,1_huoshan18",1
70003,name_70003_fangyuxingtoukui,2,icon_fangzhuang1,7,1,1,0,1,-1,tips_70003_fangyuxinghujia,1,-1,-1,200,1,1,1,,,,,-1,-1,-1,,-1,3,100,"1_xiaoxiang14,1_xueshan14",1
70004,name_70004_fangyuxinghuwan,2,icon_fangzhuang2,7,1,1,0,1,-1,tips_70004_fangyuxingshouzhuo,1,-1,-1,200,1,1,1,,,,,-1,-1,-1,,-1,4,100,"1_senlin14,1_minghe14",1
70005,name_70005_fangyuxingjiezhi,2,icon_fangzhuang4,7,1,1,0,1,-1,tips_70005_fangyuxingjiezhi,1,-1,-1,200,1,1,1,,,,,-1,-1,-1,,-1,5,100,"1_xiaoxiang18,1_xueshan18",1
70006,name_70006_fangyuxingshipin,2,icon_fangzhuang6,7,1,1,0,1,-1,tips_70006_fangyuxinghushenfu,1,-1,-1,200,1,1,1,,,,,-1,-1,-1,,-1,6,100,"1_senlin18,1_minghe18",1
70007,name_70007_wulixingwuqi,2,icon_wuzhuang5,7,2,1,0,1,-1,tips_70007_wulixingwuqi,1,-1,-1,200,1,1,1,,,,,-1,-1,-1,,-1,1,100,"1_dajie14,1_huoshan14",1
70008,name_70008_wulixinghujia,2,icon_wuzhuang3,7,2,1,0,1,-1,tips_70008_wulixinghuyao,1,-1,-1,200,1,1,1,,,,,-1,-1,-1,,-1,2,100,"1_dajie18,1_huoshan18",1
70009,name_70009_wulixingtoukui,2,icon_wuzhuang1,7,2,1,0,1,-1,tips_70009_wulixinghujia,1,-1,-1,200,1,1,1,,,,,-1,-1,-1,,-1,3,100,"1_xiaoxiang14,1_xueshan14",1
70010,name_70010_wulixinghuwan,2,icon_wuzhuang2,7,2,1,0,1,-1,tips_70010_wulixingshouzhuo,1,-1,-1,200,1,1,1,,,,,-1,-1,-1,,-1,4,100,"1_senlin14,1_minghe14",1
70011,name_70011_wulixingjiezhi,2,icon_wuzhuang4,7,2,1,0,1,-1,tips_70011_wulixingjiezhi,1,-1,-1,200,1,1,1,,,,,-1,-1,-1,,-1,5,100,"1_xiaoxiang18,1_xueshan18",1
70012,name_70012_wulixingshipin,2,icon_wuzhuang6,7,2,1,0,1,-1,tips_70012_wulixinghushenfu,1,-1,-1,200,1,1,1,,,,,-1,-1,-1,,-1,6,100,"1_senlin18,1_minghe18",1
70013,name_70013_fashuxingwuqi,2,icon_fazhuang5,7,3,1,0,1,-1,tips_70013_fashuxingwuqi,1,-1,-1,200,1,1,1,,,,,-1,-1,-1,,-1,1,100,"1_dajie14,1_huoshan14",1
70014,name_70014_fashuxinghujia,2,icon_fazhuang3,7,3,1,0,1,-1,tips_70014_fashuxinghuyao,1,-1,-1,200,1,1,1,,,,,-1,-1,-1,,-1,2,100,"1_dajie18,1_huoshan18",1
70015,name_70015_fashuxingtoukui,2,icon_fazhuang1,7,3,1,0,1,-1,tips_70015_fashuxinghujia,1,-1,-1,200,1,1,1,,,,,-1,-1,-1,,-1,3,100,"1_xiaoxiang14,1_xueshan14",1
70016,name_70016_fashuxinghuwan,2,icon_fazhuang2,7,3,1,0,1,-1,tips_70016_fashuxingshouzhuo,1,-1,-1,200,1,1,1,,,,,-1,-1,-1,,-1,4,100,"1_senlin14,1_minghe14",1
70017,name_70017_fashuxingjiezhi,2,icon_fazhuang4,7,3,1,0,1,-1,tips_70017_fashuxingjiezhi,1,-1,-1,200,1,1,1,,,,,-1,-1,-1,,-1,5,100,"1_xiaoxiang18,1_xueshan18",1
70018,name_70018_fashuxingshipin,2,icon_fazhuang6,7,3,1,0,1,-1,tips_70018_fashuxinghushenfu,1,-1,-1,200,1,1,1,,,,,-1,-1,-1,,-1,6,100,"1_senlin18,1_minghe18",1
70019,name_70019_zhiyuanxingwuqi,2,icon_zhizhuang5,7,4,1,0,1,-1,tips_70019_zhiyuanxingwuqi,1,-1,-1,200,1,1,1,,,,,-1,-1,-1,,-1,1,100,"1_dajie14,1_huoshan14",1
70020,name_70020_zhiyuanxinghujia,2,icon_zhizhuang3,7,4,1,0,1,-1,tips_70020_zhiyuanxinghuyao,1,-1,-1,200,1,1,1,,,,,-1,-1,-1,,-1,2,100,"1_dajie18,1_huoshan18",1
70021,name_70021_zhiyuanxingtoukui,2,icon_zhizhuang1,7,4,1,0,1,-1,tips_70021_zhiyuanxinghujia,1,-1,-1,200,1,1,1,,,,,-1,-1,-1,,-1,3,100,"1_xiaoxiang14,1_xueshan14",1
70022,name_70022_zhiyuanxinghuwan,2,icon_zhizhuang2,7,4,1,0,1,-1,tips_70022_zhiyuanxingshouzhuo,1,-1,-1,200,1,1,1,,,,,-1,-1,-1,,-1,4,100,"1_senlin14,1_minghe14",1
70023,name_70023_zhiyuanxingjiezhi,2,icon_zhizhuang4,7,4,1,0,1,-1,tips_70023_zhiyuanxingjiezhi,1,-1,-1,200,1,1,1,,,,,-1,-1,-1,,-1,5,100,"1_xiaoxiang18,1_xueshan18",1
70024,name_70024_zhiyuanxingshipin,2,icon_zhizhuang6,7,4,1,0,1,-1,tips_70024_zhiyuanxinghushenfu,1,-1,-1,200,1,1,1,,,,,-1,-1,-1,,-1,6,100,"1_senlin18,1_minghe18",1
101,name_101,-1,icon_ty_zhuangbei_5,-1,1,1,0,1,-1,tips_101,3,-1,-1,-1,-1,-1,1,,,,,-1,-1,-1,,-1,-1,-1,,1
102,name_102,-1,icon_ty_zhuangbei_3,-1,1,1,0,1,-1,tips_102,3,-1,-1,-1,-1,-1,1,,,,,-1,-1,-1,,-1,-1,-1,,1
103,name_103,-1,icon_ty_zhuangbei_1,-1,1,1,0,1,-1,tips_103,3,-1,-1,-1,-1,-1,1,,,,,-1,-1,-1,,-1,-1,-1,,1
104,name_104,-1,icon_ty_zhuangbei_2,-1,1,1,0,1,-1,tips_104,3,-1,-1,-1,-1,-1,1,,,,,-1,-1,-1,,-1,-1,-1,,1
105,name_105,-1,icon_ty_zhuangbei_4,-1,1,1,0,1,-1,tips_105,3,-1,-1,-1,-1,-1,1,,,,,-1,-1,-1,,-1,-1,-1,,1
106,name_106,-1,icon_ty_zhuangbei_6,-1,1,1,0,1,-1,tips_106,3,-1,-1,-1,-1,-1,1,,,,,-1,-1,-1,,-1,-1,-1,,1
90001,name_90001_jinbi,-1,icon_jinbi2,-1,1,1,0,1,-1,tips_90001,1,-1,-1,-1,-1,999999999,1,,,,,-1,-1,-1,,-1,-1,-1,,1
90002,name_90002_zuanshi,-1,icon_zuanshi2,-1,1,1,0,1,-1,tips_90002,1,-1,-1,-1,-1,999999999,1,,,,,-1,-1,-1,,-1,-1,-1,,1
90003,name_90003_rongyudian,-1,icon_rongyudian2,-1,1,1,0,1,-1,tips_90003,1,-1,-1,-1,-1,999999999,1,,,,,-1,-1,-1,,-1,-1,-1,,1
90004,name_90004_tongtiantabi,-1,icon_towercoin2,-1,1,1,0,1,-1,tips_90004_tongtiantabi,1,-1,-1,-1,-1,999999999,1,,,,,-1,-1,-1,,-1,-1,-1,,1
90005,name_90005_gonghuibi,-1,icon_gongxianzhi,-1,1,1,0,1,-1,tips_90005_gonghuibi,1,-1,-1,-1,-1,999999999,1,,,,,-1,-1,-1,,-1,-1,-1,,1
90006,name_90006_huolizhi,-1,icon_huolizhi,-1,1,1,0,1,-1,tips_90006_huolizhi,1,-1,-1,-1,-1,999999999,1,,,,,-1,-1,-1,,-1,-1,-1,,1
90007,name_90007_jingyanzhi,-1,icon_exp2,-1,1,1,0,1,-1,tips_90007_jingyanzhi,1,-1,-1,-1,-1,999999999,1,,,,,-1,-1,-1,,-1,-1,-1,,1
90008,name_90008_huodongdian,-1,icon_exp2,-1,1,1,0,1,-1,tips_90008_huodongdian,1,-1,-1,-1,-1,999999999,1,,,,,-1,-1,-1,,-1,-1,-1,,1
90009,name_90009_xinyangzhili,-1,icon_xinyangbi1,-1,1,1,0,1,-1,tips_90009_xinyangzhili,1,-1,-1,-1,-1,999999999,1,,,,,-1,-1,-1,,-1,-1,-1,,1
