#NUM,TEXT,TEXT,TEXT,TEXT,TEXT,TEXT
month,col1,col2,col3,col4,col5,col6
#月，配置顺序即为行,第一列,第二列,第三列,第四列,第五列,第六列
1,signin_101,signin_102,signin_103,signin_104,signin_105,signin_106
1,signin_107,signin_108,signin_109,signin_110,signin_111,signin_112
1,signin_113,signin_114,signin_115,signin_116,signin_117,signin_118
1,signin_119,signin_120,signin_121,signin_122,signin_123,signin_124
1,signin_125,signin_126,signin_127,signin_128,signin_129,signin_130
2,signin_101,signin_102,signin_103,signin_104,signin_105,signin_106
2,signin_107,signin_108,signin_109,signin_110,signin_111,signin_112
2,signin_113,signin_114,signin_115,signin_116,signin_117,signin_118
2,signin_119,signin_120,signin_121,signin_122,signin_123,signin_124
2,signin_126,signin_128,signin_129,signin_130,,
3,signin_101,signin_102,signin_103,signin_104,signin_105,signin_106
3,signin_107,signin_108,signin_109,signin_110,signin_111,signin_112
3,signin_113,signin_114,signin_115,signin_116,signin_117,signin_118
3,signin_119,signin_120,signin_121,signin_122,signin_123,signin_124
3,signin_125,signin_126,signin_127,signin_128,signin_129,signin_130
4,signin_101,signin_102,signin_103,signin_104,signin_105,signin_106
4,signin_107,signin_108,signin_109,signin_110,signin_111,signin_112
4,signin_113,signin_114,signin_115,signin_116,signin_117,signin_118
4,signin_119,signin_120,signin_121,signin_122,signin_123,signin_124
4,signin_125,signin_126,signin_127,signin_128,signin_129,signin_130
5,signin_101,signin_102,signin_103,signin_104,signin_105,signin_106
5,signin_107,signin_108,signin_109,signin_110,signin_111,signin_112
5,signin_113,signin_114,signin_115,signin_116,signin_117,signin_118
5,signin_119,signin_120,signin_121,signin_122,signin_123,signin_124
5,signin_125,signin_126,signin_127,signin_128,signin_129,signin_130
6,signin_101,signin_102,signin_103,signin_104,signin_105,signin_106
6,signin_107,signin_108,signin_109,signin_110,signin_111,signin_112
6,signin_113,signin_114,signin_115,signin_116,signin_117,signin_118
6,signin_119,signin_120,signin_121,signin_122,signin_123,signin_124
6,signin_125,signin_126,signin_127,signin_128,signin_129,signin_130
7,signin_101,signin_102,signin_103,signin_104,signin_105,signin_106
7,signin_107,signin_108,signin_109,signin_110,signin_111,signin_112
7,signin_113,signin_114,signin_115,signin_116,signin_117,signin_118
7,signin_119,signin_120,signin_121,signin_122,signin_123,signin_124
7,signin_125,signin_126,signin_127,signin_128,signin_129,signin_130
8,signin_101,signin_102,signin_103,signin_104,signin_105,signin_106
8,signin_107,signin_108,signin_109,signin_110,signin_111,signin_112
8,signin_113,signin_114,signin_115,signin_116,signin_117,signin_118
8,signin_119,signin_120,signin_121,signin_122,signin_123,signin_124
8,signin_125,signin_126,signin_127,signin_128,signin_129,signin_130
9,signin_101,signin_102,signin_103,signin_104,signin_105,signin_106
9,signin_107,signin_108,signin_109,signin_110,signin_111,signin_112
9,signin_113,signin_114,signin_115,signin_116,signin_117,signin_118
9,signin_119,signin_120,signin_121,signin_122,signin_123,signin_124
9,signin_125,signin_126,signin_127,signin_128,signin_129,signin_130
10,signin_101,signin_102,signin_103,signin_104,signin_105,signin_106
10,signin_107,signin_108,signin_109,signin_110,signin_111,signin_112
10,signin_113,signin_114,signin_115,signin_116,signin_117,signin_118
10,signin_119,signin_120,signin_121,signin_122,signin_123,signin_124
10,signin_125,signin_126,signin_127,signin_128,signin_129,signin_130
11,signin_101,signin_102,signin_103,signin_104,signin_105,signin_106
11,signin_107,signin_108,signin_109,signin_110,signin_111,signin_112
11,signin_113,signin_114,signin_115,signin_116,signin_117,signin_118
11,signin_119,signin_120,signin_121,signin_122,signin_123,signin_124
11,signin_125,signin_126,signin_127,signin_128,signin_129,signin_130
12,signin_101,signin_102,signin_103,signin_104,signin_105,signin_106
12,signin_107,signin_108,signin_109,signin_110,signin_111,signin_112
12,signin_113,signin_114,signin_115,signin_116,signin_117,signin_118
12,signin_119,signin_120,signin_121,signin_122,signin_123,signin_124
12,signin_125,signin_126,signin_127,signin_128,signin_129,signin_130
