#TEXT,TEXT,TEXT,TEXT,TEXT,TEXT,TEXT,TEXT
id,skip,campType,name,image,face,position,speakId
#对话编号Id,是否可跳过,阵营,发言人名称,立绘,立绘,坐标,对话多语言编号
speech_test,1,a,雪姬,zhujiemian_ditu,jiesuan_shengji,"0,0",speak_001
,,b,兔桑,zhujiemian_ditu,jiesuan_shengji,"0,0",speak_002
,,a,雪姬,zhujiemian_ditu,jiesuan_shengji,"20,400",speak_003
,,b,兔桑,zhujiemian_ditu,jiesuan_shengji,"20,400",speak_004
,,a,雪姬,zhujiemian_ditu,jiesuan_shengji,"-40,500",speak_005
,,b,兔桑,zhujiemian_ditu,jiesuan_shengji,"-40,500",speak_006
demo_tishi,0,a,兔桑,lihui_1,lihui_1,"-40,500",speak_006
speech_xinshousummon,0,a,speechname_wo,lihui_wo,lihui_wo,"0,0",speech_summon1
,,b,speechname_jiuwei,lihui_jiuweihu4,lihui_jiuweihu4_putong,"258,142",speech_summon2
,,b,speechname_jiuwei,lihui_jiuweihu4,lihui_jiuweihu4_putong,"258,142",speech_summon3
speech_zhenrongxuanze,0,a,speechname_bingxuenvwang,lihui_bingxuenvwang3,lihui_bingxuenvwang_putong,"227,90",speech_zhenrongxuanze1
,,b,speechname_jiuwei,lihui_jiuweihu4,lihui_jiuweihu4_putong,"258,142",speech_zhenrongxuanze2
,,a,speechname_wo,lihui_wo,lihui_wo,"0,0",speech_zhenrongxuanze3
,,b,speechname_jiuwei,lihui_jiuweihu4,lihui_jiuweihu4_putong,"258,142",speech_zhenrongxuanze4
speech_shanghuapotips,0,a,speechname_jiuwei,lihui_jiuweihu4,lihui_jiuweihu4_putong,"258,142",speech_shanghuapotips
speech_shangmantuoluotips,0,a,speechname_jiuwei,lihui_jiuweihu4,lihui_jiuweihu4_putong,"258,142",speech_shangmantuoluotips
speech_shop,0,a,speechname_jiuwei,lihui_jiuweihu4,lihui_jiuweihu4_putong,"258,142",speech_shop
speech_expqian,0,a,speechname_bingxuenvwang,lihui_bingxuenvwang3,lihui_bingxuenvwang_putong,"227,90",speech_exp1
speech_expzhong,0,a,speechname_bingxuenvwang,lihui_bingxuenvwang3,lihui_bingxuenvwang_putong,"227,90",speech_exp3
,,a,speechname_bingxuenvwang,lihui_bingxuenvwang3,lihui_bingxuenvwang_haoqi,"227,90",speech_exp4
,,a,speechname_jiuwei,lihui_jiuweihu4,lihui_jiuweihu4_putong,"258,142",speech_exp5
,,a,speechname_bingxuenvwang,lihui_bingxuenvwang3,lihui_bingxuenvwang_haoqi,"227,90",speech_exp6
,,a,speechname_jiuwei,lihui_jiuweihu4,lihui_jiuweihu4_shengqi,"258,142",speech_exp7
speech_equip,0,b,speechname_jiuwei,lihui_jiuweihu4,lihui_jiuweihu4_kaixin,"258,142",speech_equip1
,,b,speechname_jiuwei,lihui_jiuweihu4,lihui_jiuweihu4_kaixin,"258,142",speech_equip3
,,b,speechname_wo,lihui_wo,lihui_wo,"0,0",speech_equip4
,,b,speechname_jiuwei,lihui_jiuweihu4,lihui_jiuweihu4_putong,"258,142",speech_equip5
speech_houbeiwei,0,b,speechname_jiuwei,lihui_jiuweihu4,lihui_jiuweihu4_putong,"258,142",speech_houbeiwei
speech_xinshoushilian,0,a,speechname_jiuwei,lihui_jiuweihu4,lihui_jiuweihu4_putong,"258,142",speech_xinshoushilian1
,,a,speechname_jiuwei,lihui_jiuweihu4,lihui_jiuweihu4_putong,"258,142",speech_xinshoushilian2
speech_xinshoutower,0,a,speechname_jiuwei,lihui_jiuweihu4,lihui_jiuweihu4_putong,"258,142",speech_xinshoutower1
,,a,speechname_jiuwei,lihui_jiuweihu4,lihui_jiuweihu4_putong,"258,142",speech_xinshoutower2
,,a,speechname_jiuwei,lihui_jiuweihu4,lihui_jiuweihu4_putong,"258,142",speech_xinshoutower3
,,a,speechname_jiuwei,lihui_jiuweihu4,lihui_jiuweihu4_putong,"258,142",speech_xinshoutower4
speech_xinshoupvp,0,a,speechname_jiuwei,lihui_jiuweihu4,lihui_jiuweihu4_putong,"258,142",speech_xinshoupvp1
,,a,speechname_jiuwei,lihui_jiuweihu4,lihui_jiuweihu4_putong,"258,142",speech_xinshoupvp2
,,a,speechname_jiuwei,lihui_jiuweihu4,lihui_jiuweihu4_putong,"258,142",speech_xinshoupvp3
speech_xinshoucompose,0,a,speechname_jiuwei,lihui_jiuweihu4,lihui_jiuweihu4_putong,"258,142",speech_xinshoucompose
speech_xinshouguild1,0,a,speechname_jiuwei,lihui_jiuweihu4,lihui_jiuweihu4_putong,"258,142",speech_xinshouguild1
speech_xinshouguild2,0,a,speechname_jiuwei,lihui_jiuweihu4,lihui_jiuweihu4_putong,"258,142",speech_xinshouguild2
speech_xinshouguild3,0,a,speechname_jiuwei,lihui_jiuweihu4,lihui_jiuweihu4_putong,"258,142",speech_xinshouguild3
,,a,speechname_jiuwei,lihui_jiuweihu4,lihui_jiuweihu4_putong,"258,142",speech_xinshouguild4
,,a,speechname_jiuwei,lihui_jiuweihu4,lihui_jiuweihu4_putong,"258,142",speech_xinshouguild5
speech_xinshouguild4,0,a,speechname_jiuwei,lihui_jiuweihu4,lihui_jiuweihu4_putong,"258,142",speech_xinshouguild6
,,a,speechname_jiuwei,lihui_jiuweihu4,lihui_jiuweihu4_putong,"258,142",speech_xinshouguild7
speech_xinshouadventure1,0,a,speechname_jiuwei,lihui_jiuweihu4,lihui_jiuweihu4_putong,"258,142",speech_xinshouadventure1
,,a,speechname_jiuwei,lihui_jiuweihu4,lihui_jiuweihu4_putong,"258,142",speech_xinshouadventure2
,,a,speechname_jiuwei,lihui_jiuweihu4,lihui_jiuweihu4_putong,"258,142",speech_xinshouadventure3
speech_xinshouadventure2,0,a,speechname_jiuwei,lihui_jiuweihu4,lihui_jiuweihu4_putong,"258,142",speech_xinshouadventure4
,,a,speechname_jiuwei,lihui_jiuweihu4,lihui_jiuweihu4_putong,"258,142",speech_xinshouadventure9
speech_xinshouadventure3,0,a,speechname_jiuwei,lihui_jiuweihu4,lihui_jiuweihu4_putong,"258,142",speech_xinshouadventure5
speech_xinshouadventure4,0,a,speechname_jiuwei,lihui_jiuweihu4,lihui_jiuweihu4_putong,"258,142",speech_xinshouadventure6
speech_xinshouadventure5,0,a,speechname_jiuwei,lihui_jiuweihu4,lihui_jiuweihu4_putong,"258,142",speech_xinshouadventure7
speech_xinshouadventure6,0,a,speechname_jiuwei,lihui_jiuweihu4,lihui_jiuweihu4_putong,"258,142",speech_xinshouadventure8
speech_xinshoudecompose,0,a,speechname_jiuwei,lihui_jiuweihu4,lihui_jiuweihu4_putong,"258,142",speech_xinshoudecompose
speech_xinshouchongwujinjie,0,a,speechname_jiuwei,lihui_jiuweihu4,lihui_jiuweihu4_putong,"258,142",speech_xinshouchongwujinjie
speech_xinshouxiangqian,0,a,speechname_jiuwei,lihui_jiuweihu4,lihui_jiuweihu4_putong,"258,142",speech_xinshouxiangqian1
,0,a,speechname_jiuwei,lihui_jiuweihu4,lihui_jiuweihu4_putong,"258,142",speech_xinshouxiangqian2
,0,a,speechname_jiuwei,lihui_jiuweihu4,lihui_jiuweihu4_putong,"258,142",speech_xinshouxiangqian3
speech_xinshoulock1,0,a,speechname_jiuwei,lihui_jiuweihu4,lihui_jiuweihu4_putong,"258,142",speech_xinshoulock1
speech_xinshoulock2,0,a,speechname_jiuwei,lihui_jiuweihu4,lihui_jiuweihu4_putong,"258,142",speech_xinshoulock2
speech_xinyangzhilu1,0,a,speechname_jiuwei,lihui_jiuweihu4,lihui_jiuweihu4_putong,"258,142",speech_xinyangzhilu1
speech_xinyangzhilu2,0,a,speechname_jiuwei,lihui_jiuweihu4,lihui_jiuweihu4_putong,"258,142",speech_xinyangzhilu2
,,a,speechname_jiuwei,lihui_jiuweihu4,lihui_jiuweihu4_putong,"258,142",speech_xinyangzhilu3
,,a,speechname_jiuwei,lihui_jiuweihu4,lihui_jiuweihu4_putong,"258,142",speech_xinyangzhilu4
speech_0fightqian,0,b,speechname_jiuwei,lihui_jiuweihu4,lihui_jiuweihu4_shengqi,"258,142",speech_0fightqian1
,,b,speechname_jiuwei,lihui_jiuweihu4,lihui_jiuweihu4_shengqi,"258,142",speech_0fightqian2
,,a,speechname_wo,lihui_wo,lihui_wo,"0,0",speech_0fightqian3
speech_0fightzhong,0,b,speechname_wo,lihui_wo,lihui_wo,"0,0",speech_0fightzhong1
,,b,speechname_jiuwei,lihui_jiuweihu4,lihui_jiuweihu4_putong,"258,142",speech_0fightzhong3
speech_0fighthou,0,a,speechname_jiuwei,lihui_jiuweihu4,lihui_jiuweihu4_kaixin,"258,142",speech_0fighthou1
speech_0fightjihuo,0,a,speechname_jiuwei,lihui_jiuweihu4,lihui_jiuweihu4_putong,"258,142",speech_0fightjihuo
speech_0fightjihuo1,0,a,speechname_jiuwei,lihui_jiuweihu4,lihui_jiuweihu4_putong,"258,142",speech_0fightjihuo1
speech_kaijiaxing1,0,b,speechname_jiuwei,lihui_jiuweihu4,lihui_jiuweihu4_putong,"258,142",speech_kaijiaxing1
,,b,speechname_jiuwei,lihui_jiuweihu4,lihui_jiuweihu4_putong,"258,142",speech_kaijiaxing2
speech_kaijiaxing2,0,b,speechname_jiuwei,lihui_jiuweihu4,lihui_jiuweihu4_putong,"258,142",speech_kaijiaxing3
,,b,speechname_jiuwei,lihui_jiuweihu4,lihui_jiuweihu4_putong,"258,142",speech_kaijiaxing4
speech_element1,0,a,speechname_jiuwei,lihui_jiuweihu4,lihui_jiuweihu4_putong,"258,142",speech_element1
speech_element2,0,a,speechname_jiuwei,lihui_jiuweihu4,lihui_jiuweihu4_putong,"258,142",speech_element2
speech_duoruodian,0,b,speechname_jiuwei,lihui_jiuweihu4,lihui_jiuweihu4_putong,"258,142",speech_duoruodian
speech_yincangruodian,0,b,speechname_jiuwei,lihui_jiuweihu4,lihui_jiuweihu4_putong,"258,142",speech_yincangruodian
speech_worldboss1,0,b,speechname_jiuwei,lihui_jiuweihu4,lihui_jiuweihu4_putong,"258,142",speech_worldboss1
speech_worldboss2,0,b,speechname_jiuwei,lihui_jiuweihu4,lihui_jiuweihu4_putong,"258,142",speech_worldboss2
,,b,speechname_jiuwei,lihui_jiuweihu4,lihui_jiuweihu4_putong,"258,142",speech_worldboss3
speech_hero,0,b,speechname_jiuwei,lihui_jiuweihu4,lihui_jiuweihu4_putong,"258,142",speech_hero1
speech_blt_11,0,b,speechname_wo,lihui_wo,lihui_wo,"0,0",speech_blt_11_1
,,b,speechname_jiuwei,lihui_jiuweihu4,lihui_jiuweihu4_tuoli,"258,142",speech_blt_11_2
,,a,speechname_bingxuenvwang,lihui_bingxuenvwang3,lihui_bingxuenvwang_haoqi,"227,90",speech_blt_11_3
,,b,speechname_wo,lihui_wo,lihui_wo,"0,0",speech_blt_11_4
,,a,speechname_bingxuenvwang,lihui_bingxuenvwang3,lihui_bingxuenvwang_haoqi,"227,90",speech_blt_11_5
speech_blt_14,0,b,speechname_jiuwei,lihui_jiuweihu4,lihui_jiuweihu4_putong,"258,142",speech_blt_14_1
,,a,speechname_bingxuenvwang,lihui_bingxuenvwang3,lihui_bingxuenvwang_putong,"227,90",speech_blt_14_2
speech_blt_14_end,0,b,speechname_jiuwei,lihui_jiuweihu4,lihui_jiuweihu4_putong,"258,142",speech_blt_14_3
,,b,speechname_wo,lihui_wo,lihui_wo,"0,0",speech_blt_14_4
,,b,speechname_jiuwei,lihui_jiuweihu4,lihui_jiuweihu4_shengqi,"258,142",speech_blt_14_5
speech_blt_15,0,b,speechname_jiuwei,lihui_jiuweihu4,lihui_jiuweihu4_putong,"258,142",speech_blt_15_1
,,a,speechname_bingxuenvwang,lihui_bingxuenvwang3,lihui_bingxuenvwang_haipa,"227,90",speech_blt_15_2
,,b,speechname_jiuwei,lihui_jiuweihu4,lihui_jiuweihu4_putong,"258,142",speech_blt_15_3
,,a,speechname_bingxuenvwang,lihui_bingxuenvwang3,lihui_bingxuenvwang_haipa,"227,90",speech_blt_15_4
,,b,speechname_jiuwei,lihui_jiuweihu4,lihui_jiuweihu4_jingya,"258,142",speech_blt_15_5
,,a,speechname_bingxuenvwang,lihui_bingxuenvwang3,lihui_bingxuenvwang_haipa,"227,90",speech_blt_15_6
,,b,speechname_jiuwei,lihui_jiuweihu4,lihui_jiuweihu4_shengqi,"258,142",speech_blt_15_7
speech_blt_15_end,0,a,speechname_bingxuenvwang,lihui_bingxuenvwang3,lihui_bingxuenvwang_yansu,"227,90",speech_blt_15_9
,,b,speechname_jiuwei,lihui_jiuweihu4,lihui_jiuweihu4_putong,"258,142",speech_blt_15_10
speech_blt_17,0,b,speechname_jiuwei,lihui_jiuweihu4,lihui_jiuweihu4_putong,"258,142",speech_blt_17_1
speech_blt_18,0,b,speechname_jiuwei,lihui_jiuweihu4,lihui_jiuweihu4_shengqi,"258,142",speech_blt_18_1
,,a,speechname_K,lihui_K,lihui_K_putong,"161,81",speech_blt_18_2
,,b,speechname_jiuwei,lihui_jiuweihu4,lihui_jiuweihu4_shengqi,"258,142",speech_blt_18_3
,,a,speechname_K,lihui_K,lihui_K_putong,"161,81",speech_blt_18_4
,,b,speechname_jiuwei,lihui_jiuweihu4,lihui_jiuweihu4_jingya,"258,142",speech_blt_18_5
,,a,speechname_K,lihui_K,lihui_K_kuangwang,"161,81",speech_blt_18_6
speech_blt_18_end,0,a,speechname_K,lihui_K,lihui_K_bugan,"161,81",speech_blt_18_7
,,b,speechname_jiuwei,lihui_jiuweihu4,lihui_jiuweihu4_shengqi,"258,142",speech_blt_18_8
,,a,speechname_shenmi,lihui_heiying,lihui_heiying,"0,0",speech_blt_18_9
,,a,speechname_K,lihui_K,lihui_K_bugan,"161,81",speech_blt_18_10
,,a,speechname_shenmiren,lihui_niudun,lihui_niudun_putong,"160,75",speech_blt_18_11
,,a,speechname_K,lihui_K,lihui_K_bugan,"161,81",speech_blt_18_12
,,b,speechname_jiuwei,lihui_jiuweihu4,lihui_jiuweihu4_beishang,"258,142",speech_blt_18_13
,,a,speechname_shenmiren,lihui_niudun,lihui_niudun_putong,"160,75",speech_blt_18_14
,,a,speechname_shenmiren,lihui_niudun,lihui_niudun_putong,"160,75",speech_blt_18_15
,,a,speechname_shenmiren,lihui_niudun,lihui_niudun_chensi,"160,75",speech_blt_18_16
,,a,speechname_bingxuenvwang,lihui_bingxuenvwang3,lihui_bingxuenvwang_haoqi,"227,90",speech_blt_18_17
,,b,speechname_jiuwei,lihui_jiuweihu4,lihui_jiuweihu4_putong,"258,142",speech_blt_18_18
speech_blt_18_end1,0,a,speechname_bingxuenvwang,lihui_bingxuenvwang3,lihui_bingxuenvwang_haoqi,"227,90",speech_blt_18_21
speech_blt_23,0,b,speechname_wo,lihui_wo,lihui_wo,"0,0",speech_blt_23_1
,,b,speechname_jiuwei,lihui_jiuweihu4,lihui_jiuweihu4_putong,"258,142",speech_blt_23_2
,,b,speechname_jiuwei,lihui_jiuweihu4,lihui_jiuweihu4_putong,"258,142",speech_blt_23_3
,,b,speechname_wo,lihui_wo,lihui_wo,"0,0",speech_blt_23_4
,,a,speechname_bingxuenvwang,lihui_bingxuenvwang3,lihui_bingxuenvwang_kaixing,"227,90",speech_blt_23_5
,,b,speechname_jiuwei,lihui_jiuweihu4,lihui_jiuweihu4_putong,"258,142",speech_blt_23_6
speech_blt_24,0,b,speechname_wo,lihui_wo,lihui_wo,"0,0",speech_blt_24_1
,,b,speechname_jiuwei,lihui_jiuweihu4,lihui_jiuweihu4_putong,"258,142",speech_blt_24_2
,,b,speechname_wo,lihui_wo,lihui_wo,"0,0",speech_blt_24_3
,,b,speechname_jiuwei,lihui_jiuweihu4,lihui_jiuweihu4_putong,"258,142",speech_blt_24_4
,,b,speechname_wo,lihui_wo,lihui_wo,"0,0",speech_blt_24_5
,,a,speechname_bingxuenvwang,lihui_bingxuenvwang3,lihui_bingxuenvwang_putong,"227,90",speech_blt_24_6
speech_blt_24_end,0,a,speechname_hetong,lihui_hetong3,lihui_hetong_haipa,"24,50",speech_blt_24_7
,,a,speechname_A,lihui_A,lihui_A_putong,"76,56",speech_blt_24_8
,,b,speechname_wo,lihui_wo,lihui_wo,"0,0",speech_blt_24_9
,,a,speechname_A,lihui_A,lihui_A_putong,"76,56",speech_blt_24_10
,,b,speechname_wo,lihui_wo,lihui_wo,"0,0",speech_blt_24_11
,,a,speechname_A,lihui_A,lihui_A_putong,"76,56",speech_blt_24_12
,,b,speechname_jiuwei,lihui_jiuweihu4,lihui_jiuweihu4_putong,"258,142",speech_blt_24_13
speech_blt_25,0,a,speechname_A,lihui_A,lihui_A_putong,"76,56",speech_blt_25_1
,,b,speechname_jiuwei,lihui_jiuweihu4,lihui_jiuweihu4_putong,"258,142",speech_blt_25_2
,,a,speechname_A,lihui_A,lihui_A_shengqi,"76,56",speech_blt_25_3
,,a,speechname_bingxuenvwang,lihui_bingxuenvwang3,lihui_bingxuenvwang_putong,"227,90",speech_blt_25_4
,,a,speechname_hetong,lihui_hetong3,lihui_hetong_putong,"24,50",speech_blt_25_5
,,a,speechname_A,lihui_A,lihui_A_putong,"76,56",speech_blt_25_6
,,b,speechname_wo,lihui_wo,lihui_wo,"0,0",speech_blt_25_7
,,a,speechname_A,lihui_A,lihui_A_shengqi,"76,56",speech_blt_25_8
speech_blt_26,0,a,speechname_A,lihui_A,lihui_A_putong,"76,56",speech_blt_26_1
,,b,speechname_jiuwei,lihui_jiuweihu4,lihui_jiuweihu4_putong,"258,142",speech_blt_26_2
,,a,speechname_bingxuenvwang,lihui_bingxuenvwang3,lihui_bingxuenvwang_haoqi,"227,90",speech_blt_26_3
,,b,speechname_jiuwei,lihui_jiuweihu4,lihui_jiuweihu4_putong,"258,142",speech_blt_26_4
speech_blt_28,0,a,speechname_yaojing,lihui_muling2,lihui_muling2_putong,"0,0",speech_blt_28_1
,,b,speechname_bingxuenvwang,lihui_bingxuenvwang3,lihui_bingxuenvwang_haipa,"227,90",speech_blt_28_2
,,b,speechname_A,lihui_A,lihui_A_shengqi,"76,56",speech_blt_28_3
,,b,speechname_jiuwei,lihui_jiuweihu4,lihui_jiuweihu4_putong,"258,142",speech_blt_28_4
,,a,speechname_yaojing,lihui_muling2,lihui_muling2_baonu,"0,0",speech_blt_28_5
,,b,speechname_bingxuenvwang,lihui_bingxuenvwang3,lihui_bingxuenvwang_haipa,"227,90",speech_blt_28_6
speech_blt_28_end,0,a,speechname_A,lihui_A,lihui_A_shengqi,"76,56",speech_blt_28_7
,,a,speechname_hetong,lihui_hetong3,lihui_hetong_haipa,"24,50",speech_blt_28_8
,,a,speechname_A,lihui_A,lihui_A_putong,"76,56",speech_blt_28_9
,,b,speechname_jiuwei,lihui_jiuweihu4,lihui_jiuweihu4_putong,"258,142",speech_blt_28_10
,,a,speechname_A,lihui_A,lihui_A_putong,"76,56",speech_blt_28_11
,,b,speechname_jiuwei,lihui_jiuweihu4,lihui_jiuweihu4_putong,"258,142",speech_blt_28_12
speech_blt_31,0,a,speechname_A,lihui_A,lihui_A_kaixing,"76,56",speech_blt_31_1
,,b,speechname_jiuwei,lihui_jiuweihu4,lihui_jiuweihu4_putong,"258,142",speech_blt_31_2
,,a,speechname_hetong,lihui_hetong3,lihui_hetong_putong,"24,50",speech_blt_31_3
,,a,speechname_A,lihui_A,lihui_A_putong,"76,56",speech_blt_31_4
speech_blt_32,0,b,speechname_jiuwei,lihui_jiuweihu4,lihui_jiuweihu4_putong,"258,142",speech_blt_32_1
,,a,speechname_A,lihui_A,lihui_A_kaixing,"76,56",speech_blt_32_2
,,a,speechname_bingxuenvwang,lihui_bingxuenvwang3,lihui_bingxuenvwang_haipa,"227,90",speech_blt_32_3
,,b,speechname_jiuwei,lihui_jiuweihu4,lihui_jiuweihu4_putong,"258,142",speech_blt_32_4
speech_blt_33,0,a,speechname_bingxuenvwang,lihui_bingxuenvwang3,lihui_bingxuenvwang_haipa,"227,90",speech_blt_33_1
,,b,speechname_jiuwei,lihui_jiuweihu4,lihui_jiuweihu4_putong,"258,142",speech_blt_33_2
speech_blt_34,0,a,speechname_bingxuenvwang,lihui_bingxuenvwang3,lihui_bingxuenvwang_haipa,"227,90",speech_blt_34_1
,,b,speechname_jiuwei,lihui_jiuweihu4,lihui_jiuweihu4_tuoli,"258,142",speech_blt_34_2
,,b,speechname_jiuwei,lihui_jiuweihu4,lihui_jiuweihu4_putong,"258,142",speech_blt_34_3
speech_blt_35,0,a,speechname_A,lihui_A,lihui_A_kaixing,"76,56",speech_blt_35_1
,,b,speechname_jiuwei,lihui_jiuweihu4,lihui_jiuweihu4_putong,"258,142",speech_blt_35_2
,,b,speechname_bingxuenvwang,lihui_bingxuenvwang3,lihui_bingxuenvwang_yansu,"227,90",speech_blt_35_3
,,b,speechname_wo,lihui_wo,lihui_wo,"0,0",speech_blt_35_4
,,a,speechname_A,lihui_A,lihui_A_putong,"76,56",speech_blt_35_5
speech_blt_36,0,a,speechname_B,lihui_B,lihui_B_putong,"219,26",speech_blt_36_1
,,b,speechname_A,lihui_A,lihui_A_shengqi,"76,56",speech_blt_36_2
,,a,speechname_B,lihui_B,lihui_B_kuangxiao,"219,26",speech_blt_36_3
,,b,speechname_A,lihui_A,lihui_A_shengqi,"76,56",speech_blt_36_4
,,a,speechname_B,lihui_B,lihui_B_kuangxiao,"219,26",speech_blt_36_5
,,b,speechname_hetong,lihui_hetong3,lihui_hetong_haipa,"24,50",speech_blt_36_6
,,a,speechname_B,lihui_B,lihui_B_putong,"219,26",speech_blt_36_7
speech_blt_37,0,a,speechname_hetong,lihui_hetong3,lihui_hetong_haipa,"24,50",speech_blt_37_1
,,b,speechname_jiuwei,lihui_jiuweihu4,lihui_jiuweihu4_putong,"258,142",speech_blt_37_2
,,a,speechname_A,lihui_A,lihui_A_shengqi,"76,56",speech_blt_37_3
,,b,speechname_jiuwei,lihui_jiuweihu4,lihui_jiuweihu4_putong,"258,142",speech_blt_37_4
,,b,speechname_wo,lihui_wo,lihui_wo,"0,0",speech_blt_37_5
,,b,speechname_jiuwei,lihui_jiuweihu4,lihui_jiuweihu4_putong,"258,142",speech_blt_37_6
speech_blt_38,0,a,speechname_B,lihui_B,lihui_B_baonu,"219,26",speech_blt_38_1
,,a,speechname_B,lihui_B,lihui_B_baonu,"219,26",speech_blt_38_2
,,a,speechname_B,lihui_B,lihui_B_baonu,"219,26",speech_blt_38_3
speech_blt_38_end,0,b,speechname_A,lihui_A,lihui_A_putong,"76,56",speech_blt_38_4
,,b,speechname_wo,lihui_wo,lihui_wo,"0,0",speech_blt_38_5
,,b,speechname_wo,lihui_wo,lihui_wo,"0,0",speech_blt_38_6
,,b,speechname_jiuwei,lihui_jiuweihu4,lihui_jiuweihu4_putong,"258,142",speech_blt_38_7
,,b,speechname_A,lihui_A,lihui_A_putong,"76,56",speech_blt_38_8
,,b,speechname_jiuwei,lihui_jiuweihu4,lihui_jiuweihu4_putong,"258,142",speech_blt_38_9
,,b,speechname_wo,lihui_wo,lihui_wo,"0,0",speech_blt_38_10
,,b,speechname_jiuwei,lihui_jiuweihu4,lihui_jiuweihu4_putong,"258,142",speech_blt_38_11
speech_blt_41,0,b,speechname_wo,lihui_wo,lihui_wo,"0,0",speech_blt_41_1
,,a,speechname_bingxuenvwang,lihui_bingxuenvwang3,lihui_bingxuenvwang_putong,"227,90",speech_blt_41_2
,,b,speechname_jiuwei,lihui_jiuweihu4,lihui_jiuweihu4_putong,"258,142",speech_blt_41_3
,,a,speechname_A,lihui_A,lihui_A_putong,"76,56",speech_blt_41_4
,,b,speechname_jiuwei,lihui_jiuweihu4,lihui_jiuweihu4_putong,"258,142",speech_blt_41_5
,,a,speechname_bingxuenvwang,lihui_bingxuenvwang3,lihui_bingxuenvwang_haipa,"227,90",speech_blt_41_6
speech_blt_42,0,a,speechname_bingxuenvwang,lihui_bingxuenvwang3,lihui_bingxuenvwang_putong,"227,90",speech_blt_42_1
,,a,speechname_hetong,lihui_hetong3,lihui_hetong_tuoli,"33,49",speech_blt_42_2
,,b,speechname_jiuwei,lihui_jiuweihu4,lihui_jiuweihu4_putong,"258,142",speech_blt_42_3
,,a,speechname_bingxuenvwang,lihui_bingxuenvwang3,lihui_bingxuenvwang_kaixing,"227,90",speech_blt_42_4
,,a,speechname_hetong,lihui_hetong3,lihui_hetong_kaixing,"24,50",speech_blt_42_5
,,b,speechname_wo,lihui_wo,lihui_wo,"0,0",speech_blt_42_6
,,b,speechname_jiuwei,lihui_jiuweihu4,lihui_jiuweihu4_putong,"258,142",speech_blt_42_7
speech_blt_43,0,b,speechname_jiuwei,lihui_jiuweihu4,lihui_jiuweihu4_tuoli,"258,142",speech_blt_43_1
,,b,speechname_wo,lihui_wo,lihui_wo,"0,0",speech_blt_43_2
,,b,speechname_jiuwei,lihui_jiuweihu4,lihui_jiuweihu4_tuoli,"258,142",speech_blt_43_3
,,b,speechname_wo,lihui_wo,lihui_wo,"0,0",speech_blt_43_4
,,b,speechname_jiuwei,lihui_jiuweihu4,lihui_jiuweihu4_putong,"258,142",speech_blt_43_5
speech_blt_44,0,a,speechname_bingxuenvwang,lihui_bingxuenvwang3,lihui_bingxuenvwang_kaixing,"227,90",speech_blt_44_1
,,a,speechname_bingxuenvwang,lihui_bingxuenvwang3,lihui_bingxuenvwang_kaixing,"227,90",speech_blt_44_2
,,b,speechname_jiuwei,lihui_jiuweihu4,lihui_jiuweihu4_putong,"258,142",speech_blt_44_3
,,a,speechname_bingxuenvwang,lihui_bingxuenvwang3,lihui_bingxuenvwang_putong,"227,90",speech_blt_44_4
speech_blt_44_03,0,a,speechname_chitiangou,lihui_datiangou4,lihui_datiangou4_putong,"234,78",speech_blt_44_5
,,b,speechname_bingxuenvwang,lihui_bingxuenvwang3,lihui_bingxuenvwang_kaixing,"227,90",speech_blt_44_6
,,a,speechname_chitiangou,lihui_datiangou4,lihui_datiangou4_putong,"234,78",speech_blt_44_7
,,b,speechname_wo,lihui_wo,lihui_wo,"0,0",speech_blt_44_8
,,a,speechname_chitiangou,lihui_datiangou4,lihui_datiangou4_chijing,"234,78",speech_blt_44_9
,,b,speechname_bingxuenvwang,lihui_bingxuenvwang3,lihui_bingxuenvwang_putong,"227,90",speech_blt_44_10
,,b,speechname_jiuwei,lihui_jiuweihu4,lihui_jiuweihu4_putong,"258,142",speech_blt_44_11
,,a,speechname_chitiangou,lihui_datiangou4,lihui_datiangou4_chijing,"234,78",speech_blt_44_12
,,b,speechname_jiuwei,lihui_jiuweihu4,lihui_jiuweihu4_putong,"258,142",speech_blt_44_13
speech_blt_44_end,0,a,speechname_chitiangou,lihui_datiangou4,lihui_datiangou4_chijing,"234,78",speech_blt_44_14
,,b,speechname_jiuwei,lihui_jiuweihu4,lihui_jiuweihu4_putong,"258,142",speech_blt_44_15
,,a,speechname_chitiangou,lihui_datiangou4,lihui_datiangou4_putong,"234,78",speech_blt_44_16
,,b,speechname_jiuwei,lihui_jiuweihu4,lihui_jiuweihu4_putong,"258,142",speech_blt_44_17
,,a,speechname_chitiangou,lihui_datiangou4,lihui_datiangou4_putong,"234,78",speech_blt_44_18
,,b,speechname_bingxuenvwang,lihui_bingxuenvwang3,lihui_bingxuenvwang_haoqi,"227,90",speech_blt_44_19
,,a,speechname_chitiangou,lihui_datiangou4,lihui_datiangou4_putong,"234,78",speech_blt_44_20
,,b,speechname_bingxuenvwang,lihui_bingxuenvwang3,lihui_bingxuenvwang_haoqi,"227,90",speech_blt_44_21
speech_blt_45,0,b,speechname_jiuwei,lihui_jiuweihu4,lihui_jiuweihu4_putong,"258,142",speech_blt_45_1
speech_blt_46,0,b,speechname_jiuwei,lihui_jiuweihu4,lihui_jiuweihu4_putong,"258,142",speech_blt_46_1
,,b,speechname_wo,lihui_wo,lihui_wo,"0,0",speech_blt_46_2
,,b,speechname_jiuwei,lihui_jiuweihu4,lihui_jiuweihu4_putong,"258,142",speech_blt_46_3
speech_blt_47,0,b,speechname_jiuwei,lihui_jiuweihu4,lihui_jiuweihu4_putong,"258,142",speech_blt_47_1
speech_blt_48,0,b,speechname_jiuwei,lihui_jiuweihu4,lihui_jiuweihu4_putong,"258,142",speech_blt_48_1
,,b,speechname_wo,lihui_wo,lihui_wo,"0,0",speech_blt_48_2
,,b,speechname_jiuwei,lihui_jiuweihu4,lihui_jiuweihu4_putong,"258,142",speech_blt_48_3
speech_blt_48_03,0,a,speechname_huoshen,lihui_hehuaisituosi4,lihui_hehuaisituosi4_putong,"110,116",speech_blt_48_4
,,b,speechname_jiuwei,lihui_jiuweihu4,lihui_jiuweihu4_putong,"258,142",speech_blt_48_5
,,b,speechname_wo,lihui_wo,lihui_wo,"0,0",speech_blt_48_6
,,b,speechname_jiuwei,lihui_jiuweihu4,lihui_jiuweihu4_putong,"258,142",speech_blt_48_7
,,b,speechname_A,lihui_A,lihui_A_putong,"76,56",speech_blt_48_8
,,a,speechname_huoshen,lihui_hehuaisituosi4,lihui_hehuaisituosi4_baonu,"110,116",speech_blt_48_9
,,b,speechname_jiuwei,lihui_jiuweihu4,lihui_jiuweihu4_putong,"258,142",speech_blt_48_10
,,b,speechname_wo,lihui_wo,lihui_wo,"0,0",speech_blt_48_11
,,b,speechname_jiuwei,lihui_jiuweihu4,lihui_jiuweihu4_putong,"258,142",speech_blt_48_12
,,a,speechname_huoshen,lihui_hehuaisituosi4,lihui_hehuaisituosi4_baonu,"110,116",speech_blt_48_13
speech_blt_51,0,b,speechname_jiuwei,lihui_jiuweihu4,lihui_jiuweihu4_jingya,"258,142",speech_blt_51_1
,,a,speechname_bingxuenvwang,lihui_bingxuenvwang3,lihui_bingxuenvwang_haoqi,"227,90",speech_blt_51_2
,,b,speechname_jiuwei,lihui_jiuweihu4,lihui_jiuweihu4_jingya,"258,142",speech_blt_51_3
,,a,speechname_bingxuenvwang,lihui_bingxuenvwang3,lihui_bingxuenvwang_yansu,"227,90",speech_blt_51_4
speech_blt_51_03,0,a,speechname_bingxuenvwang,lihui_bingxuenvwang3,lihui_bingxuenvwang_haipa,"227,90",speech_blt_51_5
,,b,speechname_jiuwei,lihui_jiuweihu4,lihui_jiuweihu4_shengqi,"258,142",speech_blt_51_6
speech_blt_52,0,a,speechname_bingxuenvwang,lihui_bingxuenvwang3,lihui_bingxuenvwang_yansu,"227,90",speech_blt_52_1
,,b,speechname_jiuwei,lihui_jiuweihu4,lihui_jiuweihu4_shengqi,"258,142",speech_blt_52_2
speech_blt_52_03,0,b,speechname_jiuwei,lihui_jiuweihu4,lihui_jiuweihu4_jingya,"258,142",speech_blt_53_1
,,a,speechname_bingxuenvwang,lihui_bingxuenvwang3,lihui_bingxuenvwang_haipa,"227,90",speech_blt_53_2
speech_blt_54,0,a,speechname_bingxuenvwang,lihui_bingxuenvwang3,lihui_bingxuenvwang_putong,"227,90",speech_blt_54_1
,,b,speechname_jiuwei,lihui_jiuweihu4,lihui_jiuweihu4_kaixin,"258,142",speech_blt_54_2
speech_blt_54_03,0,a,speechname_bingxuenvwang,lihui_bingxuenvwang3,lihui_bingxuenvwang_kaixing,"227,90",speech_blt_54_3
,,b,speechname_jiuwei,lihui_jiuweihu4,lihui_jiuweihu4_jingya,"258,142",speech_blt_54_4
,,a,speechname_bingxuenvwang,lihui_bingxuenvwang3,lihui_bingxuenvwang_haoqi,"227,90",speech_blt_54_5
,,b,speechname_jiuwei,lihui_jiuweihu4,lihui_jiuweihu4_tuoli,"258,142",speech_blt_54_6
speech_blt_54_end,0,a,speechname_bingxuenvwang,lihui_bingxuenvwang3,lihui_bingxuenvwang_yansu,"227,90",speech_blt_54_7
,,b,speechname_jiuwei,lihui_jiuweihu4,lihui_jiuweihu4_jingya,"258,142",speech_blt_54_8
,,a,speechname_bingxuenvwang,lihui_bingxuenvwang3,lihui_bingxuenvwang_haoqi,"227,90",speech_blt_54_9
,,b,speechname_jiuwei,lihui_jiuweihu4,lihui_jiuweihu4_shengqi,"258,142",speech_blt_54_10
,,a,speechname_bingxuenvwang,lihui_bingxuenvwang3,lihui_bingxuenvwang_haoqi,"227,90",speech_blt_54_11
speech_blt_55,0,a,speechname_bingxuenvwang,lihui_bingxuenvwang3,lihui_bingxuenvwang_putong,"227,90",speech_blt_55_1
speech_blt_55_03,0,a,speechname_bingxuenvwang,lihui_bingxuenvwang3,lihui_bingxuenvwang_putong,"227,90",speech_blt_55_2
speech_blt_56_03,0,a,speechname_bingxuenvwang,lihui_bingxuenvwang3,lihui_bingxuenvwang_putong,"227,90",speech_blt_56_1
speech_blt_57_03,0,a,speechname_bingxuenvwang,lihui_bingxuenvwang3,lihui_bingxuenvwang_haoqi,"227,90",speech_blt_57_1
speech_blt_58,0,a,speechname_bingxuenvwang,lihui_bingxuenvwang3,lihui_bingxuenvwang_putong,"227,90",speech_blt_58_1
,,b,speechname_jiuwei,lihui_jiuweihu4,lihui_jiuweihu4_tuoli,"258,142",speech_blt_58_2
speech_blt_58_03,0,b,speechname_bingxuenvwang,lihui_bingxuenvwang3,lihui_bingxuenvwang_haoqi,"227,90",speech_blt_58_3
,,a,speechname_binglong,lihui_yimier3,lihui_yimier3,"0,0",speech_blt_58_4
,,b,speechname_bingxuenvwang,lihui_bingxuenvwang3,lihui_bingxuenvwang_haoqi,"227,90",speech_blt_58_5
,,a,speechname_binglong,lihui_yimier3,lihui_yimier3_shengqi,"204,49",speech_blt_58_6
,,b,speechname_bingxuenvwang,lihui_bingxuenvwang3,lihui_bingxuenvwang_haipa,"227,90",speech_blt_58_7
,,b,speechname_jiuwei,lihui_jiuweihu4,lihui_jiuweihu4_tuoli,"258,142",speech_blt_58_8
speech_blt_58_end,0,a,speechname_binglong,lihui_yimier3,lihui_yimier3_shengqi,"204,49",speech_blt_58_9
,,b,speechname_jiuwei,lihui_jiuweihu4,lihui_jiuweihu4_jingya,"258,142",speech_blt_58_10
,,b,speechname_bingxuenvwang,lihui_bingxuenvwang3,lihui_bingxuenvwang_haipa,"227,90",speech_blt_58_11
,,b,speechname_bingxuenvwang,lihui_bingxuenvwang3,lihui_bingxuenvwang_yansu,"227,90",speech_blt_58_12
,,b,speechname_wo,lihui_wo,lihui_wo,"0,0",speech_blt_58_13
,,b,speechname_bingxuenvwang,lihui_bingxuenvwang3,lihui_bingxuenvwang_yansu,"227,90",speech_blt_58_14
,,b,speechname_bingxuenvwang,lihui_bingxuenvwang3,lihui_bingxuenvwang_yansu,"227,90",speech_blt_58_15
,,b,speechname_wo,lihui_wo,lihui_wo,"0,0",speech_blt_58_16
,,a,speechname_binglong,lihui_yimier3,lihui_yimier3_shengqi,"204,49",speech_blt_58_17
,,b,speechname_bingxuenvwang,lihui_bingxuenvwang3,lihui_bingxuenvwang_yansu,"227,90",speech_blt_58_18
,,a,speechname_binglong,lihui_yimier3,lihui_yimier3_shengqi,"204,49",speech_blt_58_19
speech_blt_61,0,b,speechname_wo,lihui_wo,lihui_wo,"0,0",speech_blt_61_1
,,b,speechname_jiuwei,lihui_jiuweihu4,lihui_jiuweihu4_tuoli,"258,142",speech_blt_61_2
,,b,speechname_wo,lihui_wo,lihui_wo,"0,0",speech_blt_61_3
,,b,speechname_jiuwei,lihui_jiuweihu4,lihui_jiuweihu4_tuoli,"258,142",speech_blt_61_4
,,b,speechname_jiuwei,lihui_jiuweihu4,lihui_jiuweihu4_tuoli,"258,142",speech_blt_61_5
speech_blt_61_03,0,b,speechname_jiuwei,lihui_jiuweihu4,lihui_jiuweihu4_tuoli,"258,142",speech_blt_61_6
speech_blt_62,0,b,speechname_jiuwei,lihui_jiuweihu4,lihui_jiuweihu4_tuoli,"258,142",speech_blt_62_1
,,b,speechname_jiuwei,lihui_jiuweihu4,lihui_jiuweihu4_tuoli,"258,142",speech_blt_62_2
speech_blt_62_03,0,b,speechname_jiuwei,lihui_jiuweihu4,lihui_jiuweihu4_shengqi,"258,142",speech_blt_62_3
speech_blt_63_03,0,b,speechname_jiuwei,lihui_jiuweihu4,lihui_jiuweihu4_shengqi,"258,142",speech_blt_63_1
speech_blt_64,0,b,speechname_jiuwei,lihui_jiuweihu4,lihui_jiuweihu4_tuoli,"258,142",speech_blt_64_1
speech_blt_64_03,0,b,speechname_jiuwei,lihui_jiuweihu4,lihui_jiuweihu4_shengqi,"258,142",speech_blt_64_2
speech_blt_65_03,0,b,speechname_jiuwei,lihui_jiuweihu4,lihui_jiuweihu4_shengqi,"258,142",speech_blt_65_1
speech_blt_66_03,0,b,speechname_jiuwei,lihui_jiuweihu4,lihui_jiuweihu4_shengqi,"258,142",speech_blt_66_1
speech_blt_67_03,0,b,speechname_jiuwei,lihui_jiuweihu4,lihui_jiuweihu4_jingya,"258,142",speech_blt_67_1
speech_blt_67_end,0,a,speechname_change,lihui_change1,lihui_change1_kaixin,"118,106",speech_blt_67_2
,,b,speechname_jiuwei,lihui_jiuweihu4,lihui_jiuweihu4_jingya,"258,142",speech_blt_67_3
,,a,speechname_change,lihui_change1,lihui_change1_shengqi,"118,106",speech_blt_67_4
,,b,speechname_jiuwei,lihui_jiuweihu4,lihui_jiuweihu4_beishang,"258,142",speech_blt_67_5
,,a,speechname_change,lihui_change1,lihui_change1_shengqi,"118,106",speech_blt_67_6
,,b,speechname_jiuwei,lihui_jiuweihu4,lihui_jiuweihu4_jingya,"258,142",speech_blt_67_7
,,a,speechname_change,lihui_change1,lihui_change1,"0,0",speech_blt_67_8
speech_blt_68_03,0,b,speechname_wo,lihui_wo,lihui_wo,"0,0",speech_blt_68_1
,,b,speechname_jiuwei,lihui_jiuweihu4,lihui_jiuweihu4_tuoli,"258,142",speech_blt_68_2
,,b,speechname_jiuwei,lihui_jiuweihu4,lihui_jiuweihu4_jingya,"258,142",speech_blt_68_3
,,b,speechname_wo,lihui_wo,lihui_wo,"0,0",speech_blt_68_4
,,a,speechname_karong,lihui_karong5,lihui_karong5,"0,0",speech_blt_68_5
,,b,speechname_wo,lihui_wo,lihui_wo,"0,0",speech_blt_68_6
,,a,speechname_karong,lihui_karong5,lihui_karong5_kaixin,"201,97",speech_blt_68_7
,,b,speechname_wo,lihui_wo,lihui_wo,"0,0",speech_blt_68_8
,,a,speechname_karong,lihui_karong5,lihui_karong5_shengqi,"201,97",speech_blt_68_9
,,b,speechname_jiuwei,lihui_jiuweihu4,lihui_jiuweihu4_shengqi,"258,142",speech_blt_68_10
speech_blt_68_03_end,0,a,speechname_karong,lihui_karong5,lihui_karong5,"0,0",speech_blt_68_11
,,b,speechname_jiuwei,lihui_jiuweihu4,lihui_jiuweihu4_jingya,"258,142",speech_blt_68_12
,,b,speechname_wo,lihui_wo,lihui_wo,"0,0",speech_blt_68_13
,,b,speechname_jiuwei,lihui_jiuweihu4,lihui_jiuweihu4_kaixin,"258,142",speech_blt_68_14
speech_blt_71_01,0,b,speechname_wo,lihui_wo,,,speech_blt_71_1
,,a,speechname_lisa,lihui_lisa,lihui_lisa_kaixin,"136,107",speech_blt_71_2
,,b,speechname_jiuwei,lihui_jiuweihu4,lihui_jiuweihu4_jingya,"258,142",speech_blt_71_3
,,b,speechname_wo,lihui_wo,,,speech_blt_71_4
,,a,speechname_lisa,lihui_lisa,,,speech_blt_71_5
,,b,speechname_wo,lihui_wo,,,speech_blt_71_6
,,b,speechname_jiuwei,lihui_jiuweihu4,lihui_jiuweihu4_kaixin,"258,142",speech_blt_71_7
,,a,speechname_lisa,lihui_lisa,,,speech_blt_71_8
,,b,speechname_wo,lihui_wo,,,speech_blt_71_9
,,a,speechname_lisa,lihui_lisa,lihui_lisa_kaixin,"136,107",speech_blt_71_10
speech_blt_72_01,0,b,speechname_wo,lihui_wo,,,speech_blt_72_1
,,a,speechname_lisa,lihui_lisa,lihui_lisa_kaixin,"136,107",speech_blt_72_2
,,b,speechname_wo,lihui_wo,,,speech_blt_72_3
,,a,speechname_lisa,lihui_lisa,lihui_lisa_kaixin,"136,107",speech_blt_72_4
,,b,speechname_wo,lihui_wo,,,speech_blt_72_5
,,a,speechname_lisa,lihui_lisa,,,speech_blt_72_6
,,b,speechname_jiuwei,lihui_jiuweihu4,,,speech_blt_72_7
speech_blt_74_01,0,a,speechname_shenmiren,lihui_niudun,,,speech_blt_74_1
,,b,speechname_wo,lihui_wo,,,speech_blt_74_2
,,b,speechname_jiuwei,lihui_jiuweihu4,lihui_jiuweihu4_shengqi,"258,142",speech_blt_74_3
speech_blt_75_01,0,a,speechname_shenmiren,lihui_niudun,,,speech_blt_75_1
,,b,speechname_wo,lihui_wo,,,speech_blt_75_2
,,b,speechname_jiuwei,lihui_jiuweihu4,lihui_jiuweihu4_shengqi,"258,142",speech_blt_75_3
,,b,speechname_wo,lihui_wo,,,speech_blt_75_4
speech_blt_77_01,0,b,speechname_wo,lihui_wo,,,speech_blt_77_1
,,a,speechname_lisa,lihui_lisa,,,speech_blt_77_2
,,b,speechname_wo,lihui_wo,,,speech_blt_77_3
speech_blt_78_01,0,b,speechname_jiuwei,lihui_jiuweihu4,,,speech_blt_78_1
,,b,speechname_jiuwei,lihui_jiuweihu4,,,speech_blt_78_2
speech_blt_78_03,0,a,speechname_shenmiren,lihui_niudun,,,speech_blt_78_3_1
,,b,speechname_wo,lihui_wo,,,speech_blt_78_3_2
,,b,speechname_jiuwei,lihui_jiuweihu4,lihui_jiuweihu4_shengqi,"258,142",speech_blt_78_3_3
speech_blt_78_03end,0,b,speechname_jiuwei,lihui_jiuweihu4,lihui_jiuweihu4_jingya,"258,142",speech_blt_78_3end_1
,,b,speechname_wo,lihui_wo,,,speech_blt_78_3end_2
,,b,speechname_jiuwei,lihui_jiuweihu4,lihui_jiuweihu4_tuoli,"258,142",speech_blt_78_3end_3
,,a,speechname_lisa,lihui_lisa,,,speech_blt_78_3end_4
,,b,speechname_wo,lihui_wo,,,speech_blt_78_3end_5
speech_blt_81_01,0,b,speechname_wo,lihui_wo,,,speech_blt_81_1
,,b,speechname_jiuwei,lihui_jiuweihu4,lihui_jiuweihu4_tuoli,"258,142",speech_blt_81_2
,,b,speechname_wo,lihui_wo,,,speech_blt_81_3
,,a,speechname_lisa,lihui_lisa,lihui_lisa_haipa,"136,107",speech_blt_81_4
,,b,speechname_wo,lihui_wo,,,speech_blt_81_5
,,a,speechname_lisa,lihui_lisa,lihui_lisa_haipa,"136,107",speech_blt_81_6
,,b,speechname_jiuwei,lihui_jiuweihu4,,,speech_blt_81_7
speech_blt_81_03,0,b,speechname_jiuwei,lihui_jiuweihu4,lihui_jiuweihu4_jingya,"258,142",speech_blt_81_3_1
speech_blt_82_03,0,b,speechname_jiuwei,lihui_jiuweihu4,lihui_jiuweihu4_jingya,"258,142",speech_blt_82_3_1
speech_blt_84_03,0,b,speechname_jiuwei,lihui_jiuweihu4,lihui_jiuweihu4_jingya,"258,142",speech_blt_84_3_1
speech_blt_85_01,0,b,speechname_jiuwei,lihui_jiuweihu4,lihui_jiuweihu4_tuoli,"258,142",speech_blt_85_1
,,b,speechname_wo,lihui_wo,,,speech_blt_85_2
,,b,speechname_jiuwei,lihui_jiuweihu4,lihui_jiuweihu4_jingya,"258,142",speech_blt_85_3
,,b,speechname_wo,lihui_wo,,,speech_blt_85_4
,,b,speechname_jiuwei,lihui_jiuweihu4,lihui_jiuweihu4_jingya,"258,142",speech_blt_85_5
,,b,speechname_jiuwei,lihui_jiuweihu4,lihui_jiuweihu4_jingya,"258,142",speech_blt_85_6
,,b,speechname_wo,lihui_wo,,,speech_blt_85_7
speech_blt_86_01,0,a,speechname_lisa,lihui_lisa,lihui_lisa_haipa,"136,107",speech_blt_86_1
,,b,speechname_jiuwei,lihui_jiuweihu4,lihui_jiuweihu4_shengqi,"258,142",speech_blt_86_2
speech_blt_86_03,0,b,speechname_jiuwei,lihui_jiuweihu4,lihui_jiuweihu4_tuoli,"258,142",speech_blt_86_3_1
speech_blt_87_01,0,a,speechname_lisa,lihui_lisa,lihui_lisa_haipa,"136,107",speech_blt_87_1
,,b,speechname_jiuwei,lihui_jiuweihu4,lihui_jiuweihu4_tuoli,"258,142",speech_blt_87_2
speech_blt_88_01,0,b,speechname_wo,lihui_wo,,,speech_blt_88_1
,,b,speechname_jiuwei,lihui_jiuweihu4,lihui_jiuweihu4_jingya,"258,142",speech_blt_88_2
,,a,speechname_lisa,lihui_lisa,lihui_lisa_haipa,"136,107",speech_blt_88_3
speech_blt_88_02,0,a,speechname_lisa,lihui_lisa,lihui_lisa_haipa,"136,107",speech_blt_88_2_1
,,b,speechname_wo,lihui_wo,,,speech_blt_88_2_2
,,a,speechname_lisa,lihui_lisa,lihui_lisa_haipa,"136,107",speech_blt_88_2_3
speech_blt_88_03,0,b,speechname_jiuwei,lihui_jiuweihu4,lihui_jiuweihu4_jingya,"258,142",speech_blt_88_3_1
,,b,speechname_wo,lihui_wo,,,speech_blt_88_3_2
,,b,speechname_lisa,lihui_lisa,lihui_lisa_haipa,"136,107",speech_blt_88_3_3
,,b,speechname_wo,lihui_wo,,,speech_blt_88_3_4
,,b,speechname_lisa,lihui_lisa,lihui_lisa_yongchang,"136,107",speech_blt_88_3_5
,,a,speechname_yafogemeng,lihui_yafogemeng5,lihui_yafogemeng5_qingxiao,"141,81",speech_blt_88_3_6
,,b,speechname_wo,lihui_wo,,,speech_blt_88_3_7
speech_blt_88_03end,0,b,speechname_jiuwei,lihui_jiuweihu4,lihui_jiuweihu4_jingya,"258,142",speech_blt_88_3end_1
,,b,speechname_wo,lihui_wo,,,speech_blt_88_3end_2
,,b,speechname_jiuwei,lihui_jiuweihu4,lihui_jiuweihu4_jingya,"258,142",speech_blt_88_3end_3
,,a,speechname_lisa,lihui_lisa,lihui_lisa_yongchang,"136,107",speech_blt_88_3end_4
