#TEXT,TEXT,NUM,NUM,NUM,FLOAT,FLOAT,NUM,NUM,NUM,NUM,TEXT,TEXT,TEXT,TEXT,TEXT,TEXT,TEXT,TEXT,TEXT,TEXT,TEXT,TEXT,TEXT,TEXT,TEXT,TEXT,NUM,NUM,NUM,NUM
id,name,isDamagePoint,health,isTarget,damageRate1,damageRate2,property1,property2,stat1WpType,stat2WpType,node,boxColliders,findWpEffect,appraisalStateEffect,stateparam0,state0Tips,state0Icon,stateparam1,state1Tips,state1Icon,stateparam2,state2Tips,state2Icon,stateparam3,stateparam4,state4Tips,initialStatus,scaleX,scaleY,damageToBody
#弱点id,弱点名称,是否关联boss减血,弱点hp,ai/aoe可选(0:都不可选；1:ai可选；2:aoe可选；3:都可选),弱点系数（正常状态1),弱点系数( 正常状态2),弱点五行(正常状态1),弱点五行(正常状态2),0 对本体有加成;1对敌方有压制;2保护弱点;3受伤比高;4受伤比低;5受伤比正常,,弱点的节点,"弱点碰撞检测的盒子（一个模型身上的所有弱点，不能拥有相同的碰撞检测box,只针对与boss，小怪可以不填写）",开始鉴定效果,完成鉴定效果,状态0对应参数,状态0tips,隐藏状态图标,状态1对应参数,状态1tips,状态1对应图片,状态2对应参数,状态2tips,状态2对应图片,状态3对应参数,状态4对应参数,状态4tips,部位初始状态(0 隐藏，1正常状态1，2正常状态2，3冻结，4死亡,水平缩放,垂直缩放,死亡对本体伤害系数
bosskongdao71Weitianshi1wp01,,1,9999999,3,1,1,-1,-1,5,,wp_body,"[""ruodian01_box1""]",ruodian_tishi,ruodian,"{""mesh"":""mesh_body"",""effect"":""""}",,,"{""mesh"":""mesh_body"",""effect"":""""}",,,,normal1Tips31,RuodianIcon_hide,,"{""mesh"":""mesh_body"",""effect"":""""}",dead wp,1,1,1,0
bosskongdao71Weitianshi1wp02,bosskongdao71Weitianshi1wp02,1,9999999,2,1.5,1.5,-1,-1,3,,wp_aura,"[""ruodian02_box1""]",ruodian_tishi,ruodian,"{""mesh"":""mesh_aura"",""effect"":""""}",weitianshi1hide_aura,Weitianshi5_guanghuan_d,"{""mesh"":""mesh_aura"",""effect"":""""}",weitianshi1normal1_aura,Weitianshi1_guanghuan,,normal1Tips31,RuodianIcon_hide,,,dead wp,3,1,1,0
bosskongdao71Weitianshi1wp03,bosskongdao71Weitianshi1wp03,0,30000,2,1,1,-1,-1,0,,wp_lwing,"[""ruodian03_box1""]",ruodian_tishi,ruodian,"{""mesh"":""mesh_lwing"",""effect"":""""}",weitianshi1hide_lwing,Weitianshi1_chibang_d,"{""mesh"":""mesh_lwing"",""effect"":""""}",weitianshi1normal1_lwing,Weitianshi1_chibang,,normal1Tips31,RuodianIcon_hide,,,dead wp,0,-1,1,1
bosskongdao71Weitianshi1wp04,bosskongdao71Weitianshi1wp04,0,30000,2,1,1,-1,-1,0,,wp_rwing,"[""ruodian04_box1""]",ruodian_tishi,ruodian,"{""mesh"":""mesh_rwing"",""effect"":""""}",weitianshi1hide_rwing,Weitianshi1_chibang_d,"{""mesh"":""mesh_rwing"",""effect"":""""}",weitianshi1normal1_rwing,Weitianshi1_chibang,,normal1Tips31,RuodianIcon_hide,,,dead wp,0,1,1,1
bosskongdao72Nvyao1wp01,,1,999999,3,1,1,-1,-1,5,,wp_body,"[""ruodian01_box1""]",ruodian_tishi,ruodian,"{""mesh"":""mesh_body"",""effect"":""""}",,,"{""mesh"":""mesh_body"",""effect"":""""}",,,,normal1Tips31,RuodianIcon_hide,,"{""mesh"":""mesh_body"",""effect"":""""}",dead wp,1,1,1,0
bosskongdao72Nvyao1wp02,bosskongdao72Nvyao1wp02,0,30000,2,1,1,-1,-1,2,,wp_mask,"[""ruodian02_box1""]",ruodian_tishi,ruodian,"{""mesh"":""mesh_mask"",""effect"":""""}",nvyao1hide_mask,Nvyao1_mianzhao_d,"{""mesh"":""mesh_mask"",""effect"":""""}",nvyao1normal1_mask,Nvyao1_mianzhao,,normal1Tips31,RuodianIcon_hide,,,dead wp,0,-1,1,0.1
bosskongdao72Nvyao1wp03,bosskongdao72Nvyao1wp03,1,9999999,2,1.5,1.5,-1,-1,3,,wp_head,"[""ruodian03_box1""]",ruodian_tishi,ruodian,"{""mesh"":""mesh_head"",""effect"":""""}",nvyao1hide_head,Nvyao1_tou_d,"{""mesh"":""mesh_head"",""effect"":""""}",nvyao1normal1_head,Nvyao1_tou,,normal1Tips31,RuodianIcon_hide,"{""mesh"":""mesh_head"",""effect"":""""}","{""mesh"":""mesh_head"",""effect"":""""}",dead wp,3,1,1,0
bosskongdao72Nvyao1wp04,bosskongdao72Nvyao1wp04,0,15000,2,1,1,-1,-1,2,,wp_lsoul,"[""ruodian04_box1""]",ruodian_tishi,ruodian,"{""mesh"":""mesh_lsoul"",""effect"":""""}",nvyao1hide_lsoul,Nvyao1_wuqi_d,"{""mesh"":""mesh_lsoul"",""effect"":""""}",nvyao1normal1_lsoul,Nvyao1_wuqi,,normal1Tips31,RuodianIcon_hide,,,dead wp,0,-1,1,0.8
bosskongdao72Nvyao1wp05,bosskongdao72Nvyao1wp05,0,15000,2,1,1,-1,-1,2,,wp_rsoul,"[""ruodian05_box1""]",ruodian_tishi,ruodian,"{""mesh"":""mesh_rsoul"",""effect"":""""}",nvyao1hide_rsoul,Nvyao1_wuqi_d,"{""mesh"":""mesh_rsoul"",""effect"":""""}",nvyao1normal1_rsoul,Nvyao1_wuqi,,normal1Tips31,RuodianIcon_hide,,,dead wp,0,-1,1,0.8
bosskongdao73Luoxinfu1wp01,,1,9999999,3,0.2,0.2,-1,-1,5,,wp_body,"[""ruodian01_box1""]",ruodian_tishi,ruodian,"{""mesh"":""mesh_body"",""effect"":""""}",,,"{""mesh"":""mesh_body"",""effect"":""""}",,,,normal1Tips31,RuodianIcon_hide,,,dead wp,1,1,1,0
bosskongdao73Luoxinfu1wp02,bosskongdao73Luoxinfu1wp02,1,9999999,2,1.5,1.5,-1,-1,3,,wp_leg1,"[""ruodian02_box1""]",ruodian_tishi,ruodian,"{""mesh"":""mesh_leg1"",""effect"":""""}",luoxinfu1hide_leg1,RuodianIcon1_hide,"{""mesh"":""mesh_leg1"",""effect"":""""}",luoxinfu1normal1_leg1,Luoxinfu1_jiao1,,normal1Tips31,RuodianIcon_hide,"{""mesh"":""mesh_leg1"",""effect"":""""}","{""mesh"":""mesh_leg1"",""effect"":""""}",dead wp,3,-1,1,0
bosskongdao73Luoxinfu1wp03,bosskongdao73Luoxinfu1wp03,1,9999999,2,1.5,1.5,-1,-1,3,,wp_leg2,"[""ruodian03_box1""]",ruodian_tishi,ruodian,"{""mesh"":""mesh_leg2"",""effect"":""""}",luoxinfu1hide_leg2,RuodianIcon_hide,"{""mesh"":""mesh_leg2"",""effect"":""""}",luoxinfu1normal1_leg2,Luoxinfu1_jiao1,,normal1Tips31,RuodianIcon_hide,"{""mesh"":""mesh_leg2"",""effect"":""""}","{""mesh"":""mesh_leg2"",""effect"":""""}",dead wp,3,1,1,0
bosskongdao73Luoxinfu1wp04,bosskongdao73Luoxinfu1wp04,1,9999999,2,1.5,1.5,-1,-1,3,,wp_leg3,"[""ruodian04_box1""]",ruodian_tishi,ruodian,"{""mesh"":""mesh_leg3"",""effect"":""""}",luoxinfu1hide_leg3,RuodianIcon1_hide,"{""mesh"":""mesh_leg3"",""effect"":""""}",luoxinfu1normal1_leg3,Luoxinfu1_jiao2,,normal1Tips31,RuodianIcon_hide,"{""mesh"":""mesh_leg3"",""effect"":""""}","{""mesh"":""mesh_leg3"",""effect"":""""}",dead wp,3,-1,1,0
bosskongdao73Luoxinfu1wp05,bosskongdao73Luoxinfu1wp05,1,9999999,2,1.5,1.5,-1,-1,3,,wp_leg4,"[""ruodian05_box1""]",ruodian_tishi,ruodian,"{""mesh"":""mesh_leg4"",""effect"":""""}",luoxinfu1hide_leg4,RuodianIcon_hide,"{""mesh"":""mesh_leg4"",""effect"":""""}",luoxinfu1normal1_leg4,Luoxinfu1_jiao2,,normal1Tips31,RuodianIcon_hide,"{""mesh"":""mesh_leg4"",""effect"":""""}","{""mesh"":""mesh_leg4"",""effect"":""""}",dead wp,3,1,1,0
bosskongdao73Luoxinfu1wp06,bosskongdao73Luoxinfu1wp06,1,9999999,2,1.5,1.5,-1,-1,3,,wp_leg5,"[""ruodian06_box1""]",ruodian_tishi,ruodian,"{""mesh"":""mesh_leg5"",""effect"":""""}",luoxinfu1hide_leg5,RuodianIcon1_hide,"{""mesh"":""mesh_leg5"",""effect"":""""}",luoxinfu1normal1_leg5,Luoxinfu1_jiao3,,normal1Tips31,RuodianIcon_hide,"{""mesh"":""mesh_leg5"",""effect"":""""}","{""mesh"":""mesh_leg5"",""effect"":""""}",dead wp,3,-1,1,0
bosskongdao73Luoxinfu1wp07,bosskongdao73Luoxinfu1wp07,1,9999999,2,1.5,1.5,-1,-1,3,,wp_leg6,"[""ruodian07_box1""]",ruodian_tishi,ruodian,"{""mesh"":""mesh_leg6"",""effect"":""""}",luoxinfu1hide_leg6,RuodianIcon_hide,"{""mesh"":""mesh_leg6"",""effect"":""""}",luoxinfu1normal1_leg6,Luoxinfu1_jiao3,,normal1Tips31,RuodianIcon_hide,"{""mesh"":""mesh_leg6"",""effect"":""""}","{""mesh"":""mesh_leg6"",""effect"":""""}",dead wp,3,1,1,0
bosskongdao74Piying1wp01,,1,9999999,3,1,1,-1,-1,5,,wp_body,"[""ruodian01_box1""]",ruodian_tishi,ruodian,"{""mesh"":""mesh_body"",""effect"":""""}",,,"{""mesh"":""mesh_body"",""effect"":""""}",,,,normal1Tips31,RuodianIcon_hide,,"{""mesh"":""mesh_body"",""effect"":""""}",dead wp,1,1,1,0
bosskongdao74Piying1wp02,bosskongdao74Piying1wp02,0,35000,2,1,1,-1,-1,1,,wp_lbody,"[""ruodian02_box1""]",ruodian_tishi,ruodian,"{""mesh"":""mesh_lbody"",""effect"":""""}",piying1hide_lbody,Piying5_shou1_d,"{""mesh"":""mesh_lbody"",""effect"":""""}",piying1normal1_lbody,Piying1_shou1,,normal1Tips31,RuodianIcon_hide,,,dead wp,0,-1,1,0.8
bosskongdao74Piying1wp03,bosskongdao74Piying1wp03,0,45000,2,1,1,-1,-1,1,,wp_rbody,"[""ruodian03_box1""]",ruodian_tishi,ruodian,"{""mesh"":""mesh_rbody"",""effect"":""""}",piying1hide_rbody,Piying5_shou1_d,"{""mesh"":""mesh_rbody"",""effect"":""""}",piying1normal1_rbody,Piying1_shou1,,normal1Tips31,RuodianIcon_hide,,,dead wp,0,1,1,0.8
bosskongdao74Piying1wp04,bosskongdao74Piying1wp04,1,9999999,2,2,2,-1,-1,3,,wp_head,"[""ruodian04_box1""]",ruodian_tishi,ruodian,"{""mesh"":""mesh_head"",""effect"":""""}",piying1hide_head,Piying5_tou_d,"{""mesh"":""mesh_head"",""effect"":""""}",piying1normal1_head,Piying1_tou,,normal1Tips31,RuodianIcon_hide,,"{""mesh"":""mesh_head"",""effect"":""""}",dead wp,0,1,1,0
bosskongdao75Sheshou1wp01,,1,9999999,3,1,1,-1,-1,5,,wp_body,"[""ruodian01_box1""]",ruodian_tishi,ruodian,"{""mesh"":""mesh_body"",""effect"":""""}",,,"{""mesh"":""mesh_body"",""effect"":""""}",,,,normal1Tips31,RuodianIcon_hide,,"{""mesh"":""mesh_body"",""effect"":""""}",dead wp,1,1,1,0
bosskongdao75Sheshou1wp02,bosskongdao75Sheshou1wp02,0,80000,2,1,1,-1,-1,0,,wp_weapon,"[""ruodian02_box1"",""ruodian02_box2"",""ruodian02_box3""]",ruodian_tishi,ruodian,"{""mesh"":""mesh_weapon"",""effect"":""""}",sheshou1hide_weapon,Sheshou3_wuqi_d,"{""mesh"":""mesh_weapon"",""effect"":""""}",sheshou1normal1_weapon,Sheshou1_wuqi,,normal1Tips31,RuodianIcon_hide,,,dead wp,0,1,1,0.8
bosskongdao75Sheshou1wp03,bosskongdao75Sheshou1wp03,1,9999999,2,2,2,-1,-1,3,,wp_head,"[""ruodian03_box1""]",ruodian_tishi,ruodian,"{""mesh"":""mesh_weapon"",""effect"":""""}",sheshou1hide_head,Sheshou1_tou_d,"{""mesh"":""mesh_weapon"",""effect"":""""}",sheshou1normal1_head,Sheshou1_tou,,normal1Tips31,RuodianIcon_hide,,,dead wp,0,1,1,0
bosskongdao76Yifanmumian1wp01,bosskongdao76Yifanmumian1wp01,1,9999999,3,1,1,-1,-1,5,,wp_head,"[""ruodian01_box1""]",ruodian_tishi,ruodian,"{""mesh"":""mesh_body"",""effect"":""""}",,,"{""mesh"":""mesh_body"",""effect"":""""}",,,,normal1Tips31,RuodianIcon_hide,,"{""mesh"":""mesh_body"",""effect"":""""}",dead wp,1,1,1,0
bosskongdao76Yifanmumian1wp02,bosskongdao76Yifanmumian1wp02,0,24000,2,1,1,-1,-1,2,,wp_pendant,"[""ruodian02_box1""]",ruodian_tishi,ruodian,"{""mesh"":""mesh_lbody"",""effect"":""""}",yifanmumian1hide_pendant,RuodianIcon_hide,"{""mesh"":""mesh_lbody"",""effect"":""""}",yifanmumian1normal1_pendant,Yifanmumian1_xiong,,normal1Tips31,RuodianIcon_hide,,,dead wp,0,1,1,0.8
bosskongdao76Yifanmumian1wp03,bosskongdao76Yifanmumian1wp03,0,24000,2,1,1,-1,-1,2,,wp_larm,"[""ruodian03_box1""]",ruodian_tishi,ruodian,"{""mesh"":""mesh_rbody"",""effect"":""""}",yifanmumian1hide_larm,Yifanmumian1_shou_d,"{""mesh"":""mesh_rbody"",""effect"":""""}",yifanmumian1normal1_larm,Yifanmumian1_shou,,normal1Tips31,RuodianIcon_hide,,,dead wp,0,-1,1,1
bosskongdao76Yifanmumian1wp04,bosskongdao76Yifanmumian1wp04,0,24000,2,2,2,-1,-1,2,,wp_rarm,"[""ruodian04_box1""]",ruodian_tishi,ruodian,"{""mesh"":""mesh_head"",""effect"":""""}",yifanmumian1hide_rarm,Yifanmumian1_shou_d,"{""mesh"":""mesh_head"",""effect"":""""}",yifanmumian1normal1_rarm,Yifanmumian1_shou,,normal1Tips31,RuodianIcon_hide,,,dead wp,0,1,1,1
bosskongdao77Longnv1wp01,,1,9999999,3,1,1,-1,-1,5,,wp_body,"[""ruodian01_box1""]",ruodian_tishi,ruodian,"{""mesh"":""mesh_body"",""effect"":""""}",,,"{""mesh"":""mesh_body"",""effect"":""""}",,,,normal1Tips31,RuodianIcon_hide,,,dead wp,1,1,1,0
bosskongdao77Longnv1wp02,bosskongdao77Longnv1wp02,1,9999999,2,1.5,1.5,-1,-1,3,,wp_head,"[""ruodian02_box1""]",ruodian_tishi,ruodian,"{""mesh"":""mesh_head"",""effect"":""""}",longnv1hide_head,Longnv1_tou_d,"{""mesh"":""mesh_head"",""effect"":""""}",longnv1normal1_head,Longnv1_tou,,normal1Tips31,RuodianIcon_hide,,,dead wp,0,1,1,0
bosskongdao77Longnv1wp03,bosskongdao77Longnv1wp03,0,24000,2,1,1,-1,-1,0,,wp_fuwen1,"[""ruodian03_box1""]",ruodian_tishi,ruodian,,longnv1hide_lingyin1,RuodianIcon_hide,"{""mesh"":""mesh_fuwen1"",""effect"":""""}",longnv1normal1_lingyin1,Longnv3_wuqi,,normal1Tips31,RuodianIcon_hide,,,dead wp,0,1,1,0.8
bosskongdao77Longnv1wp04,bosskongdao77Longnv1wp04,0,24000,2,1,1,-1,-1,0,,wp_fuwen2,"[""ruodian04_box1""]",ruodian_tishi,ruodian,,longnv1hide_lingyin2,RuodianIcon_hide,"{""mesh"":""mesh_fuwen2"",""effect"":""""}",longnv1normal1_lingyin2,Longnv3_wuqi,,normal1Tips31,RuodianIcon_hide,,,dead wp,0,1,1,0.8
bosskongdao78Jinglingwang1wp01,,1,9999999,3,1,1,-1,-1,5,,wp_body,"[""ruodian01_box1""]",ruodian_tishi,ruodian,"{""mesh"":""mesh_body"",""effect"":""""}",,,"{""mesh"":""mesh_body"",""effect"":""""}",,,,normal1Tips31,RuodianIcon_hide,,,dead wp,1,1,1,0
bosskongdao78Jinglingwang1wp02,bosskongdao78Jinglingwang1wp02,0,30000,2,1,1,-1,-1,0,,wp_crown,"[""ruodian02_box1""]",ruodian_tishi,ruodian,,jinglingwang2hide_crown,RuodianIcon_hide,"{""mesh"":""mesh_crown"",""effect"":""""}",jinglingwang2normal1_crown,Jinglingwang1_huangguan,,normal1Tips31,RuodianIcon_hide,,,dead wp,0,1,1,0.8
bosskongdao78Jinglingwang1wp03,bosskongdao78Jinglingwang1wp03,0,30000,2,1,1,-1,-1,0,,wp_luwing,"[""ruodian03_box1""]",ruodian_tishi,ruodian,"{""mesh"":""mesh_luwing"",""effect"":""""}",jinglingwang2hide_luwing,Jinglingwang1_chibang1_d,"{""mesh"":""mesh_luwing"",""effect"":""""}",jinglingwang2normal1_luwing,Jinglingwang1_chibang1,,normal1Tips31,RuodianIcon_hide,"{""mesh"":""mesh_luwing"",""effect"":""""}",,dead wp,0,-1,1,1
bosskongdao78Jinglingwang1wp04,bosskongdao78Jinglingwang1wp04,0,30000,2,1,1,-1,-1,0,,wp_ldwing,"[""ruodian04_box1""]",ruodian_tishi,ruodian,,jinglingwang2hide_ldwing,RuodianIcon1_hide,"{""mesh"":""mesh_ldwing"",""effect"":""""}",jinglingwang2normal1_ldwing,Jinglingwang1_chibang2,,normal1Tips31,RuodianIcon_hide,,,dead wp,3,-1,1,1
bosskongdao78Jinglingwang1wp05,bosskongdao78Jinglingwang1wp05,0,30000,2,1,1,-1,-1,0,,wp_ruwing,"[""ruodian05_box1""]",ruodian_tishi,ruodian,"{""mesh"":""mesh_ruwing"",""effect"":""""}",jinglingwang2hide_ruwing,Jinglingwang1_chibang1_d,"{""mesh"":""mesh_ruwing"",""effect"":""""}",jinglingwang2normal1_ruwing,Jinglingwang1_chibang1,,normal1Tips31,RuodianIcon_hide,"{""mesh"":""mesh_ruwing"",""effect"":""""}",,dead wp,0,1,1,1
bosskongdao78Jinglingwang1wp06,bosskongdao78Jinglingwang1wp06,0,30000,2,1,1,-1,-1,0,,wp_rdwing,"[""ruodian06_box1""]",ruodian_tishi,ruodian,,jinglingwang2hide_rdwing,RuodianIcon_hide,"{""mesh"":""mesh_rdwing"",""effect"":""""}",jinglingwang2normal1_rdwing,Jinglingwang1_chibang2,,normal1Tips31,RuodianIcon_hide,,,dead wp,3,1,1,1
bossrenjie81Huapo2awakenwp01,,1,9999999,3,1,1,-1,-1,5,,wp_body,"[""ruodian01_box1""]",ruodian_tishi,ruodian,"{""mesh"":""mesh_body"",""effect"":""""}",,,"{""mesh"":""mesh_body"",""effect"":""""}",,,,normal1Tips31,RuodianIcon_hide,,"{""mesh"":""mesh_body"",""effect"":""""}",dead wp,1,1,1,0
bossrenjie81Huapo2awakenwp02,bossrenjie81Huapo2awakenwp02,0,50000,2,1,1,-1,-1,0,,wp_flower1,"[""ruodian02_box1""]",ruodian_tishi,ruodian,,huapo2awakenhide_flower,RuodianIcon1_hide,"{""mesh"":""mesh_flower1"",""effect"":""""}",huapo2awakennormal1_flower,Huapo2awaken_huaban3,,normal1Tips31,RuodianIcon_hide,,,dead wp,3,-1,1,0.8
bossrenjie81Huapo2awakenwp03,bossrenjie81Huapo2awakenwp03,0,50000,2,1,1,-1,-1,0,,wp_flower2,"[""ruodian03_box1""]",ruodian_tishi,ruodian,,huapo2awakenhide_flower,RuodianIcon1_hide,"{""mesh"":""mesh_flower2"",""effect"":""""}",huapo2awakennormal1_flower,Huapo2awaken_huaban2,,normal1Tips31,RuodianIcon_hide,,,dead wp,3,-1,1,0.8
bossrenjie81Huapo2awakenwp04,bossrenjie81Huapo2awakenwp04,0,50000,2,1,1,-1,-1,0,,wp_flower3,"[""ruodian04_box1""]",ruodian_tishi,ruodian,,huapo2awakenhide_flower,RuodianIcon_hide,"{""mesh"":""mesh_flower3"",""effect"":""""}",huapo2awakennormal1_flower,Huapo2awaken_huaban1,,normal1Tips31,RuodianIcon_hide,,,dead wp,3,1,1,0.8
bossrenjie81Huapo2awakenwp05,bossrenjie81Huapo2awakenwp05,0,50000,2,1,1,-1,-1,0,,wp_flower4,"[""ruodian05_box1""]",ruodian_tishi,ruodian,,huapo2awakenhide_flower,RuodianIcon_hide,"{""mesh"":""mesh_flower4"",""effect"":""""}",huapo2awakennormal1_flower,Huapo2awaken_huaban2,,normal1Tips31,RuodianIcon_hide,,,dead wp,3,1,1,0.8
bossrenjie81Huapo2awakenwp06,bossrenjie81Huapo2awakenwp06,0,50000,2,1,1,-1,-1,0,,wp_flower5,"[""ruodian06_box1""]",ruodian_tishi,ruodian,,huapo2awakenhide_flower,RuodianIcon_hide,"{""mesh"":""mesh_flower5"",""effect"":""""}",huapo2awakennormal1_flower,Huapo2awaken_huaban3,,normal1Tips31,RuodianIcon_hide,,,dead wp,3,1,1,0.8
bossrenjie82Huoniao4awakenwp01,,1,999999,3,1,1,-1,-1,5,,wp_body,"[""ruodian01_box1""]",ruodian_tishi,ruodian,"{""mesh"":""mesh_body"",""effect"":""""}",,,"{""mesh"":""mesh_body"",""effect"":""""}",,,,normal1Tips31,RuodianIcon_hide,"{""mesh"":""mesh_body"",""effect"":""""}",,dead wp,3,1,1,0
bossrenjie82Huoniao4awakenwp02,bossrenjie82Huoniao4awakenwp02,0,24000,2,1,1,-1,-1,2,,wp_ltail,"[""ruodian02_box1""]",ruodian_tishi,ruodian,"{""mesh"":""mesh_ltail"",""effect"":""""}",huoniao4awakenhide_ltail,Huoniao4_chibang1_d,"{""mesh"":""mesh_ltail"",""effect"":""""}",huoniao4awakennormal1_ltail,Huoniao4_chibang2,,normal1Tips31,RuodianIcon_hide,,,dead wp,0,-1,1,1
bossrenjie82Huoniao4awakenwp03,bossrenjie82Huoniao4awakenwp03,0,24000,2,1,1,-1,-1,2,,wp_mtail,"[""ruodian03_box1""]",ruodian_tishi,ruodian,"{""mesh"":""mesh_mtail"",""effect"":""""}",huoniao4awakenhide_mtail,Huoniao4_chibang1_d,"{""mesh"":""mesh_mtail"",""effect"":""""}",huoniao4awakennormal1_mtail,Huoniao4_chibang1,,normal1Tips31,RuodianIcon_hide,,,dead wp,0,1,1,1
bossrenjie82Huoniao4awakenwp04,bossrenjie82Huoniao4awakenwp04,0,24000,2,1,1,-1,-1,2,,wp_rtail,"[""ruodian04_box1""]",ruodian_tishi,ruodian,"{""mesh"":""mesh_rtail"",""effect"":""""}",huoniao4awakenhide_rtail,Huoniao4_chibang1_d,"{""mesh"":""mesh_rtail"",""effect"":""""}",huoniao4awakennormal1_rtail,Huoniao4_chibang2,,normal1Tips31,RuodianIcon_hide,,,dead wp,0,1,1,1
bossrenjie82Huoniao4awakenwp05,bossrenjie82Huoniao4awakenwp05,0,16000,2,1,1,-1,-1,2,,wp_crown,"[""ruodian05_box1""]",ruodian_tishi,ruodian,"{""mesh"":""mesh_crown"",""effect"":""""}",huoniao4awakenhide_crown,RuodianIcon_hide,"{""mesh"":""mesh_crown"",""effect"":""""}",huoniao4awakennormal1_crown,Huoniao4awaken_huangguan,,normal1Tips31,RuodianIcon_hide,,,dead wp,0,1,1,0.8
bossrenjie82Huoniao4awakenwp06,,1,999999,3,0.00001,1,-1,-1,5,,wp_body1,"[""ruodian06_box1""]",ruodian_tishi,ruodian,"{""mesh"":""mesh_body"",""effect"":""""}",,,"{""mesh"":""mesh_body"",""effect"":""""}",,,,normal1Tips31,RuodianIcon_hide,"{""mesh"":""mesh_body"",""effect"":""""}",,dead wp,1,1,1,0
bossrenjie83Amute3awakenwp01,,1,999999,3,1,1,-1,-1,4,,wp_body,"[""ruodian01_box1""]",ruodian_tishi,ruodian,"{""mesh"":""mesh_body"",""effect"":""""}",,,"{""mesh"":""mesh_body"",""effect"":""""}",,,,normal1Tips24,RuodianIcon_hide,"{""mesh"":""mesh_body"",""effect"":""""}","{""mesh"":""mesh_body"",""effect"":""""}",dead wp,1,1,1,0
bossrenjie83Amute3awakenwp02,bossrenjie83Amute3awakenwp02,1,999999,2,2.5,2.5,-1,-1,3,,wp_head,"[""ruodian02_box1""]",ruodian_tishi,ruodian,"{""mesh"":""mesh_head"",""effect"":""""}",amute3awakenhide_lian,RuodianIcon_hide,"{""mesh"":""mesh_head"",""effect"":""""}",amute3awakennormal1_lian,Amute3awaken_tou,,normal1Tips23,RuodianIcon_hide,"{""mesh"":""mesh_head"",""effect"":""""}","{""mesh"":""mesh_head"",""effect"":""""}",dead wp,3,1,1,0
bossrenjie83Amute3awakenwp03,bossrenjie83Amute3awakenwp03,0,36000,2,1,1,-1,-1,2,,wp_mask,"[""ruodian03_box1""]",ruodian_tishi,ruodian,"{""mesh"":""mesh_mask"",""effect"":""""}",amute3awakenhide_mianju,Amute3_tou_d,"{""mesh"":""mesh_mask"",""effect"":""""}",amute3awakennormal1_mianju,Amute3awaken_mianju,,normal1Tips25,RuodianIcon_hide,,,dead wp,0,1,1,0.0067
bossrenjie84Anpusha5awakenwp01,,1,9999999,3,1,1,-1,-1,5,,wp_body,"[""ruodian01_box1""]",ruodian_tishi,ruodian,,,,"{""mesh"":""mesh_body"",""effect"":""""}",,,,normal1Tips31,RuodianIcon_hide,,"{""mesh"":""mesh_body"",""effect"":""""}",dead wp,1,1,1,0
bossrenjie84Anpusha5awakenwp02,bossrenjie84Anpusha5awakenwp02,0,32000,2,1,1,-1,-1,0,,wp_heart,"[""ruodian02_box1""]",ruodian_tishi,ruodian,"{""mesh"":""mesh_heart"",""effect"":""""}",anpusha5awakenhide_heart,Anpusha5_xin_d,"{""mesh"":""mesh_heart"",""effect"":""""}",anpusha5awakennormal1_heart,Anpusha5awaken_xin,,normal1Tips31,RuodianIcon_hide,,,dead wp,0,1,1,0.8
bossrenjie84Anpusha5awakenwp03,bossrenjie84Anpusha5awakenwp03,0,32000,2,1,1,-1,-1,0,,wp_lwing,"[""ruodian03_box1""]",ruodian_tishi,ruodian,"{""mesh"":""mesh_lwing"",""effect"":""""}",anpusha5awakenhide_lwing,Anpusha5awaken_chibang_d,"{""mesh"":""mesh_lwing"",""effect"":""""}",anpusha5awakennormal1_lwing,Anpusha5awaken_chibang,,normal1Tips31,RuodianIcon_hide,,,dead wp,0,-1,1,1
bossrenjie84Anpusha5awakenwp04,bossrenjie84Anpusha5awakenwp04,0,32000,2,1,1,-1,-1,0,,wp_rwing,"[""ruodian04_box1""]",ruodian_tishi,ruodian,"{""mesh"":""mesh_rwing"",""effect"":""""}",anpusha5awakenhide_rwing,Anpusha5awaken_chibang_d,"{""mesh"":""mesh_rwing"",""effect"":""""}",anpusha5awakennormal1_rwing,Anpusha5awaken_chibang,,normal1Tips31,RuodianIcon_hide,,,dead wp,0,1,1,1
bossrenjie85Dujiaoshou1awakenwp01,,1,999999,3,1,1,-1,-1,5,,wp_body,"[""ruodian01_box1""]",ruodian_tishi,ruodian,"{""mesh"":""mesh_body"",""effect"":""""}",,,"{""mesh"":""mesh_body"",""effect"":""""}",,,,normal1Tips31,RuodianIcon_hide,"{""mesh"":""mesh_body"",""effect"":""""}","{""mesh"":""mesh_body"",""effect"":""""}",dead wp,1,1,1,0
bossrenjie85Dujiaoshou1awakenwp02,bossrenjie85Dujiaoshou1awakenwp02,0,25000,2,1,1,-1,-1,2,,wp_aura,"[""ruodian02_box1""]",ruodian_tishi,ruodian,"{""mesh"":""mesh_aura"",""effect"":""""}",dujiaoshou1awakenhide_horn,RuodianIcon_hide,"{""mesh"":""mesh_aura"",""effect"":""""}",dujiaoshou1awakennormal1_horn,Dujiaoshou1awaken_guanghuan,,normal1Tips31,RuodianIcon_hide,,,dead wp,0,1,1,0.8
bossrenjie85Dujiaoshou1awakenwp03,bossrenjie85Dujiaoshou1awakenwp03,0,15000,2,1,1,-1,-1,2,,wp_lwing,"[""ruodian03_box1""]",ruodian_tishi,ruodian,"{""mesh"":""mesh_lwing"",""effect"":""""}",dujiaoshou1awakenhide_lwing,Dujiaoshou1awaken_chibang_d,"{""mesh"":""mesh_lwing"",""effect"":""""}",dujiaoshou1awakennormal1_lwing,Dujiaoshou1awaken_chibang,,normal1Tips31,RuodianIcon_hide,"{""mesh"":""mesh_lwing"",""effect"":""""}",,dead wp,3,-1,1,1
bossrenjie85Dujiaoshou1awakenwp04,bossrenjie85Dujiaoshou1awakenwp04,0,15000,2,1,1,-1,-1,2,,wp_rwing,"[""ruodian04_box1""]",ruodian_tishi,ruodian,"{""mesh"":""mesh_rwing"",""effect"":""""}",dujiaoshou1awakenhide_rwing,Dujiaoshou1awaken_chibang_d,"{""mesh"":""mesh_rwing"",""effect"":""""}",dujiaoshou1awakennormal1_rwing,Dujiaoshou1awaken_chibang,,normal1Tips31,RuodianIcon_hide,"{""mesh"":""mesh_rwing"",""effect"":""""}",,dead wp,3,1,1,1
bossrenjie85Dujiaoshou1awakenwp05,,1,999999,3,0.00001,1,-1,-1,5,,wp_body1,"[""ruodian05_box1""]",ruodian_tishi,ruodian,"{""mesh"":""mesh_body"",""effect"":""""}",,,"{""mesh"":""mesh_body"",""effect"":""""}",,,,normal1Tips31,RuodianIcon_hide,"{""mesh"":""mesh_body"",""effect"":""""}","{""mesh"":""mesh_body"",""effect"":""""}",dead wp,3,1,1,0
bossrenjie86Landuo2wp01,,1,999999,3,1,1,-1,-1,5,,wp_body,"[""ruodian01_box1""]",ruodian_tishi,ruodian,"{""mesh"":""mesh_body"",""effect"":""""}",,,"{""mesh"":""mesh_body"",""effect"":""""}",,,,normal1Tips31,RuodianIcon_hide,,"{""mesh"":""mesh_body"",""effect"":""""}",dead wp,1,1,1,0
bossrenjie86Landuo2wp02,bossrenjie86Landuo2wp02,0,20000,2,1,1,-1,-1,2,,wp_ring,"[""ruodian02_box1""]",ruodian_tishi,ruodian,"{""mesh"":""mesh_ring"",""effect"":""""}",landuo2hide_ring,Landuo2_touhuan_d,"{""mesh"":""mesh_ring"",""effect"":""""}",landuo2normal1_ring,Landuo2_touhuan,,normal1Tips31,RuodianIcon_hide,,,dead wp,0,1,1,1
bossrenjie86Landuo2wp03,bossrenjie86Landuo2wp03,0,20000,2,1,1,-1,-1,2,,wp_lwing,"[""ruodian03_box1""]",ruodian_tishi,ruodian,"{""mesh"":""mesh_lwing"",""effect"":""""}",landuo2hide_lwing,Landuo2_chibang_d,"{""mesh"":""mesh_lwing"",""effect"":""""}",landuo2normal1_lwing,Landuo2_chibang,,normal1Tips31,RuodianIcon_hide,,,dead wp,0,-1,1,1
bossrenjie86Landuo2wp04,bossrenjie86Landuo2wp04,0,20000,2,1,1,-1,-1,2,,wp_rwing,"[""ruodian04_box1""]",ruodian_tishi,ruodian,"{""mesh"":""mesh_rwing"",""effect"":""""}",landuo2hide_rwing,Landuo2_chibang_d,"{""mesh"":""mesh_rwing"",""effect"":""""}",landuo2normal1_rwing,Landuo2_chibang,,normal1Tips31,RuodianIcon_hide,,,dead wp,0,1,1,1
bossrenjie86Landuo2wp05,bossrenjie86Landuo2wp05,0,15000,2,1,1,-1,-1,2,,wp_bubble,"[""ruodian05_box1""]",ruodian_tishi,ruodian,"{""mesh"":""mesh_bubble"",""effect"":""""}",landuo2hide_bubble,RuodianIcon_hide,"{""mesh"":""mesh_bubble"",""effect"":""""}",landuo2normal1_bubble,Landuo2_paopao,,normal1Tips31,RuodianIcon_hide,,,dead wp,0,1,1,0.8
bossrenjie87Baonu4wp01,,1,999999,3,1,1,-1,-1,5,,wp_body,"[""ruodian01_box1""]",ruodian_tishi,ruodian,"{""mesh"":""mesh_body"",""effect"":""""}",,,"{""mesh"":""mesh_body"",""effect"":""""}",,,,normal1Tips31,RuodianIcon_hide,,"{""mesh"":""mesh_body"",""effect"":""""}",dead wp,1,1,1,0
bossrenjie87Baonu4wp02,bossrenjie87Baonu4wp02,0,30000,2,1,1,-1,-1,2,,wp_armet,"[""ruodian02_box1""]",ruodian_tishi,ruodian,"{""mesh"":""mesh_armet"",""effect"":""""}",baonu4hide_armet,RuodianIcon_hide,"{""mesh"":""mesh_armet"",""effect"":""""}",baonu4normal1_armet,Baonu4_toukui,,normal1Tips31,RuodianIcon_hide,,,dead wp,0,1,1,0.8
bossrenjie87Baonu4wp03,bossrenjie87Baonu4wp03,0,15000,2,1,1,-1,-1,2,,wp_lbone1,"[""ruodian03_box1""]",ruodian_tishi,ruodian,"{""mesh"":""mesh_lbone1"",""effect"":""""}",baonu4hide_lbone1,RuodianIcon1_hide,"{""mesh"":""mesh_lbone1"",""effect"":""""}",baonu4normal1_lbone1,Baonu4_gujie4,,normal1Tips31,RuodianIcon_hide,"{""mesh"":""mesh_lbone1"",""effect"":""""}",,dead wp,3,-1,1,1
bossrenjie87Baonu4wp04,bossrenjie87Baonu4wp04,0,15000,2,1,1,-1,-1,2,,wp_lbone2,"[""ruodian04_box1""]",ruodian_tishi,ruodian,"{""mesh"":""mesh_lbone3"",""effect"":""""}",baonu4hide_lbone2,RuodianIcon1_hide,"{""mesh"":""mesh_lbone3"",""effect"":""""}",baonu4normal1_lbone2,Baonu4_gujie3,,normal1Tips31,RuodianIcon_hide,"{""mesh"":""mesh_lbone3"",""effect"":""""}",,dead wp,3,-1,1,1
bossrenjie87Baonu4wp05,bossrenjie87Baonu4wp05,0,15000,2,1,1,-1,-1,2,,wp_lbone3,"[""ruodian05_box1""]",ruodian_tishi,ruodian,"{""mesh"":""mesh_rbone1"",""effect"":""""}",baonu4hide_lbone3,RuodianIcon1_hide,"{""mesh"":""mesh_rbone1"",""effect"":""""}",baonu4normal1_lbone3,Baonu4_gujie2,,normal1Tips31,RuodianIcon_hide,"{""mesh"":""mesh_rbone1"",""effect"":""""}",,dead wp,3,-1,1,1
bossrenjie87Baonu4wp06,bossrenjie87Baonu4wp06,0,15000,2,1,1,-1,-1,2,,wp_lbone4,"[""ruodian06_box1""]",ruodian_tishi,ruodian,"{""mesh"":""mesh_rbone3"",""effect"":""""}",baonu4hide_lbone4,RuodianIcon1_hide,"{""mesh"":""mesh_rbone3"",""effect"":""""}",baonu4normal1_lbone4,Baonu4_gujie1,,normal1Tips31,RuodianIcon_hide,"{""mesh"":""mesh_rbone3"",""effect"":""""}",,dead wp,3,-1,1,1
bossrenjie87Baonu4wp07,bossrenjie87Baonu4wp07,0,15000,2,1,1,-1,-1,2,,wp_rbone1,"[""ruodian07_box1""]",ruodian_tishi,ruodian,"{""mesh"":""mesh_lbone2"",""effect"":""""}",baonu4hide_rbone1,RuodianIcon_hide,"{""mesh"":""mesh_lbone2"",""effect"":""""}",baonu4normal1_rbone1,Baonu4_gujie4,,normal1Tips31,RuodianIcon_hide,"{""mesh"":""mesh_lbone2"",""effect"":""""}",,dead wp,3,1,1,1
bossrenjie87Baonu4wp08,bossrenjie87Baonu4wp08,0,15000,2,1,1,-1,-1,2,,wp_rbone2,"[""ruodian08_box1""]",ruodian_tishi,ruodian,"{""mesh"":""mesh_lbone4"",""effect"":""""}",baonu4hide_rbone2,RuodianIcon_hide,"{""mesh"":""mesh_lbone4"",""effect"":""""}",baonu4normal1_rbone2,Baonu4_gujie3,,normal1Tips31,RuodianIcon_hide,"{""mesh"":""mesh_lbone4"",""effect"":""""}",,dead wp,3,1,1,1
bossrenjie87Baonu4wp09,bossrenjie87Baonu4wp09,0,15000,2,1,1,-1,-1,2,,wp_rbone3,"[""ruodian09_box1""]",ruodian_tishi,ruodian,"{""mesh"":""mesh_rbone2"",""effect"":""""}",baonu4hide_rbone3,RuodianIcon_hide,"{""mesh"":""mesh_rbone2"",""effect"":""""}",baonu4normal1_rbone3,Baonu4_gujie2,,normal1Tips31,RuodianIcon_hide,"{""mesh"":""mesh_rbone2"",""effect"":""""}",,dead wp,3,1,1,1
bossrenjie87Baonu4wp10,bossrenjie87Baonu4wp10,0,15000,2,1,1,-1,-1,2,,wp_rbone4,"[""ruodian10_box1""]",ruodian_tishi,ruodian,"{""mesh"":""mesh_rbone4"",""effect"":""""}",baonu4hide_rbone4,RuodianIcon_hide,"{""mesh"":""mesh_rbone4"",""effect"":""""}",baonu4normal1_rbone4,Baonu4_gujie1,,normal1Tips31,RuodianIcon_hide,"{""mesh"":""mesh_rbone4"",""effect"":""""}",,dead wp,3,1,1,1
bossrenjie88Yafogemeng5wp01,,1,999999,3,1,1,-1,-1,5,,wp_body,"[""ruodian01_box1""]",ruodian_tishi,ruodian,"{""mesh"":""mesh_body"",""effect"":""""}",,,"{""mesh"":""mesh_body"",""effect"":""""}",,,,normal1Tips31,RuodianIcon_hide,"{""mesh"":""mesh_body"",""effect"":""""}","{""mesh"":""mesh_body"",""effect"":""""}",dead wp,3,1,1,0
bossrenjie88Yafogemeng5wp02,bossrenjie88Yafogemeng5wp02,0,20000,2,1,1,-1,-1,2,,wp_head,"[""ruodian02_box1""]",ruodian_tishi,ruodian,"{""mesh"":""mesh_head"",""effect"":""""}",yafogemeng5hide_head,RuodianIcon_hide,"{""mesh"":""mesh_head"",""effect"":""""}",yafogemeng5normal1_head,Yafogemeng5_tou2,,normal1Tips31,RuodianIcon_hide,,,dead wp,3,1,1,1
bossrenjie88Yafogemeng5wp03,bossrenjie88Yafogemeng5wp03,0,20000,2,1,1,-1,-1,2,,wp_aura,"[""ruodian03_box1""]",ruodian_tishi,ruodian,"{""mesh"":""mesh_aura"",""effect"":""""}",yafogemeng5hide_aura,RuodianIcon_hide,"{""mesh"":""mesh_aura"",""effect"":""""}",yafogemeng5normal1_aura,Yafogemeng5_guanghuan,,normal1Tips31,RuodianIcon_hide,,,dead wp,3,1,1,0.8
bossrenjie88Yafogemeng5wp04,bossrenjie88Yafogemeng5wp04,0,30000,2,1,1,-1,-1,2,,wp_larm,"[""ruodian04_box1""]",ruodian_tishi,ruodian,"{""mesh"":""mesh_larm"",""effect"":""""}",yafogemeng5hide_larm,Yafogemeng5_shoubi_d,"{""mesh"":""mesh_larm"",""effect"":""""}",yafogemeng5normal1_larm,Yafogemeng5_shoubi,,normal1Tips31,RuodianIcon_hide,,,dead wp,0,-1,1,1
bossrenjie88Yafogemeng5wp05,bossrenjie88Yafogemeng5wp05,0,30000,2,1,1,-1,-1,2,,wp_rarm,"[""ruodian05_box1""]",ruodian_tishi,ruodian,"{""mesh"":""mesh_rarm"",""effect"":""""}",yafogemeng5hide_rarm,Yafogemeng5_shoubi_d,"{""mesh"":""mesh_rarm"",""effect"":""""}",yafogemeng5normal1_rarm,Yafogemeng5_shoubi,,normal1Tips31,RuodianIcon_hide,,,dead wp,0,1,1,1
bossrenjie88Yafogemeng5wp06,bossrenjie88Yafogemeng5wp06,0,30000,2,1,1,-1,-1,2,,wp_lwing,"[""ruodian06_box1""]",ruodian_tishi,ruodian,"{""mesh"":""mesh_lwing"",""effect"":""""}",yafogemeng5hide_lwing,Yafogemeng5_chibang_d,"{""mesh"":""mesh_lwing"",""effect"":""""}",yafogemeng5normal1_lwing,Yafogemeng5_chibang,,normal1Tips31,RuodianIcon_hide,,,dead wp,0,-1,1,1
bossrenjie88Yafogemeng5wp07,bossrenjie88Yafogemeng5wp07,0,30000,2,1,1,-1,-1,2,,wp_rwing,"[""ruodian07_box1""]",ruodian_tishi,ruodian,"{""mesh"":""mesh_rwing"",""effect"":""""}",yafogemeng5hide_rwing,Yafogemeng5_chibang_d,"{""mesh"":""mesh_rwing"",""effect"":""""}",yafogemeng5normal1_rwing,Yafogemeng5_chibang,,normal1Tips31,RuodianIcon_hide,,,dead wp,0,1,1,1
bossrenjie88Yafogemeng5wp08,,1,999999,3,0.00001,1,-1,-1,5,,wp_body1,"[""ruodian08_box1""]",ruodian_tishi,ruodian,"{""mesh"":""mesh_body"",""effect"":""""}",,,"{""mesh"":""mesh_body"",""effect"":""""}",,,,normal1Tips31,RuodianIcon_hide,"{""mesh"":""mesh_body"",""effect"":""""}","{""mesh"":""mesh_body"",""effect"":""""}",dead wp,1,1,1,0
xgwp,wpName1,1,900000,1,1,1,-1,-1,0,,e_shouji,,ruodian_tishi,ruodian,,,RuodianIcon_hide,,,RuodianIcon_hide,,,RuodianIcon_hide,,,,1,1,1,0
xgwpHide,wpName2,2,9000000,1,0,1,-1,-1,1,,e_shouji,,ruodian_tishi,ruodian,,,RuodianIcon_hide,"{""mesh"":""monstermesh"",""effect"":""yincangxiaoguai""",,RuodianIcon_hide,,,RuodianIcon_hide,,,,0,1,1,0
bossdajie11Xiaochou4wp01,,1,9999999,3,1,1,-1,-1,5,,wp_body,"[""ruodian01_box1""]",ruodian_tishi,ruodian,"{""mesh"":""mesh_body"",""effect"":""""}",,,"{""mesh"":""mesh_body"",""effect"":""""}",,,,normal1Tips31,RuodianIcon_hide,,"{""mesh"":""mesh_body"",""effect"":""""}",dead wp,1,1,1,0
bossdajie11Xiaochou4wp02,wpName34,1,9999999,2,2,2,-1,-1,3,,wp_head,"[""ruodian02_box1""]",ruodian_tishi,ruodian,"{""mesh"":""mesh_head"",""effect"":""""}",xiaochou4hide_head,Xiaochou4_tou_d,"{""mesh"":""mesh_head"",""effect"":""""}",xiaochou4normal1_head,Xiaochou4_tou,,normal1Tips31,RuodianIcon_hide,,"{""mesh"":""mesh_head"",""effect"":""""}",dead wp,0,1,1,0
bossdajie12Mantuoluo2wp01,,1,9999999,3,1,1,-1,-1,5,,wp_body,"[""ruodian01_box1""]",ruodian_tishi,ruodian,"{""mesh"":""mesh_body"",""effect"":""""}",,,"{""mesh"":""mesh_body"",""effect"":""""}",,,,normal1Tips31,RuodianIcon_hide,,"{""mesh"":""mesh_body"",""effect"":""""}",dead wp,1,1,1,0
bossdajie12Mantuoluo2wp02,wpName36,0,1200,2,1,1,-1,-1,0,,wp_root,"[""ruodian02_box1""]",ruodian_tishi,ruodian,"{""mesh"":""mesh_root"",""effect"":""""}",mantuoluo2hide_root,Mantuoluo2_jiao_d,"{""mesh"":""mesh_root"",""effect"":""""}",mantuoluo2normal1_root,Mantuoluo2_jiao,,normal1Tips31,RuodianIcon_hide,,,dead wp,0,1,1,1
bossdajie13Cike4wp01,,1,9999999,3,1,1,-1,-1,5,,wp_body,"[""ruodian01_box1""]",ruodian_tishi,ruodian,"{""mesh"":""mesh_body"",""effect"":""""}",,,"{""mesh"":""mesh_body"",""effect"":""""}",,,,normal1Tips31,RuodianIcon_hide,,"{""mesh"":""mesh_body"",""effect"":""""}",dead wp,1,1,1,0
bossdajie13Cike4wp02,bossdajie13Cike4wp02,0,3000,2,1,1,-1,-1,0,,wp_shell,"[""ruodian02_box1""]",ruodian_tishi,ruodian,"{""mesh"":""mesh_shell"",""effect"":""""}",huocike4hide_shell,Cike4_xiong_d,"{""mesh"":""mesh_shell"",""effect"":""""}",huocike4normal1_shell,Cike4_xiong,,normal1Tips31,RuodianIcon_hide,,,dead wp,0,1,1,0.8
bossdajie14Piying5wp01,,1,9999999,3,1,1,-1,-1,5,,wp_body,"[""ruodian01_box1""]",ruodian_tishi,ruodian,"{""mesh"":""mesh_body"",""effect"":""""}",,,"{""mesh"":""mesh_body"",""effect"":""""}",,,,normal1Tips31,RuodianIcon_hide,,"{""mesh"":""mesh_body"",""effect"":""""}",dead wp,1,1,1,0
bossdajie14Piying5wp02,wpName41,0,500,2,1,1,-1,-1,1,,wp_lbody,"[""ruodian02_box1""]",ruodian_tishi,ruodian,"{""mesh"":""mesh_lbody"",""effect"":""""}",piying5hide_lbody,Piying5_shou1_d,"{""mesh"":""mesh_lbody"",""effect"":""""}",piying5normal1_lbody,Piying5_shou1,,normal1Tips31,RuodianIcon_hide,,,dead wp,0,1,1,0.8
bossdajie14Piying5wp03,wpName42,0,500,2,1,1,-1,-1,1,,wp_rbody,"[""ruodian03_box1""]",ruodian_tishi,ruodian,"{""mesh"":""mesh_rbody"",""effect"":""""}",piying5hide_rbody,Piying5_shou1_d,"{""mesh"":""mesh_rbody"",""effect"":""""}",piying5normal1_rbody,Piying5_shou1,,normal1Tips31,RuodianIcon_hide,,,dead wp,0,-1,1,0.8
bossdajie14Piying5wp04,wpName43,1,9999999,2,2,2,-1,-1,3,,wp_head,"[""ruodian04_box1""]",ruodian_tishi,ruodian,"{""mesh"":""mesh_head"",""effect"":""""}",piying5hide_head,Piying5_tou_d,"{""mesh"":""mesh_head"",""effect"":""""}",piying5normal1_head,Piying5_tou,,normal1Tips31,RuodianIcon_hide,,"{""mesh"":""mesh_head"",""effect"":""""}",dead wp,0,1,1,0
bossdajie15Langren3wp01,,1,9999999,3,1,1,-1,-1,5,,wp_body,"[""ruodian01_box1""]",ruodian_tishi,ruodian,"{""mesh"":""mesh_body"",""effect"":""""}",,,"{""mesh"":""mesh_body"",""effect"":""""}",,,,normal1Tips31,RuodianIcon_hide,,"{""mesh"":""mesh_body"",""effect"":""""}",dead wp,1,1,1,0
bossdajie15Langren3wp02,wpName38,0,150,2,1,1,-1,-1,0,,wp_lcuff,"[""ruodian02_box1""]",ruodian_tishi,ruodian,"{""mesh"":""mesh_lcuff"",""effect"":""""}",langren3hide_lcuff,Langren3_shou1_d,"{""mesh"":""mesh_lcuff"",""effect"":""""}",langren3normal1_lcuff,Langren3_shou1,,normal1Tips31,RuodianIcon_hide,,,dead wp,0,-1,1,0.8
bossdajie15Langren3wp03,wpName39,0,150,2,1,1,-1,-1,0,,wp_rcuff,"[""ruodian03_box1""]",ruodian_tishi,ruodian,"{""mesh"":""mesh_rcuff"",""effect"":""""}",langren3hide_rcuff,Langren3_shou1_d,"{""mesh"":""mesh_rcuff"",""effect"":""""}",langren3normal1_rcuff,Langren3_shou1,,normal1Tips31,RuodianIcon_hide,,,dead wp,0,1,1,0.8
bossdajie16Zouyincao2wp01,,1,9999999,3,1,1,-1,-1,5,,wp_body,"[""ruodian01_box1""]",ruodian_tishi,ruodian,"{""mesh"":""mesh_body"",""effect"":""""}",,,"{""mesh"":""mesh_body"",""effect"":""""}",,,,normal1Tips31,RuodianIcon_hide,"{""mesh"":""mesh_body"",""effect"":""""}","{""mesh"":""mesh_body"",""effect"":""""}",dead wp,1,1,1,0
bossdajie16Zouyincao2wp02,wpName49,1,9999999,2,2,1,-1,-1,3,,wp_trumpet,"[""ruodian02_box1""]",ruodian_tishi,ruodian,"{""mesh"":""mesh_trumpet"",""effect"":""""}",zouyincao2hide_trumpet,Zouyincao2_laba_d,"{""mesh"":""mesh_trumpet"",""effect"":""""}",zouyincao2normal1_trumpet,Zouyincao2_laba,,normal1Tips31,RuodianIcon_hide,"{""mesh"":""mesh_trumpet"",""effect"":""""}","{""mesh"":""mesh_trumpet"",""effect"":""""}",dead wp,0,1,1,1
bossdajie16Zouyincao2wp03,bossdajie16Zouyincao2wp03,0,2000,2,1,1,-1,-1,0,,wp_yinfu1,"[""ruodian03_box1""]",ruodian_tishi,ruodian,"{""mesh"":""yinfu1"",""effect"":""""}",zouyincao2hide_yinfu1,Zouyincao2_yinfu_d,"{""mesh"":""yinfu1"",""effect"":""""}",zouyincao2normal1_yinfu1,Zouyincao2_yinfu,,normal1Tips31,RuodianIcon_hide,,,dead wp,3,-1,1,1
bossdajie16Zouyincao2wp04,,1,9999999,3,0.00001,1,-1,-1,5,,wp_body1,"[""ruodian04_box1""]",ruodian_tishi,ruodian,"{""mesh"":""mesh_body"",""effect"":""""}",,,"{""mesh"":""mesh_body"",""effect"":""""}",,,,normal1Tips31,RuodianIcon_hide,"{""mesh"":""mesh_body"",""effect"":""""}","{""mesh"":""mesh_body"",""effect"":""""}",dead wp,3,1,1,0
bossdajie17Huapo2wp01,,1,9999999,3,1,1,-1,-1,5,,wp_body,"[""ruodian01_box1""]",ruodian_tishi,ruodian,"{""mesh"":""mesh_body"",""effect"":""""}",,,"{""mesh"":""mesh_body"",""effect"":""""}",,,,normal1Tips31,RuodianIcon_hide,,"{""mesh"":""mesh_body"",""effect"":""""}",dead wp,1,1,1,0
bossdajie17Huapo2wp02,wpName45,0,800,2,1,1,-1,-1,0,,wp_flower,"[""ruodian02_box1""]",ruodian_tishi,ruodian,"{""mesh"":""mesh_flower"",""effect"":""""}",huapo2hide_flower,Huapo2_hua_d,"{""mesh"":""mesh_flower"",""effect"":""""}",huapo2normal1_flower,Huapo2_hua,,normal1Tips31,RuodianIcon_hide,,,dead wp,0,1,1,1.8
bossdajie16Xiaochou3wp01,,1,9999999,3,1,1,-1,-1,5,,wp_body,"[""ruodian01_box1""]",ruodian_tishi,ruodian,"{""mesh"":""mesh_body"",""effect"":""""}",,,"{""mesh"":""mesh_body"",""effect"":""""}",,,,normal1Tips31,RuodianIcon_hide,,"{""mesh"":""mesh_body"",""effect"":""""}",dead wp,1,1,1,0
bossdajie16Xiaochou3wp02,wpName47,0,1800,2,1,1,-1,-1,0,,wp_weapon,"[""ruodian02_box1"",""ruodian02_box2""]",ruodian_tishi,ruodian,"{""mesh"":""mesh_weapon"",""effect"":""""}",xiaochou3hide_weapon,Xiaochou3_shou_d,"{""mesh"":""mesh_weapon"",""effect"":""""}",xiaochou3normal1_weapon,Xiaochou3_shou,,normal1Tips31,RuodianIcon_hide,,,dead wp,0,1,1,0.8
bossdajie18Ladong5wp01,,1,999999,3,1,1,-1,-1,5,,wp_body,"[""ruodian01_box1""]",ruodian_tishi,ruodian,"{""mesh"":""mesh_body"",""effect"":""""}",,,"{""mesh"":""mesh_body"",""effect"":""""}",,,"{""mesh"":""mesh_body"",""effect"":""""}",normal1Tips31,RuodianIcon_hide,"{""mesh"":""mesh_body"",""effect"":""""}",,dead wp,1,1,1,0
bossdajie18Ladong5wp02,bossdajie18Ladong5wp02,1,999999,2,1,1,-1,-1,3,,wp_head,"[""ruodian02_box1""]",ruodian_tishi,ruodian,,ladong5hide_head,RuodianIcon_hide,,ladong5normal_head,Ladong5_tou,,normal1Tips31,RuodianIcon_hide,,,dead wp,0,1,1,0
bossdajie18Ladong5wp03,bossdajie18Ladong5wp03,0,9999,2,2,1,-1,-1,2,,wp_cgoldenapple,"[""ruodian03_box1""]",ruodian_tishi,ruodian,"{""mesh"":""mesh_cgoldenapple"",""effect"":""""}",ladong5hide_appleshell,RuodianIcon_hide,"{""mesh"":""mesh_cgoldenapple"",""effect"":""""}",ladong5normal_appleshell,Ladong5_jinpingguo,"{""mesh"":""mesh_cgoldenapple"",""effect"":""""}",normal1Tips31,RuodianIcon_hide,"{""mesh"":""mesh_cgoldenapple"",""effect"":""""}",,dead wp,3,1,1,0
bossdajie18Ladong5wp04,bossdajie18Ladong5wp04,0,9999,2,2,1,-1,-1,0,,wp_goldenapple,"[""ruodian04_box1""]",ruodian_tishi,ruodian,"{""mesh"":""mesh_goldenapple"",""effect"":""""}",ladong5hide_cgoldenapple,RuodianIcon_hide,"{""mesh"":""mesh_goldenapple"",""effect"":""""}",ladong5normal_cgoldenapple,Ladong5_jinpingguo,"{""mesh"":""mesh_goldenapple"",""effect"":""""}",normal1Tips31,RuodianIcon_hide,"{""mesh"":""mesh_goldenapple"",""effect"":""""}",,dead wp,3,1,1,0
bossxiaoxiang21Wushi4wp01,,1,9999999,3,1,1,-1,-1,5,,wp_body,"[""ruodian01_box1""]",ruodian_tishi,ruodian,"{""mesh"":""mesh_body"",""effect"":""""}",,,"{""mesh"":""mesh_body"",""effect"":""""}",,,,normal1Tips31,RuodianIcon_hide,,"{""mesh"":""mesh_body"",""effect"":""""}",dead wp,1,1,1,0
bossxiaoxiang21Wushi4wp02,wpName51,1,9999999,2,1.5,1.5,-1,-1,3,,wp_horn,"[""ruodian02_box1""]",ruodian_tishi,ruodian,"{""mesh"":""mesh_horn"",""effect"":""""}",wushi4hide_horn,Wushi4_tou_d,"{""mesh"":""mesh_horn"",""effect"":""""}",wushi4normal1_horn,Wushi4_tou,,normal1Tips31,RuodianIcon_hide,,"{""mesh"":""mesh_horn"",""effect"":""""}",dead wp,0,1,1,0
bossxiaoxiang21Wushi4wp03,wpName52,0,3000,2,1,1,-1,-1,0,,wp_ball,"[""ruodian03_box1""]",ruodian_tishi,ruodian,"{""mesh"":""mesh_ball"",""effect"":""""}",wushi4hide_ball,Wushi4_wuqi_d,"{""mesh"":""mesh_ball"",""effect"":""""}",wushi4normal1_ball,Wushi4_wuqi,,normal1Tips31,RuodianIcon_hide,,,dead wp,0,1,1,0.8
bossxiaoxiang22Xiyiren2wp01,,1,9999999,3,1,1,-1,-1,5,,wp_body,"[""ruodian01_box1""]",ruodian_tishi,ruodian,"{""mesh"":""mesh_body"",""effect"":""""}",,,"{""mesh"":""mesh_body"",""effect"":""""}",,,,normal1Tips31,RuodianIcon_hide,,"{""mesh"":""mesh_body"",""effect"":""""}",dead wp,1,1,1,0
bossxiaoxiang22Xiyiren2wp02,wpName54,1,9999999,2,4,4,-1,-1,3,,wp_rhand,"[""ruodian02_box1""]",ruodian_tishi,ruodian,"{""mesh"":""mesh_rhand"",""effect"":""""}",xiyiren2hide_hand,Xiyiren2_shou_d,,xiyiren2normal1_hand,Xiyiren2_shou,,normal1Tips31,RuodianIcon_hide,,,dead wp,3,1,1,0
bossxiaoxiang22Xiyiren2wp03,wpName55,0,3000,2,1,1,-1,-1,2,,wp_claw,"[""ruodian03_box1""]",ruodian_tishi,ruodian,"{""mesh"":""mesh_claw"",""effect"":""""}",xiyiren2hide_claw,Xiyiren2_zhua_d,"{""mesh"":""mesh_claw"",""effect"":""""}",xiyiren2normal1_claw,Xiyiren2_zhua,,normal1Tips31,RuodianIcon_hide,,,dead wp,0,1,1,0.03
bossxiaoxiang23Panshen2wp01,,1,9999999,3,1,1,-1,-1,5,,wp_body,"[""ruodian01_box1""]",ruodian_tishi,ruodian,"{""mesh"":""mesh_body"",""effect"":""""}",,,"{""mesh"":""mesh_body"",""effect"":""""}",,,,normal1Tips31,RuodianIcon_hide,,"{""mesh"":""mesh_body"",""effect"":""""}",dead wp,1,1,1,0
bossxiaoxiang23Panshen2wp02,wpName57,1,9999999,2,2.5,2.5,-1,-1,3,,wp_flower,"[""ruodian02_box1""]",ruodian_tishi,ruodian,"{""mesh"":""mesh_flower"",""effect"":""""}",panshen2hide_eye,Panshen2_hua_d,"{""mesh"":""mesh_flower"",""effect"":""""}",panshen2normal1_eye,Panshen2_hua,,normal1Tips31,RuodianIcon_hide,,,dead wp,0,1,1,0
bossxiaoxiang24Shuigui3wp01,,1,9999999,3,1,1,-1,-1,5,,wp_body,"[""ruodian01_box1""]",ruodian_tishi,ruodian,"{""mesh"":""mesh_body"",""effect"":""""}",,,"{""mesh"":""mesh_body"",""effect"":""""}",,,,normal1Tips31,xiong,,"{""mesh"":""mesh_body"",""effect"":""""}",dead wp,1,1,1,0
bossxiaoxiang24Shuigui3wp02,wpName59,0,2700,2,1,1,-1,-1,1,,wp_box,"[""ruodian02_box1""]",ruodian_tishi,ruodian,"{""mesh"":""mesh_box"",""effect"":""""}",shuigui3hide_box,Shuigui3_baoxiang_d,"{""mesh"":""mesh_box"",""effect"":""""}",shuigui3normal1_box,Shuigui3_baoxiang,,normal1Tips31,baoxiang,,,dead wp,0,1,1,0.8
bossxiaoxiang24Shuigui3wp03,wpName60,1,9999999,2,3,3,-1,-1,3,,wp_skull,"[""ruodian05_box1""]",ruodian_tishi,ruodian,,shuigui3hide_skull,Shuigui3_touding_d,,shuigui3normal1_skull,Shuigui3_touding,,normal1Tips31,jiao,,,dead wp,3,1,1,0
bossxiaoxiang24Shuigui3wp04,wpName61,0,3700,2,1,1,-1,-1,2,,wp_bird,"[""ruodian04_box1""]",ruodian_tishi,ruodian,"{""mesh"":""mesh_bird"",""effect"":""""}",shuigui3hide_bird,Shuigui3_wuya_d,"{""mesh"":""mesh_bird"",""effect"":""""}",shuigui3normal1_bird,Shuigui3_wuya,,normal1Tips31,niao,,,dead wp,0,1,1,0.027
bossxiaoxiang25Kairuisi5wp01,,1,9999999,3,1,1,-1,-1,5,,wp_body,"[""ruodian01_box1""]",ruodian_tishi,ruodian,"{""mesh"":""mesh_body"",""effect"":""""}",,,"{""mesh"":""mesh_body"",""effect"":""""}",,,,normal1Tips31,RuodianIcon_hide,,"{""mesh"":""mesh_body"",""effect"":""""}",dead wp,1,1,1,0
bossxiaoxiang25Kairuisi5wp02,wpName63,1,9999999,2,1.5,1.5,-1,-1,3,,wp_head,"[""ruodian02_box1""]",ruodian_tishi,ruodian,,kairuisi5hide_head,Kairuisi5_tou_d,,kairuisi5normal1_head,Kairuisi5_tou,,normal1Tips31,RuodianIcon_hide,,,dead wp,0,1,1,0
bossxiaoxiang25Kairuisi5wp03,wpName64,0,3500,2,1,1,-1,-1,0,,wp_weapon,"[""ruodian03_box1""]",ruodian_tishi,ruodian,"{""mesh"":""mesh_weapon"",""effect"":""""}",kairuisi5hide_weapon,Kairuisi5_wuqi_d,"{""mesh"":""mesh_weapon"",""effect"":""""}",kairuisi5normal1_weapon,Kairuisi5_wuqi,,normal1Tips31,RuodianIcon_hide,,,dead wp,0,1,1,0.8
bossxiaoxiang26Longgongtongzi3wp01,,1,9999999,3,1,1,-1,-1,5,,wp_body,"[""ruodian01_box1""]",ruodian_tishi,ruodian,"{""mesh"":""mesh_body"",""effect"":""""}",,,"{""mesh"":""mesh_body"",""effect"":""""}",,,,normal1Tips31,RuodianIcon_hide,,"{""mesh"":""mesh_body"",""effect"":""""}",dead wp,1,1,1,0
bossxiaoxiang26Longgongtongzi3wp02,wpName66,1,9999999,2,2,2,-1,-1,3,,wp_head,"[""ruodian02_box1""]",ruodian_tishi,ruodian,"{""mesh"":""mesh_head"",""effect"":""""}",longgongtongzi3hide_head,Longgongtongzi3_tou_d,"{""mesh"":""mesh_head"",""effect"":""""}",longgongtongzi3normal1_head,Longgongtongzi3_tou,,normal1Tips31,RuodianIcon_hide,,"{""mesh"":""mesh_head"",""effect"":""""}",dead wp,0,1,1,0
bossxiaoxiang26Longgongtongzi3wp03,wpName67,0,3500,2,1,1,-1,-1,0,,wp_ball,"[""ruodian03_box1"",""ruodian03_box2""]",ruodian_tishi,ruodian,"{""mesh"":""mesh_ball"",""effect"":""""}",longgongtongzi3hide_ball,Longgongtongzi3_qiu_d,"{""mesh"":""mesh_ball"",""effect"":""""}",longgongtongzi3normal1_ball,Longgongtongzi3_qiu,,normal1Tips31,RuodianIcon_hide,,,dead wp,0,1,1,0.8
bossxiaoxiang27Hetong2wp01,wpName68,1,9999999,3,1,1,-1,-1,5,,wp_head,"[""ruodian01_box1""]",ruodian_tishi,ruodian,"{""mesh"":""mesh_head"",""effect"":""""}",,,"{""mesh"":""mesh_head"",""effect"":""""}",hetong2normal1_body,,,normal1Tips31,RuodianIcon_hide,,"{""mesh"":""mesh_head"",""effect"":""""}",dead wp,1,1,1,0
bossxiaoxiang27Hetong2wp02,wpName69,1,9999999,2,2,2,-1,-1,3,,wp_skull,"[""ruodian02_box1""]",ruodian_tishi,ruodian,"{""mesh"":""mesh_head"",""effect"":""""}",hetong2hide_head,Hetong2_tou_d,"{""mesh"":""mesh_head"",""effect"":""""}",hetong2normal1_head,Hetong2_tou,,normal1Tips31,RuodianIcon_hide,,"{""mesh"":""mesh_head"",""effect"":""""}",dead wp,0,1,1,0
bossxiaoxiang27Hetong2wp03,wpName70,0,7000,2,1,1,-1,-1,0,,wp_scarf,"[""ruodian03_box1""]",ruodian_tishi,ruodian,"{""mesh"":""mesh_scarf"",""effect"":""""}",hetong2hide_scarf,Hetong2_weijin_d,"{""mesh"":""mesh_scarf"",""effect"":""""}",hetong2normal1_scarf,Hetong2_weijin,,normal1Tips31,RuodianIcon_hide,,,dead wp,0,1,1,0.014
bossxiaoxiang28Muling2wp01,,1,9999999,3,0.0001,1,-1,-1,4,,wp_body,"[""ruodian01_box1""]",ruodian_tishi,ruodian,"{""mesh"":""mesh_body"",""effect"":""""}",,,"{""mesh"":""mesh_body"",""effect"":""""}",,,,normal1Tips31,RuodianIcon_hide,,"{""mesh"":""mesh_body"",""effect"":""""}",dead wp,1,1,1,0
bossxiaoxiang28Muling2wp02,wpName72,1,9999999,2,1,1,-1,-1,3,,wp_child3,"[""ruodian06_box1""]",ruodian_tishi,ruodian,"{""mesh"":""mesh_child1"",""effect"":""""}",,RuodianIcon_hide,"{""mesh"":""mesh_child1"",""effect"":""""}",muling2normal1_child1,Muling2_xiaoren,,normal1Tips31,RuodianIcon_hide,,,dead wp,3,1,1,0
bossxiaoxiang28Muling2wp03,wpName73,0,2000,2,1,1,-1,-1,2,,wp_hole1,"[""ruodian03_box1""]",ruodian_tishi,ruodian,"{""mesh"":""mesh_hole1"",""effect"":""""}",muling2hide_hole1,RuodianIcon_hide,"{""mesh"":""mesh_hole1"",""effect"":""""}",muling2normal1_hole1,Muling2_shudong,,normal1Tips31,RuodianIcon_hide,,,dead wp,0,1,1,0.05
bossxiaoxiang28Muling2wp04,wpName74,1,9999999,2,1,1,-1,-1,3,,wp_child1,"[""ruodian02_box1""]",ruodian_tishi,ruodian,"{""mesh"":""mesh_child2"",""effect"":""""}",,RuodianIcon_hide,"{""mesh"":""mesh_child2"",""effect"":""""}",muling2normal1_child2,Muling2_xiaoren,,normal1Tips31,RuodianIcon_hide,,,dead wp,3,1,1,0
bossxiaoxiang28Muling2wp05,wpName75,0,2000,2,1,1,-1,-1,2,,wp_hole2,"[""ruodian05_box1""]",ruodian_tishi,ruodian,"{""mesh"":""mesh_hole2"",""effect"":""""}",muling2hide_hole2,RuodianIcon_hide,"{""mesh"":""mesh_hole2"",""effect"":""""}",muling2normal1_hole2,Muling2_shudong,,normal1Tips31,RuodianIcon_hide,,,dead wp,0,1,1,0.05
bossxiaoxiang28Muling2wp06,wpName76,1,9999999,2,1,1,-1,-1,3,,wp_child2,"[""ruodian04_box1""]",ruodian_tishi,ruodian,"{""mesh"":""mesh_child3"",""effect"":""""}",,RuodianIcon_hide,"{""mesh"":""mesh_child3"",""effect"":""""}",muling2normal1_child3,Muling2_xiaoren,,normal1Tips31,RuodianIcon_hide,,,dead wp,3,1,1,0
bossxiaoxiang28Muling2wp07,wpName77,0,2000,2,1,1,-1,-1,2,,wp_hole3,"[""ruodian07_box1""]",ruodian_tishi,ruodian,"{""mesh"":""mesh_hole3"",""effect"":""""}",muling2hide_hole3,RuodianIcon_hide,"{""mesh"":""mesh_hole3"",""effect"":""""}",muling2normal1_hole3,Muling2_shudong,,normal1Tips31,RuodianIcon_hide,,,dead wp,0,1,1,0.05
bosssenlin31Wendige2wp01,,1,9999999,3,1,1,-1,-1,5,,wp_body,"[""ruodian01_box1""]",ruodian_tishi,ruodian,"{""mesh"":""mesh_body"",""effect"":""""}",,,"{""mesh"":""mesh_body"",""effect"":""""}",,,,normal1Tips31,RuodianIcon_hide,,,dead wp,1,1,1,0
bosssenlin31Wendige2wp02,bosssenlin31Wendige2wp02,0,4000,2,1,1,-1,-1,0,,wp_lhorn,"[""ruodian02_box1""]",ruodian_tishi,ruodian,"{""mesh"":""mesh_lhorn"",""effect"":""""}",wendige2hide_lhorn,Wendige2_jiao_d,"{""mesh"":""mesh_lhorn"",""effect"":""""}",wendige2normal1_lhorn,Wendige2_jiao,,normal1Tips31,RuodianIcon_hide,,,dead wp,0,-1,1,1
bosssenlin31Wendige2wp03,bosssenlin31Wendige2wp03,0,4000,2,1,1,-1,-1,0,,wp_rhorn,"[""ruodian03_box1""]",ruodian_tishi,ruodian,"{""mesh"":""mesh_rhorn"",""effect"":""""}",wendige2hide_rhorn,Wendige2_jiao_d,"{""mesh"":""mesh_rhorn"",""effect"":""""}",wendige2normal1_rhorn,Wendige2_jiao,,normal1Tips31,RuodianIcon_hide,,,dead wp,0,1,1,1
bosssenlin32Longnv3wp01,,1,9999999,3,1,1,-1,-1,5,,wp_body,"[""ruodian01_box1""]",ruodian_tishi,ruodian,"{""mesh"":""mesh_body"",""effect"":""""}",,,"{""mesh"":""mesh_body"",""effect"":""""}",,,,normal1Tips31,RuodianIcon_hide,,,dead wp,1,1,1,0
bosssenlin32Longnv3wp02,bosssenlin32Longnv3wp02,1,9999999,2,1.3,1.3,-1,-1,3,,wp_head,"[""ruodian02_box1""]",ruodian_tishi,ruodian,"{""mesh"":""mesh_head"",""effect"":""""}",longnv3hide_head,Longnv3_tou_d,"{""mesh"":""mesh_head"",""effect"":""""}",longnv3normal1_head,Longnv3_tou,,normal1Tips31,RuodianIcon_hide,,,dead wp,0,1,1,0
bosssenlin32Longnv3wp03,bosssenlin32Longnv3wp03,0,1,2,1,1,-1,-1,0,,wp_fuwen1,"[""ruodian03_box1""]",ruodian_tishi,ruodian,"{""mesh"":""wp_fuwen1"",""effect"":""""}",longnv3hide_lingyin1,RuodianIcon_hide,"{""mesh"":""wp_fuwen1"",""effect"":""""}",longnv3normal1_lingyin1,Longnv3_wuqi,,normal1Tips31,RuodianIcon_hide,,,dead wp,3,1,1,100
bosssenlin32Longnv3wp04,bosssenlin32Longnv3wp04,0,1,2,1,1,-1,-1,0,,wp_fuwen2,"[""ruodian04_box1""]",ruodian_tishi,ruodian,"{""mesh"":""wp_fuwen2"",""effect"":""""}",longnv3hide_lingyin2,RuodianIcon_hide,"{""mesh"":""wp_fuwen2"",""effect"":""""}",longnv3normal1_lingyin2,Longnv3_wuqi,,normal1Tips31,RuodianIcon_hide,,,dead wp,3,1,1,100
bosssenlin33Luoxinfu5wp01,,1,9999999,3,1,1,-1,-1,5,,wp_body,"[""ruodian01_box1""]",ruodian_tishi,ruodian,"{""mesh"":""mesh_body"",""effect"":""""}",,,"{""mesh"":""mesh_body"",""effect"":""""}",,,,normal1Tips31,RuodianIcon_hide,,,dead wp,1,1,1,0
bosssenlin33Luoxinfu5wp02,bosssenlin33Luoxinfu5wp02,0,3000,2,1,1,-1,-1,0,,wp_leg6,"[""ruodian07_box1""]",ruodian_tishi,ruodian,"{""mesh"":""mesh_leg6"",""effect"":""""}",luoxinfu5hide_leg6,Luoxinfu5_jiao2_d,"{""mesh"":""mesh_leg6"",""effect"":""""}",luoxinfu5normal1_leg6,Luoxinfu5_jiao,,normal1Tips31,RuodianIcon_hide,,,dead wp,0,-1,1,1
bosssenlin33Luoxinfu5wp03,bosssenlin33Luoxinfu5wp03,0,3000,2,1,1,-1,-1,0,,wp_leg5,"[""ruodian06_box1""]",ruodian_tishi,ruodian,"{""mesh"":""mesh_leg5"",""effect"":""""}",luoxinfu5hide_leg5,Luoxinfu5_jiao2_d,"{""mesh"":""mesh_leg5"",""effect"":""""}",luoxinfu5normal1_leg5,Luoxinfu5_jiao,,normal1Tips31,RuodianIcon_hide,,,dead wp,0,1,1,1
bosssenlin33Luoxinfu5wp04,bosssenlin33Luoxinfu5wp04,0,3000,2,1,1,-1,-1,0,,wp_leg1,"[""ruodian02_box1""]",ruodian_tishi,ruodian,"{""mesh"":""mesh_leg1"",""effect"":""""}",luoxinfu5hide_leg1,Luoxinfu5_jiao1_d,"{""mesh"":""mesh_leg1"",""effect"":""""}",luoxinfu5normal1_leg1,Luoxinfu5_jiao1,,normal1Tips31,RuodianIcon_hide,,,dead wp,0,1,1,1
bosssenlin33Luoxinfu5wp05,bosssenlin33Luoxinfu5wp05,0,3000,2,1,1,-1,-1,0,,wp_leg2,"[""ruodian03_box1""]",ruodian_tishi,ruodian,"{""mesh"":""mesh_leg2"",""effect"":""""}",luoxinfu5hide_leg2,Luoxinfu5_jiao1_d,"{""mesh"":""mesh_leg2"",""effect"":""""}",luoxinfu5normal1_leg2,Luoxinfu5_jiao1,,normal1Tips31,RuodianIcon_hide,,,dead wp,0,-1,1,1
bosssenlin34Amute3wp01,,1,999999,3,1,1,-1,-1,4,,wp_body,"[""ruodian03_box1""]",ruodian_tishi,ruodian,"{""mesh"":""mesh_body"",""effect"":""""}",,,"{""mesh"":""mesh_body"",""effect"":""""}",,,,normal1Tips24,RuodianIcon_hide,"{""mesh"":""mesh_body"",""effect"":""""}","{""mesh"":""mesh_body"",""effect"":""""}",dead wp,1,1,1,0
bosssenlin34Amute3wp02,bosssenlin34Amute3wp02,1,999999,2,2.5,2.5,-1,-1,3,,wp_head,"[""ruodian02_box1""]",ruodian_tishi,ruodian,"{""mesh"":""mesh_head"",""effect"":""""}",amutehide_lian,Amute3_tou1_d,"{""mesh"":""mesh_head"",""effect"":""""}",amutenormal1_lian,Amute3_tou1,,normal1Tips23,RuodianIcon_hide,"{""mesh"":""mesh_head"",""effect"":""""}","{""mesh"":""mesh_head"",""effect"":""""}",dead wp,3,1,1,0
bosssenlin34Amute3wp03,bosssenlin34Amute3wp03,0,5000,2,1,1,-1,-1,2,,wp_mask,"[""ruodian01_box1""]",ruodian_tishi,ruodian,"{""mesh"":""mesh_mask"",""effect"":""""}",amutehide_mianju,Amute3_tou_d,"{""mesh"":""mesh_mask"",""effect"":""""}",amutenormal1_mianju,Amute3_tou,,normal1Tips25,RuodianIcon_hide,,,dead wp,0,1,1,0.02
bosssenlin35Xiaochou2wp01,,1,999999,3,1,1,-1,-1,5,,wp_body,"[""ruodian01_box1""]",ruodian_tishi,ruodian,"{""mesh"":""mesh_body"",""effect"":""""}",,,"{""mesh"":""mesh_body"",""effect"":""""}",,,,normal1Tips31,RuodianIcon_hide,,,dead wp,1,1,1,0
bosssenlin35Xiaochou2wp02,bosssenlin35Xiaochou2wp02,0,5000,2,1,1,-1,-1,0,,wp_weapon,"[""ruodian02_box1""]",ruodian_tishi,ruodian,"{""mesh"":""mesh_weapon"",""effect"":""""}",xiaochou2hide_weapon,Xiaochou3_shou_d,"{""mesh"":""mesh_weapon"",""effect"":""""}",xiaochou2normal1_weapon,Xiaochou2_wuqi,,normal1Tips31,RuodianIcon_hide,,,dead wp,0,1,1,0.8
bosssenlin36Momo1wp01,,1,999999,3,1,1,-1,-1,5,,wp_body,"[""ruodian01_box1""]",ruodian_tishi,ruodian,"{""mesh"":""mesh_body"",""effect"":""""}",,,"{""mesh"":""mesh_body"",""effect"":""""}",,,,normal1Tips31,RuodianIcon_hide,,,dead wp,1,1,1,0
bosssenlin36Momo1wp02,bosssenlin36Momo1wp02,0,5000,2,1,1,-1,-1,0,,wp_wuding,"[""ruodian02_box1""]",ruodian_tishi,ruodian,"{""mesh"":""momo_wuding"",""effect"":""""}",momo1hide_dun,RuodianIcon_hide,"{""mesh"":""momo_wuding"",""effect"":""""}",momo1normal1_dun,Momo1_wuqi,,normal1Tips31,RuodianIcon_hide,,,dead wp,0,1,1,0.8
bosssenlin37Hapi1wp01,,1,999999,3,1,1,-1,-1,5,,wp_body,"[""ruodian01_box1""]",ruodian_tishi,ruodian,"{""mesh"":""mesh_body"",""effect"":""""}",,,"{""mesh"":""mesh_body"",""effect"":""""}",,,,normal1Tips31,RuodianIcon_hide,,,dead wp,1,1,1,0
bosssenlin37Hapi1wp02,bosssenlin37Hapi1wp02,0,4500,2,1,1,-1,-1,2,,wp_lwing,"[""ruodian02_box1""]",ruodian_tishi,ruodian,"{""mesh"":""mesh_lwing"",""effect"":""""}",hapi1hide_lwing,Hapi1_chibang_d,"{""mesh"":""mesh_lwing"",""effect"":""""}",hapi1normal_lwing,Hapi1_chibang,,normal1Tips31,RuodianIcon_hide,,,dead wp,0,-1,1,1
bosssenlin37Hapi1wp03,bosssenlin37Hapi1wp03,0,4500,2,1,1,-1,-1,2,,wp_rwing,"[""ruodian03_box1""]",ruodian_tishi,ruodian,"{""mesh"":""mesh_rwing"",""effect"":""""}",hapi1hide_rwing,Hapi1_chibang_d,"{""mesh"":""mesh_rwing"",""effect"":""""}",hapi1normal_rwing,Hapi1_chibang,,normal1Tips31,RuodianIcon_hide,,,dead wp,0,1,1,1
bosshuoshan41Hongniu4wp01,,1,999999,3,1,1,-1,-1,5,,wp_body,"[""ruodian01_box1""]",ruodian_tishi,ruodian,"{""mesh"":""mes_body"",""effect"":""""}",,,"{""mesh"":""mes_body"",""effect"":""""}",,,,normal1Tips31,RuodianIcon_hide,,,dead wp,1,1,1,0
bosshuoshan41Hongniu4wp02,bosshuoshan41Hongniu4wp02,0,5000,2,1,1,-1,-1,2,,wp_lhorn,"[""ruodian02_box1""]",ruodian_tishi,ruodian,"{""mesh"":""mesh_lhorn"",""effect"":""""}",hongniu4hide_lhorn,Hongniu4_jiao_d,"{""mesh"":""mesh_lhorn"",""effect"":""""}",hongniu4normal_lhorn,Hongniu4_jiao,,normal1Tips31,RuodianIcon_hide,,,dead wp,0,-1,1,1
bosshuoshan41Hongniu4wp03,bosshuoshan41Hongniu4wp03,0,5000,2,1,1,-1,-1,2,,wp_rhorn,"[""ruodian03_box1""]",ruodian_tishi,ruodian,"{""mesh"":""mesh_rhorn"",""effect"":""""}",hongniu4hide_rhorn,Hongniu4_jiao_d,"{""mesh"":""mesh_rhorn"",""effect"":""""}",hongniu4normal_rhorn,Hongniu4_jiao,,normal1Tips31,RuodianIcon_hide,,,dead wp,0,1,1,1
bosshuoshan42Daochengsizhong4wp01,,1,999999,3,1,1,-1,-1,5,,wp_body,"[""ruodian01_box1""]",ruodian_tishi,ruodian,"{""mesh"":""mesh_body"",""effect"":""""}",,,"{""mesh"":""mesh_body"",""effect"":""""}",,,,normal1Tips31,RuodianIcon_hide,,,dead wp,1,1,1,0
bosshuoshan42Daochengsizhong4wp02,bosshuoshan42Daochengsizhong4wp02,0,5500,2,1,1,-1,-1,2,,wp_bell,"[""ruodian02_box1""]",ruodian_tishi,ruodian,"{""mesh"":""mesh_bell"",""effect"":""""}",daochengsizhong4hide_bell,Daochengsizhong4_wuqi_d,"{""mesh"":""mesh_bell"",""effect"":""""}",daochengsizhong4normal_bell,Daochengsizhong4_wuqi,,normal1Tips31,RuodianIcon_hide,,,dead wp,0,1,1,0.018
bosshuoshan42Daochengsizhong4wp03,bosshuoshan42Daochengsizhong4wp03,1,999999,2,3,3,-1,-1,3,,wp_heart,"[""ruodian03_box1""]",ruodian_tishi,ruodian,"{""mesh"":""mesh_heart"",""effect"":""""}",daochengsizhong4hide_heart,Anpusha5_xin_d,"{""mesh"":""mesh_heart"",""effect"":""""}",daochengsizhong4normal_heart,Daochengsizhong4_xin,,normal1Tips31,RuodianIcon_hide,,,dead wp,3,1,1,0
bosshuoshan43Huoniao4wp01,,1,999999,3,1,1,-1,-1,5,,wp_body,"[""ruodian01_box1""]",ruodian_tishi,ruodian,"{""mesh"":""mesh_body"",""effect"":""""}",,,"{""mesh"":""mesh_body"",""effect"":""""}",,,,normal1Tips31,RuodianIcon_hide,,,dead wp,1,1,1,0
bosshuoshan43Huoniao4wp02,bosshuoshan43Huoniao4wp02,0,4000,2,1,1,-1,-1,2,,wp_ltail,"[""ruodian02_box1""]",ruodian_tishi,ruodian,"{""mesh"":""mesh_ltail"",""effect"":""""}",huoniao4hide_ltail,Huoniao4_chibang2_d,"{""mesh"":""mesh_ltail"",""effect"":""""}",huoniao4normal_ltail,Huoniao4_chibang2,,normal1Tips31,RuodianIcon_hide,,,dead wp,0,-1,1,1
bosshuoshan43Huoniao4wp03,bosshuoshan43Huoniao4wp03,0,4000,2,1,1,-1,-1,2,,wp_mtail,"[""ruodian03_box1""]",ruodian_tishi,ruodian,"{""mesh"":""mesh_mtail"",""effect"":""""}",huoniao4hide_mtail,Huoniao4_chibang1_d,"{""mesh"":""mesh_mtail"",""effect"":""""}",huoniao4normal_mtail,Huoniao4_chibang1,,normal1Tips31,RuodianIcon_hide,,,dead wp,0,1,1,1
bosshuoshan43Huoniao4wp04,bosshuoshan43Huoniao4wp04,0,4000,2,1,1,-1,-1,2,,wp_rtail,"[""ruodian04_box1""]",ruodian_tishi,ruodian,"{""mesh"":""mesh_rtail"",""effect"":""""}",huoniao4hide_rtail,Huoniao4_chibang2_d,"{""mesh"":""mesh_rtail"",""effect"":""""}",huoniao4normal_rtail,Huoniao4_chibang2,,normal1Tips31,RuodianIcon_hide,,,dead wp,0,1,1,1
bosshuoshan44Datiangou4wp01,,1,999999,3,1,1,-1,-1,5,,wp_body,"[""ruodian01_box1""]",ruodian_tishi,ruodian,"{""mesh"":""mesh_body"",""effect"":""""}",,,"{""mesh"":""mesh_body"",""effect"":""""}",,,,normal1Tips31,RuodianIcon_hide,,,dead wp,1,1,1,0
bosshuoshan44Datiangou4wp02,bosshuoshan44Datiangou4wp02,0,5000,2,1,1,-1,-1,2,,wp_lwing,"[""ruodian02_box1""]",ruodian_tishi,ruodian,"{""mesh"":""mesh_lwing"",""effect"":""""}",datiangou4hide_lwing,Datiangou4_chibang_d,"{""mesh"":""mesh_lwing"",""effect"":""""}",datiangou4normal_lwing,Datiangou4_chibang,,normal1Tips31,RuodianIcon_hide,,,dead wp,0,-1,1,1
bosshuoshan44Datiangou4wp03,bosshuoshan44Datiangou4wp03,0,5000,2,1,1,-1,-1,2,,wp_rwing,"[""ruodian03_box1""]",ruodian_tishi,ruodian,"{""mesh"":""mesh_rwing"",""effect"":""""}",datiangou4hide_rwing,Datiangou4_chibang_d,"{""mesh"":""mesh_rwing"",""effect"":""""}",datiangou4normal_rwing,Datiangou4_chibang,,normal1Tips31,RuodianIcon_hide,,,dead wp,0,1,1,1
bosshuoshan44Datiangou4wp04,bosshuoshan44Datiangou4wp04,0,6000,2,1,1,-1,-1,2,,wp_fan,"[""ruodian04_box1""]",ruodian_tishi,ruodian,"{""mesh"":""mesh_fan"",""effect"":""""}",datiangou4hide_fun,RuodianIcon_hide,"{""mesh"":""mesh_fan"",""effect"":""""}",datiangou4normal_fun,Datiangou4_wuqi,,normal1Tips31,RuodianIcon_hide,,,dead wp,0,1,1,0.8
bosshuoshan45Saibulesi4wp01,,1,999999,3,1,1,-1,-1,5,,wp_body,"[""ruodian01_box1""]",ruodian_tishi,ruodian,"{""mesh"":""mesh_body"",""effect"":""""}",,,"{""mesh"":""mesh_body"",""effect"":""""}",,,,normal1Tips31,RuodianIcon_hide,,,dead wp,1,1,1,0
bosshuoshan45Saibulesi4wp02,bosshuoshan45Saibulesi4wp02,0,5000,2,1,1,-1,-1,2,,wp_lhead,"[""ruodian02_box1""]",ruodian_tishi,ruodian,"{""mesh"":""mesh_lhead"",""effect"":""""}",saibulesi4hide_lhead,Saibulesi4_tou_d,"{""mesh"":""mesh_lhead"",""effect"":""""}",saibulesi4normal_lhead,Saibulesi4_tou1,,normal1Tips31,RuodianIcon_hide,,,dead wp,0,1,1,0.8
bosshuoshan45Saibulesi4wp03,bosshuoshan45Saibulesi4wp03,0,5000,2,1,1,-1,-1,2,,wp_mhead,"[""ruodian03_box1""]",ruodian_tishi,ruodian,"{""mesh"":""mesh_mhead"",""effect"":""""}",saibulesi4hide_mhead,Saibulesi4_tou_d,"{""mesh"":""mesh_mhead"",""effect"":""""}",saibulesi4normal_mhead,Saibulesi4_tou,,normal1Tips31,RuodianIcon_hide,,,dead wp,0,1,1,0.8
bosshuoshan45Saibulesi4wp04,bosshuoshan45Saibulesi4wp04,0,5000,2,1,1,-1,-1,2,,wp_rhead,"[""ruodian04_box1""]",ruodian_tishi,ruodian,"{""mesh"":""mesh_rhead"",""effect"":""""}",saibulesi4hide_rhead,Saibulesi4_tou_d,"{""mesh"":""mesh_rhead"",""effect"":""""}",saibulesi4normal_rhead,Saibulesi4_tou1,,normal1Tips31,RuodianIcon_hide,,,dead wp,0,-1,1,0.8
bosshuoshan46Tianshizhang4wp01,,1,999999,3,1,1,-1,-1,5,,wp_body,"[""ruodian01_box1""]",ruodian_tishi,ruodian,"{""mesh"":""mesh_body"",""effect"":""""}",,,"{""mesh"":""mesh_body"",""effect"":""""}",,,,normal1Tips31,RuodianIcon_hide,,,dead wp,1,1,1,0
bosshuoshan46Tianshizhang4wp02,bosshuoshan46Tianshizhang4wp02,0,3500,2,1,1,-1,-1,2,,wp_lwing,"[""ruodian02_box1""]",ruodian_tishi,ruodian,"{""mesh"":""mesh_lwing"",""effect"":""""}",tianshizhang4hide_lwing,Tianshizhang4_chibang_d,"{""mesh"":""mesh_lwing"",""effect"":""""}",tianshizhang4normal_lwing,Tianshizhang4_chibang,,normal1Tips31,RuodianIcon_hide,,,dead wp,0,1,1,1
bosshuoshan46Tianshizhang4wp03,bosshuoshan46Tianshizhang4wp03,0,3500,2,1,1,-1,-1,2,,wp_rwing,"[""ruodian03_box1""]",ruodian_tishi,ruodian,"{""mesh"":""mesh_rwing"",""effect"":""""}",tianshizhang4hide_rwing,Tianshizhang4_chibang_d,"{""mesh"":""mesh_rwing"",""effect"":""""}",tianshizhang4normal_rwing,Tianshizhang4_chibang,,normal1Tips31,RuodianIcon_hide,,,dead wp,0,-1,1,1
bosshuoshan46Tianshizhang4wp04,bosshuoshan46Tianshizhang4wp04,0,4000,2,1,1,-1,-1,2,,wp_aura,"[""ruodian04_box1""]",ruodian_tishi,ruodian,"{""mesh"":""mesh_aura"",""effect"":""""}",tianshizhang4hide_aura,RuodianIcon_hide,"{""mesh"":""mesh_aura"",""effect"":""""}",tianshizhang4normal_aura,Tianshizhang4_guanghuan,,normal1Tips31,RuodianIcon_hide,,,dead wp,0,1,1,0.8
bosshuoshan46Tianshizhang4wp05,bosshuoshan46Tianshizhang4wp05,0,4000,2,1,1,-1,-1,2,,wp_weapon,"[""ruodian05_box1""]",ruodian_tishi,ruodian,"{""mesh"":""mesh_weapon"",""effect"":""""}",tianshizhang4hide_weapon,Tianshizhang4_wuqi_d,"{""mesh"":""mesh_weapon"",""effect"":""""}",tianshizhang4normal_weapon,Tianshizhang4_wuqi,,normal1Tips31,RuodianIcon_hide,,,dead wp,0,1,1,0.8
bosshuoshan47Ifrit4wp01,,1,999999,3,1,1,-1,-1,5,,wp_body,"[""ruodian01_box1""]",ruodian_tishi,ruodian,"{""mesh"":""mesh_body"",""effect"":""""}",,,"{""mesh"":""mesh_body"",""effect"":""""}",,,,normal1Tips31,RuodianIcon_hide,,,dead wp,1,1,1,0
bosshuoshan47Ifrit4wp02,bosshuoshan47Ifrit4wp02,0,4500,2,1,1,-1,-1,2,,wp_lleg,"[""ruodian03_box1""]",ruodian_tishi,ruodian,"{""mesh"":""mesh_lleg"",""effect"":""""}",ifrit4hide_lleg,Ifrit4_jiao_d,"{""mesh"":""mesh_lleg"",""effect"":""""}",ifrit4normal_lleg,Ifrit4_jiao,,normal1Tips31,RuodianIcon_hide,,,dead wp,0,-1,1,0.8
bosshuoshan47Ifrit4wp03,bosshuoshan47Ifrit4wp03,0,4500,2,1,1,-1,-1,2,,wp_rleg,"[""ruodian04_box1""]",ruodian_tishi,ruodian,"{""mesh"":""mesh_rleg"",""effect"":""""}",ifrit4hide_rleg,Ifrit4_jiao_d,"{""mesh"":""mesh_rleg"",""effect"":""""}",ifrit4normal_rleg,Ifrit4_jiao,,normal1Tips31,RuodianIcon_hide,,,dead wp,0,1,1,0.8
bosshuoshan47Ifrit4wp04,bosshuoshan47Ifrit4wp04,0,4500,2,1,1,-1,-1,2,,wp_stone,"[""ruodian02_box1""]",ruodian_tishi,ruodian,"{""mesh"":""mesh_stone"",""effect"":""""}",ifrit4hide_stone,Ifrit4_wuqi_d,"{""mesh"":""mesh_stone"",""effect"":""""}",ifrit4normal_stone,Ifrit4_wuqi,,normal1Tips31,RuodianIcon_hide,,,dead wp,0,-1,1,0.8
bosssenlin38Meidusha2wp01,,1,999999,3,0.00001,0.00001,-1,-1,4,,wp_body,"[""ruodian01_box1"",""ruodian01_box2""]",ruodian_tishi,ruodian,,,,"{""mesh"":""mesh_body""}",,,"{""mesh"":""mesh_body""}",normal1Tips14,RuodianIcon_hide,,,dead wp,1,1,1,0
bosssenlin38Meidusha2wp02,bosssenlin38Meidusha2wp02,0,8000,2,1,1,-1,-1,0,,wp_she1,"[""ruodian02_box1"",""ruodian02_box2""]",ruodian_tishi,ruodian,"{""mesh"":""mesh_she1"",""effect"":""shefayanjingsi1""}",meidushahide_zuoshetou,RuodianIcon_hide,"{""mesh"":""mesh_she1"",""effect"":""shefayanjing1""}",meidushanormal1_zuoshetou,Meidusha2_wuqi1,"{""mesh"":""mesh_she1"",""effect"":""shefayanjingsi1""}",meidushanormal2_youshetou,RuodianIcon_hide,"{""mesh"":""mesh_she1"",""effect"":""shefayanjingsi1""}",,dead wp,0,1,1,0
bosssenlin38Meidusha2wp03,bosssenlin38Meidusha2wp03,0,8000,2,1,1,-1,-1,0,,wp_she2,"[""ruodian03_box1"",""ruodian03_box2""]",ruodian_tishi,ruodian,"{""mesh"":""mesh_she2"",""effect"":""shefayanjingsi2""}",meidushahide_youshetou,RuodianIcon1_hide,"{""mesh"":""mesh_she2"",""effect"":""shefayanjing2""}",meidushanormal1_youshetou,Meidusha2_wuqi1,"{""mesh"":""mesh_she2"",""effect"":""shefayanjingsi2""}",meidushanormal2_youshetou,RuodianIcon_hide,"{""mesh"":""mesh_she2"",""effect"":""shefayanjingsi2""}",,dead wp,0,-1,1,0
bosssenlin38Meidusha2wp04,bosssenlin38Meidusha2wp04,0,8000,2,1,1,-1,-1,1,,wp_she3,"[""ruodian04_box1""]",ruodian_tishi,ruodian,"{""mesh"":""mesh_she3"",""effect"":""shefayanjingsi3""}",meidushahide_xiaoshetou,RuodianIcon_hide,"{""mesh"":""mesh_she3"",""effect"":""shefayanjing3""}",meidushanormal1_xiaoshetou,Meidusha2_wuqi2,,normal1Tips17,RuodianIcon_hide,"{""mesh"":""mesh_she3"",""effect"":""shefayanjingsi3""}",,dead wp,0,1,1,0
bosssenlin38Meidusha2wp05,bosssenlin38Meidusha2wp05,0,8000,2,1,1,-1,-1,1,,wp_she4,"[""ruodian05_box1""]",ruodian_tishi,ruodian,"{""mesh"":""mesh_she4"",""effect"":""shefayanjingsi4""}",meidushahide_xiaoshetou,RuodianIcon1_hide,"{""mesh"":""mesh_she4"",""effect"":""shefayanjing4""}",meidushanormal1_xiaoshetou,Meidusha2_wuqi2,,normal1Tips18,RuodianIcon_hide,"{""mesh"":""mesh_she4"",""effect"":""shefayanjingsi4""}",,dead wp,0,-1,1,0
bosshuoshan48Hehuaisituosi4wp06,bosshuoshan48Hehuaisituosi4wp06,1,999999,3,1,1,-1,-1,3,,wp_head,"[""ruodian06_box1""]",ruodian_tishi,ruodian,"{""mesh"":""mesh_head"",""effect"":""""}",hehuaisituosi4hide_head,,"{""mesh"":""mesh_head"",""effect"":""""}",hehuaisituosi4normal_head,,,normal1Tips31,RuodianIcon_hide,,,dead wp,1,1,1,0
bosshuoshan48Hehuaisituosi4wp01,bosshuoshan48Hehuaisituosi4wp01,1,999999,2,1.5,1,-1,-1,5,,wp_eye,"[""ruodian01_box1""]",ruodian_tishi,ruodian,"{""mesh"":""mesh_eye"",""effect"":""""}",hehuaisituosi4hide_eye,Hehuaisituosi4_yan_d,"{""mesh"":""mesh_eye"",""effect"":""""}",hehuaisituosi4normal_eye,Hehuaisituosi4_yan,,normal1Tips31,RuodianIcon_hide,,,dead wp,3,1,1,0
bosshuoshan48Hehuaisituosi4wp02,bosshuoshan48Hehuaisituosi4wp02,0,5000,2,1,1,-1,-1,2,,wp_ruweapon,"[""ruodian02_box1""]",ruodian_tishi,ruodian,"{""mesh"":""mesh_ruweapon"",""effect"":""""}",hehuaisituosi4hide_ruweapon,RuodianIcon_hide,"{""mesh"":""mesh_ruweapon"",""effect"":""""}",hehuaisituosi4normal_ruweapon,Hehuaisituosi4_wuqi1,,normal1Tips31,RuodianIcon_hide,"{""mesh"":""mesh_ruweapon"",""effect"":""""}",,dead wp,0,1,1,0.8
bosshuoshan48Hehuaisituosi4wp03,bosshuoshan48Hehuaisituosi4wp03,0,5000,2,1,1,-1,-1,2,,wp_rdweapon,"[""ruodian03_box1""]",ruodian_tishi,ruodian,"{""mesh"":""mesh_rdweapon"",""effect"":""""}",hehuaisituosi4hide_rdweapon,RuodianIcon_hide,"{""mesh"":""mesh_rdweapon"",""effect"":""""}",hehuaisituosi4normal_rdweapon,Hehuaisituosi4_wuqi2,,normal1Tips31,RuodianIcon_hide,"{""mesh"":""mesh_rdweapon"",""effect"":""""}",,dead wp,0,1,1,0.8
bosshuoshan48Hehuaisituosi4wp04,bosshuoshan48Hehuaisituosi4wp04,0,5000,2,1,1,-1,-1,2,,wp_luweapon,"[""ruodian04_box1""]",ruodian_tishi,ruodian,"{""mesh"":""mesh_luweapon"",""effect"":""""}",hehuaisituosi4hide_luweapon,RuodianIcon1_hide,"{""mesh"":""mesh_luweapon"",""effect"":""""}",hehuaisituosi4normal_luweapon,Hehuaisituosi4_wuqi1,,normal1Tips31,RuodianIcon_hide,"{""mesh"":""mesh_luweapon"",""effect"":""""}",,dead wp,0,-1,1,0.8
bosshuoshan48Hehuaisituosi4wp05,bosshuoshan48Hehuaisituosi4wp05,0,5000,2,1,1,-1,-1,2,,wp_ldweapon,"[""ruodian05_box1""]",ruodian_tishi,ruodian,"{""mesh"":""mesh_ldweapon"",""effect"":""""}",hehuaisituosi4hide_ldweapon,RuodianIcon1_hide,"{""mesh"":""mesh_ldweapon"",""effect"":""""}",hehuaisituosi4normal_ldweapon,Hehuaisituosi4_wuqi2,,normal1Tips31,RuodianIcon_hide,"{""mesh"":""mesh_ldweapon"",""effect"":""""}",,dead wp,0,-1,1,0.8
bosszhifuletuJiuweihu4wp01,,1,999999,3,1,1,-1,-1,5,,wp_body,"[""ruodian01_box1""]",ruodian_tishi,ruodian,"{""mesh"":""mesh_body"",""effect"":""""}",,,"{""mesh"":""mesh_body"",""effect"":""""}",,,,normal1Tips31,RuodianIcon_hide,,"{""mesh"":""mesh_body"",""effect"":""""}",dead wp,1,1,1,0
bosszhifuletuJiuweihu4wp02,bosszhifuletuJiuweihu4wp02,1,999999,2,1.5,1,-1,-1,3,,wp_head,"[""ruodian02_box1""]",ruodian_tishi,ruodian,"{""mesh"":""mesh_head"",""effect"":""""}",jiuweihu4hide_head,Jiuweihu4_tou_d,"{""mesh"":""mesh_head"",""effect"":""""}",jiuweihu4normal_head,Jiuweihu4_tou,,normal1Tips31,RuodianIcon_hide,,"{""mesh"":""mesh_head"",""effect"":""""}",dead wp,0,1,1,0
bossmidasigongHuangjinzhiling1wp01,,1,999999,3,1,1,-1,-1,5,,wp_body,"[""ruodian01_box1""]",ruodian_tishi,ruodian,"{""mesh"":""mesh_body"",""effect"":""""}",,,"{""mesh"":""mesh_body"",""effect"":""""}",,,"{""mesh"":""mesh_body"",""effect"":""""}",normal1Tips31,RuodianIcon_hide,"{""mesh"":""mesh_body"",""effect"":""""}",,dead wp,1,1,1,0
bossmidasigongHuangjinzhiling1wp02,bossmidasigongHuangjinzhiling1wp02,1,999999,2,1.5,1,-1,-1,3,,wp_head,"[""ruodian02_box1""]",ruodian_tishi,ruodian,"{""mesh"":""mesh_body"",""effect"":""""}",huangjinzhiling1hide_head,Huangjinzhiling1_tou_d,"{""mesh"":""mesh_body"",""effect"":""""}",huangjinzhiling1normal_head,Huangjinzhiling1_tou,"{""mesh"":""mesh_body"",""effect"":""""}",normal1Tips31,RuodianIcon_hide,"{""mesh"":""mesh_body"",""effect"":""""}",,dead wp,0,1,1,0
bossmidasigongHuangjinzhiling1wp03,bossmidasigongHuangjinzhiling1wp03,1,999999,3,1.5,1,-1,-1,5,,wp_Shell,"[""ruodian03_box1"",""ruodian03_box2""]",ruodian_tishi,ruodian,"{""mesh"":""mesh_body"",""effect"":""""}",,,"{""mesh"":""mesh_body"",""effect"":""""}",,,"{""mesh"":""mesh_body"",""effect"":""""}",normal1Tips31,RuodianIcon_hide,"{""mesh"":""mesh_body"",""effect"":""""}",,dead wp,3,1,1,0
bossmidasigongHuangjinzhiling1wp04,bossmidasigongHuangjinzhiling1wp04,1,999999,2,2,1,-1,-1,3,,wp_spirit,"[""ruodian04_box1""]",ruodian_tishi,ruodian,"{""mesh"":""mesh_body"",""effect"":""""}",huangjinzhiling1hide_spirit,Huangjinzhiling1_jingling_d,"{""mesh"":""mesh_body"",""effect"":""""}",huangjinzhiling1normal_spirit,Huangjinzhiling1_jingling,"{""mesh"":""mesh_body"",""effect"":""""}",normal1Tips31,RuodianIcon_hide,"{""mesh"":""mesh_body"",""effect"":""""}",,dead wp,3,1,1,0
bossdajie11Moguguai4wp01,,1,999999,3,1,1,-1,-1,5,,wp_body,"[""ruodian01_box1""]",ruodian_tishi,ruodian,"{""mesh"":""mesh_body"",""effect"":""""}",,,"{""mesh"":""mesh_body"",""effect"":""""}",,,"{""mesh"":""mesh_body"",""effect"":""""}",normal1Tips31,RuodianIcon_hide,"{""mesh"":""mesh_body"",""effect"":""""}",,dead wp,1,1,1,0
bossdajie11Moguguai4wp02,bossdajie11Moguguai4wp02,1,999999,2,3,1,-1,-1,3,,wp_mushroom,"[""ruodian02_box1""]",ruodian_tishi,ruodian,"{""mesh"":""mesh_mushroom"",""effect"":""""}",moguguai4hide_mushroom,Moguguai4_mogu_d,"{""mesh"":""mesh_mushroom"",""effect"":""""}",moguguai4normal_mushroom,Moguguai4_mogu,"{""mesh"":""mesh_mushroom"",""effect"":""""}",normal1Tips31,RuodianIcon_hide,"{""mesh"":""mesh_mushroom"",""effect"":""""}",,dead wp,0,1,1,0
bossxinshouBingxuenvwang3wp01,,1,999999,3,1,1,-1,-1,5,,wp_body,"[""ruodian01_box1""]",ruodian_tishi,ruodian,"{""mesh"":""mesh_body"",""effect"":""""}",,,"{""mesh"":""mesh_body"",""effect"":""""}",,,"{""mesh"":""mesh_body"",""effect"":""""}",normal1Tips31,RuodianIcon_hide,"{""mesh"":""mesh_body"",""effect"":""""}",,dead wp,1,1,1,0
bossxinshouBingxuenvwang3wp02,bossxinshouBingxuenvwang3wp02,1,999999,2,20,1,-1,-1,5,,wp_head,"[""ruodian02_box1""]",ruodian_tishi,ruodian,,bingxuenvwang3hide_head,Bingxuenvwang3_tou_d,,bingxuenvwang3normal_head,Bingxuenvwang3_tou,,normal1Tips31,RuodianIcon_hide,,,dead wp,0,1,1,0
bosschaoxue51Langren5wp01,,1,9999999,3,1,1,-1,-1,5,,wp_body,"[""ruodian01_box1""]",ruodian_tishi,ruodian,"{""mesh"":""mesh_body"",""effect"":""""}",,,"{""mesh"":""mesh_body"",""effect"":""""}",,,,normal1Tips31,RuodianIcon_hide,,"{""mesh"":""mesh_body"",""effect"":""""}",dead wp,1,1,1,0
bosschaoxue51Langren5wp02,wpName38,0,6000,2,1,1,-1,-1,0,,wp_lcuff,"[""ruodian02_box1""]",ruodian_tishi,ruodian,"{""mesh"":""mesh_lcuff"",""effect"":""""}",langren5hide_lcuff,Langren3_shou1_d,"{""mesh"":""mesh_lcuff"",""effect"":""""}",langren5normal1_lcuff,Langren5_shou1,,normal1Tips31,RuodianIcon_hide,,,dead wp,0,-1,1,0.8
bosschaoxue51Langren5wp03,wpName39,0,6000,2,1,1,-1,-1,0,,wp_rcuff,"[""ruodian03_box1""]",ruodian_tishi,ruodian,"{""mesh"":""mesh_rcuff"",""effect"":""""}",langren5hide_rcuff,Langren3_shou1_d,"{""mesh"":""mesh_rcuff"",""effect"":""""}",langren5normal1_rcuff,Langren5_shou1,,normal1Tips31,RuodianIcon_hide,,,dead wp,0,1,1,0.8
bosschaoxue52Mengyan5wp01,,1,999999,3,1,1,-1,-1,5,,wp_body,"[""ruodian01_box1""]",ruodian_tishi,ruodian,"{""mesh"":""mesh_body"",""effect"":""""}",,,"{""mesh"":""mesh_body"",""effect"":""""}",,,"{""mesh"":""mesh_body"",""effect"":""""}",normal1Tips31,RuodianIcon_hide,"{""mesh"":""mesh_body"",""effect"":""""}",,dead wp,1,1,1,0
bosschaoxue52Mengyan5wp02,bosschaoxue52Mengyan5wp02,1,999999,2,2,1,-1,-1,3,,wp_soul,"[""ruodian02_box1""]",ruodian_tishi,ruodian,,mengyan5hide_head,Mengyan5_linghunzhiyuan_d,"{""mesh"":""mengyan_soul"",""effect"":""""}",mengyan5normal_head,Mengyan5_linghunzhiyuan,,normal1Tips31,RuodianIcon_hide,,,dead wp,0,1,1,0
bosschaoxue52Yifanmumian3wp01,bosschaoxue52Yifanmumian3wp01,1,9999999,3,1,1,-1,-1,5,,wp_head,"[""ruodian01_box1""]",ruodian_tishi,ruodian,"{""mesh"":""mesh_body"",""effect"":""""}",,,"{""mesh"":""mesh_body"",""effect"":""""}",,,,normal1Tips31,RuodianIcon_hide,"{""mesh"":""mesh_body"",""effect"":""""}","{""mesh"":""mesh_body"",""effect"":""""}",dead wp,3,1,1,0
bosschaoxue52Yifanmumian3wp04,bosschaoxue52Yifanmumian3wp02,0,24000,2,1,1,-1,-1,2,,wp_pendant,"[""ruodian02_box1""]",ruodian_tishi,ruodian,"{""mesh"":""mesh_pendant"",""effect"":""""}",yifanmumian1hide_pendant,Yifanmumian3_xiong_d,"{""mesh"":""mesh_pendant"",""effect"":""""}",yifanmumian3normal1_pendant,Yifanmumian3_xiong,,normal1Tips31,RuodianIcon_hide,,,dead wp,3,1,1,0.8
bosschaoxue52Yifanmumian3wp03,bosschaoxue52Yifanmumian3wp01,1,9999999,3,1,1,-1,-1,5,,wp_head1,"[""ruodian03_box1""]",ruodian_tishi,ruodian,"{""mesh"":""mesh_body"",""effect"":""""}",,,"{""mesh"":""mesh_body"",""effect"":""""}",,,,normal1Tips31,RuodianIcon_hide,"{""mesh"":""mesh_body"",""effect"":""""}","{""mesh"":""mesh_body"",""effect"":""""}",dead wp,1,1,1,0
bosschaoxue52Yifanmumian3wp02,bosschaoxue52Yifanmumian3wp04,0,24000,2,2,2,-1,-1,2,,wp_zhiren,"[""ruodian05_box1""]",ruodian_tishi,ruodian,,yifanmumian1hide_zhiren,Yifanmumian3_zhiren_d,"{""mesh"":""mesh_zhidai"",""effect"":""""}",yifanmumian1normal1_zhiren,Yifanmumian3_zhiren,,normal1Tips31,RuodianIcon_hide,,,dead wp,0,1,1,1
bosschaoxue53Xiaochou3wp01,,1,9999999,3,1,1,-1,-1,5,,wp_body,"[""ruodian01_box1""]",ruodian_tishi,ruodian,"{""mesh"":""mesh_body"",""effect"":""""}",,,"{""mesh"":""mesh_body"",""effect"":""""}",,,,normal1Tips31,RuodianIcon_hide,,"{""mesh"":""mesh_body"",""effect"":""""}",dead wp,1,1,1,0
bosschaoxue53Xiaochou3wp02,wpName47,0,32000,2,1,1,-1,-1,0,,wp_weapon,"[""ruodian02_box1"",""ruodian02_box2""]",ruodian_tishi,ruodian,"{""mesh"":""mesh_weapon"",""effect"":""""}",xiaochou3hide_weapon,Xiaochou3_shou_d,"{""mesh"":""mesh_weapon"",""effect"":""""}",xiaochou3normal1_weapon,Xiaochou3_shou,,normal1Tips31,RuodianIcon_hide,,,dead wp,0,1,1,0.8
bosschaoxue54Bingyan3wp01,,1,999999,3,1,1,-1,-1,5,,wp_body,"[""ruodian01_box1""]",ruodian_tishi,ruodian,"{""mesh"":""mesh_body"",""effect"":""""}",,,"{""mesh"":""mesh_body"",""effect"":""""}",,,"{""mesh"":""mesh_body"",""effect"":""""}",normal1Tips31,RuodianIcon_hide,"{""mesh"":""mesh_body"",""effect"":""""}",,dead wp,1,1,1,0
bosschaoxue54Bingyan3wp02,bosschaoxue54Bingyan3wp02,1,999999,2,1,1,-1,-1,5,,wp_head1,"[""ruodian02_box1""]",ruodian_tishi,ruodian,"{""mesh"":""mesh_head"",""effect"":""""}",bingyan3hide_head,RuodianIcon_hide,"{""mesh"":""mesh_head"",""effect"":""""}",bingyan3normal_head,Bingyan3_tou,"{""mesh"":""mesh_head"",""effect"":""""}",normal1Tips31,RuodianIcon_hide,"{""mesh"":""mesh_head"",""effect"":""""}",,dead wp,3,1,1,0
bosschaoxue54Bingyan3wp03,bosschaoxue54Bingyan3wp03,1,999999,2,1,1,-1,-1,5,,wp_larm1,"[""ruodian03_box1""]",ruodian_tishi,ruodian,,bingyan3hide_larm,RuodianIcon_hide,,bingyan3normal_larm,Bingyan3_shoubi,,normal1Tips31,RuodianIcon_hide,,,dead wp,0,1,1,0
bosschaoxue54Bingyan3wp04,bosschaoxue54Bingyan3wp04,1,999999,2,1,1,-1,-1,5,,wp_rarm1,"[""ruodian04_box1""]",ruodian_tishi,ruodian,,bingyan3hide_rarm,RuodianIcon1_hide,,bingyan3normal_rarm,Bingyan3_shoubi,,normal1Tips31,RuodianIcon_hide,,,dead wp,0,-1,1,0
bosschaoxue54Bingyan3wp05,bosschaoxue54Bingyan3wp05,1,999999,2,3,1,-1,-1,3,,wp_head2,"[""ruodian05_box1""]",ruodian_tishi,ruodian,,bingyan3hide_head,RuodianIcon_hide,,bingyan3normal_head1,Bingyan3_tou,,normal1Tips31,RuodianIcon_hide,,,dead wp,0,1,1,0
bosschaoxue54Bingyan3wp06,bosschaoxue54Bingyan3wp06,1,999999,2,3,1,-1,-1,3,,wp_larm2,"[""ruodian06_box1""]",ruodian_tishi,ruodian,,bingyan3hide_larm,RuodianIcon_hide,,bingyan3normal_larm1,Bingyan3_shoubi,,normal1Tips31,RuodianIcon_hide,,,dead wp,3,1,1,0
bosschaoxue54Bingyan3wp07,bosschaoxue54Bingyan3wp07,1,999999,2,3,1,-1,-1,3,,wp_rarm2,"[""ruodian07_box1""]",ruodian_tishi,ruodian,,bingyan3hide_rarm,RuodianIcon1_hide,,bingyan3normal_rarm1,Bingyan3_shoubi,,normal1Tips31,RuodianIcon_hide,,,dead wp,3,-1,1,0
bosschaoxue55Sheshou3wp01,,1,9999999,3,1,1,-1,-1,5,,wp_body,"[""ruodian01_box1""]",ruodian_tishi,ruodian,"{""mesh"":""mesh_body"",""effect"":""""}",,,"{""mesh"":""mesh_body"",""effect"":""""}",,,,normal1Tips31,RuodianIcon_hide,,"{""mesh"":""mesh_body"",""effect"":""""}",dead wp,1,1,1,0
bosschaoxue55Sheshou3wp02,bosschaoxue55Sheshou3wp02,0,32000,2,1,1,-1,-1,0,,wp_weapon,"[""ruodian02_box1"",""ruodian02_box2"",""ruodian02_box3""]",ruodian_tishi,ruodian,"{""mesh"":""mesh_weapon"",""effect"":""""}",sheshou3hide_weapon,Sheshou3_wuqi_d,"{""mesh"":""mesh_weapon"",""effect"":""""}",sheshou3normal1_weapon,Sheshou3_wuqi,,normal1Tips31,RuodianIcon_hide,,,dead wp,0,1,1,0.8
bosschaoxue56Huoniao3wp01,,1,999999,3,1,1,-1,-1,5,,wp_body,"[""ruodian01_box1""]",ruodian_tishi,ruodian,"{""mesh"":""mesh_body"",""effect"":""""}",,,"{""mesh"":""mesh_body"",""effect"":""""}",,,,normal1Tips31,RuodianIcon_hide,,"{""mesh"":""mesh_body"",""effect"":""""}",dead wp,1,1,1,0
bosschaoxue56Huoniao3wp02,bosschaoxue56Huoniao3wp02,0,16000,2,1,1,-1,-1,2,,wp_ltail,"[""ruodian02_box1""]",ruodian_tishi,ruodian,"{""mesh"":""mesh_ltail"",""effect"":""""}",huoniao3hide_ltail,RuodianIcon1_hide,"{""mesh"":""mesh_ltail"",""effect"":""""}",huoniao3normal_ltail,Huoniao3_chibang2,,normal1Tips31,RuodianIcon_hide,,,dead wp,0,-1,1,0.0625
bosschaoxue56Huoniao3wp03,bosschaoxue56Huoniao3wp03,0,16000,2,1,1,-1,-1,2,,wp_mtail,"[""ruodian03_box1""]",ruodian_tishi,ruodian,"{""mesh"":""mesh_mtail"",""effect"":""""}",huoniao3hide_mtail,RuodianIcon_hide,"{""mesh"":""mesh_mtail"",""effect"":""""}",huoniao3normal_mtail,Huoniao3_chibang1,,normal1Tips31,RuodianIcon_hide,,,dead wp,0,1,1,0.0625
bosschaoxue56Huoniao3wp04,bosschaoxue56Huoniao3wp04,0,16000,2,1,1,-1,-1,2,,wp_rtail,"[""ruodian04_box1""]",ruodian_tishi,ruodian,"{""mesh"":""mesh_rtail"",""effect"":""""}",huoniao3hide_rtail,RuodianIcon_hide,"{""mesh"":""mesh_rtail"",""effect"":""""}",huoniao3normal_rtail,Huoniao3_chibang2,,normal1Tips31,RuodianIcon_hide,,,dead wp,0,1,1,0.0625
bosschaoxue57Wendige3wp01,,1,9999999,3,1,1,-1,-1,5,,wp_body,"[""ruodian01_box1""]",ruodian_tishi,ruodian,"{""mesh"":""mesh_body"",""effect"":""""}",,,"{""mesh"":""mesh_body"",""effect"":""""}",,,,normal1Tips31,RuodianIcon_hide,,"{""mesh"":""mesh_body"",""effect"":""""}",dead wp,1,1,1,0
bosschaoxue57Wendige3wp02,bosschaoxue57Wendige3wp02,0,18000,2,1,1,-1,-1,0,,wp_lhorn,"[""ruodian02_box1""]",ruodian_tishi,ruodian,"{""mesh"":""mesh_lhorn"",""effect"":""""}",wendige3hide_lhorn,Wendige2_jiao_d,"{""mesh"":""mesh_lhorn"",""effect"":""""}",wendige3normal1_lhorn,Wendige3_jiao,,normal1Tips31,RuodianIcon_hide,,,dead wp,0,-1,1,0.056
bosschaoxue57Wendige3wp03,bosschaoxue57Wendige3wp03,0,18000,2,1,1,-1,-1,0,,wp_rhorn,"[""ruodian03_box1""]",ruodian_tishi,ruodian,"{""mesh"":""mesh_rhorn"",""effect"":""""}",wendige3hide_rhorn,Wendige2_jiao_d,"{""mesh"":""mesh_rhorn"",""effect"":""""}",wendige3normal1_rhorn,Wendige3_jiao,,normal1Tips31,RuodianIcon_hide,,,dead wp,0,1,1,0.056
bosschaoxue57Wendige3wp04,bosschaoxue57Wendige3wp04,1,9999999,2,3,1,-1,-1,3,,wp_heart,"[""ruodian04_box1""]",ruodian_tishi,ruodian,,wendige3hide_heart,Wendige3_xinzang_d,,wendige3normal1_heart,Wendige3_xinzang,,normal1Tips31,RuodianIcon_hide,,,dead wp,3,1,1,0
bossminghe61Dujiaoshou5wp01,,1,999999,3,1,1,-1,-1,5,,wp_body,"[""ruodian01_box1""]",ruodian_tishi,ruodian,"{""mesh"":""mesh_body"",""effect"":""""}",,,"{""mesh"":""mesh_body"",""effect"":""""}",,,,normal1Tips31,RuodianIcon_hide,,"{""mesh"":""mesh_body"",""effect"":""""}",dead wp,1,1,1,0
bossminghe61Dujiaoshou5wp02,bossminghe61Dujiaoshou5wp02,0,16000,2,1,1,-1,-1,2,,wp_horn,"[""ruodian02_box1""]",ruodian_tishi,ruodian,"{""mesh"":""mesh_horn"",""effect"":""""}",dujiaoshou5hide_horn,Dujiaoshou5_jiao_d,"{""mesh"":""mesh_horn"",""effect"":""""}",dujiaoshou5normal_horn,Dujiaoshou5_jiao,,normal1Tips31,RuodianIcon_hide,,,dead wp,0,1,1,1
bossminghe61Dujiaoshou5wp03,bossminghe61Dujiaoshou5wp03,0,12000,2,1,1,-1,-1,2,,wp_lwing,"[""ruodian03_box1""]",ruodian_tishi,ruodian,"{""mesh"":""mesh_lwing"",""effect"":""""}",dujiaoshou5hide_lwing,Dujiaoshou5_chibang_d,"{""mesh"":""mesh_lwing"",""effect"":""""}",dujiaoshou5normal_lwing,Dujiaoshou5_chibang,,normal1Tips31,RuodianIcon_hide,,,dead wp,0,-1,1,1
bossminghe61Dujiaoshou5wp04,bossminghe61Dujiaoshou5wp04,0,12000,2,1,1,-1,-1,2,,wp_rwing,"[""ruodian04_box1""]",ruodian_tishi,ruodian,"{""mesh"":""mesh_rwing"",""effect"":""""}",dujiaoshou5hide_rwing,Dujiaoshou5_chibang_d,"{""mesh"":""mesh_rwing"",""effect"":""""}",dujiaoshou5normal_rwing,Dujiaoshou5_chibang,,normal1Tips31,RuodianIcon_hide,,,dead wp,0,1,1,1
bossminghe62Anpusha5wp01,,1,9999999,3,1,1,-1,-1,5,,wp_body,"[""ruodian01_box1""]",ruodian_tishi,ruodian,"{""mesh"":""mesh_body"",""effect"":""""}",,,"{""mesh"":""mesh_body"",""effect"":""""}",,,,normal1Tips31,RuodianIcon_hide,,"{""mesh"":""mesh_body"",""effect"":""""}",dead wp,1,1,1,0
bossminghe62Anpusha5wp02,bossminghe62Anpusha5wp02,0,24000,2,1,1,-1,-1,0,,wp_heart,"[""ruodian02_box1""]",ruodian_tishi,ruodian,"{""mesh"":""mesh_heart"",""effect"":""""}",anpusha5hide_heart,Anpusha5_xin_d,"{""mesh"":""mesh_heart"",""effect"":""""}",anpusha5normal1_heart,Anpusha5_xin,,normal1Tips31,RuodianIcon_hide,,,dead wp,0,1,1,0.8
bossminghe63Ifrit5wp01,,1,999999,3,1,1,-1,-1,5,,wp_body,"[""ruodian01_box1""]",ruodian_tishi,ruodian,"{""mesh"":""mesh_body"",""effect"":""""}",,,"{""mesh"":""mesh_body"",""effect"":""""}",,,,normal1Tips31,RuodianIcon_hide,,"{""mesh"":""mesh_body"",""effect"":""""}",dead wp,1,1,1,0
bossminghe63Ifrit5wp04,bossminghe63Ifrit5wp02,0,13000,2,1,1,-1,-1,2,,wp_lleg,"[""ruodian03_box1""]",ruodian_tishi,ruodian,"{""mesh"":""mesh_lleg"",""effect"":""""}",ifrit5hide_lleg,Ifrit5_jiao_d,"{""mesh"":""mesh_lleg"",""effect"":""""}",ifrit5normal_lleg,Ifrit5_jiao,,normal1Tips31,RuodianIcon_hide,,,dead wp,0,-1,1,0.8
bossminghe63Ifrit5wp03,bossminghe63Ifrit5wp03,0,13000,2,1,1,-1,-1,2,,wp_rleg,"[""ruodian04_box1""]",ruodian_tishi,ruodian,"{""mesh"":""mesh_rleg"",""effect"":""""}",ifrit5hide_rleg,Ifrit5_jiao_d,"{""mesh"":""mesh_rleg"",""effect"":""""}",ifrit5normal_rleg,Ifrit5_jiao,,normal1Tips31,RuodianIcon_hide,,,dead wp,0,1,1,0.8
bossminghe63Ifrit5wp02,bossminghe63Ifrit5wp04,0,16000,2,1,1,-1,-1,2,,wp_stone,"[""ruodian02_box1""]",ruodian_tishi,ruodian,"{""mesh"":""mesh_stone"",""effect"":""""}",ifrit5hide_stone,Ifrit5_wuqi_d,"{""mesh"":""mesh_stone"",""effect"":""""}",ifrit5normal_stone,Ifrit5_wuqi,,normal1Tips31,RuodianIcon_hide,,,dead wp,0,-1,1,0.8
bossminghe64Nvyao5wp01,,1,999999,3,1,1,-1,-1,5,,wp_body,"[""ruodian01_box1""]",ruodian_tishi,ruodian,"{""mesh"":""mesh_body"",""effect"":""""}",,,"{""mesh"":""mesh_body"",""effect"":""""}",,,,normal1Tips31,RuodianIcon_hide,,"{""mesh"":""mesh_body"",""effect"":""""}",dead wp,1,1,1,0
bossminghe64Nvyao5wp02,bossminghe64Nvyao5wp02,0,15000,2,1,1,-1,-1,2,,wp_mask,"[""ruodian02_box1""]",ruodian_tishi,ruodian,"{""mesh"":""mesh_mask"",""effect"":""""}",nvyao5hide_mask,Nvyao5_mianzhao_d,"{""mesh"":""mesh_mask"",""effect"":""""}",nvyao5normal_mask,Nvyao5_mianzhao,,normal1Tips31,RuodianIcon_hide,,,dead wp,0,-1,1,0.067
bossminghe64Nvyao5wp03,bossminghe64Nvyao5wp03,1,9999999,2,1.5,1,-1,-1,3,,wp_head,"[""ruodian03_box1""]",ruodian_tishi,ruodian,"{""mesh"":""mesh_head"",""effect"":""""}",nvyao5hide_head,Nvyao5_tou_d,"{""mesh"":""mesh_head"",""effect"":""""}",nvyao5normal_head,Nvyao5_tou,,normal1Tips31,RuodianIcon_hide,"{""mesh"":""mesh_head"",""effect"":""""}","{""mesh"":""mesh_head"",""effect"":""""}",dead wp,3,1,1,0
bossminghe64Nvyao5wp04,bossminghe64Nvyao5wp04,0,15000,2,1,1,-1,-1,2,,wp_lsoul,"[""ruodian04_box1""]",ruodian_tishi,ruodian,"{""mesh"":""mesh_lsoul"",""effect"":""""}",nvyao5hide_lsoul,Nvyao5_wuqi_d,"{""mesh"":""mesh_lsoul"",""effect"":""""}",nvyao5normal_lsoul,Nvyao5_wuqi,,normal1Tips31,RuodianIcon_hide,,,dead wp,0,-1,1,0.8
bossminghe64Nvyao5wp05,bossminghe64Nvyao5wp05,0,15000,2,1,1,-1,-1,2,,wp_rsoul,"[""ruodian05_box1""]",ruodian_tishi,ruodian,"{""mesh"":""mesh_rsoul"",""effect"":""""}",nvyao5hide_rsoul,Nvyao5_wuqi_d,"{""mesh"":""mesh_rsoul"",""effect"":""""}",nvyao5normal_rsoul,Nvyao5_wuqi,,normal1Tips31,RuodianIcon_hide,,,dead wp,0,-1,1,0.8
bossminghe65Weitianshi5wp01,,1,9999999,3,1,1,-1,-1,5,,wp_body,"[""ruodian01_box1""]",ruodian_tishi,ruodian,"{""mesh"":""mesh_body"",""effect"":""""}",,,"{""mesh"":""mesh_body"",""effect"":""""}",,,,normal1Tips31,RuodianIcon_hide,,"{""mesh"":""mesh_body"",""effect"":""""}",dead wp,1,1,1,0
bossminghe65Weitianshi5wp02,bossminghe65Weitianshi5wp02,0,36000,2,1,1,-1,-1,0,,wp_aura,"[""ruodian02_box1""]",ruodian_tishi,ruodian,"{""mesh"":""mesh_aura"",""effect"":""""}",weitianshi5hide_aura,Weitianshi5_guanghuan_d,"{""mesh"":""mesh_aura"",""effect"":""""}",weitianshi5normal1_aura,Weitianshi5_guanghuan,,normal1Tips31,RuodianIcon_hide,,,dead wp,0,1,1,0.8
bossminghe66Saibulesi5wp01,,1,999999,3,1,1,-1,-1,5,,wp_body,"[""ruodian01_box1""]",ruodian_tishi,ruodian,"{""mesh"":""mesh_body"",""effect"":""""}",,,"{""mesh"":""mesh_body"",""effect"":""""}",,,,normal1Tips31,RuodianIcon_hide,,"{""mesh"":""mesh_body"",""effect"":""""}",dead wp,1,1,1,0
bossminghe66Saibulesi5wp02,bossminghe66Saibulesi5wp02,0,16000,2,1,1,-1,-1,2,,wp_lhead,"[""ruodian02_box1""]",ruodian_tishi,ruodian,"{""mesh"":""mesh_lhead"",""effect"":""""}",saibulesi5hide_lhead,Saibulesi5_tou_d,"{""mesh"":""mesh_lhead"",""effect"":""""}",saibulesi5normal_lhead,Saibulesi5_tou1,,normal1Tips31,RuodianIcon_hide,,,dead wp,0,1,1,0.8
bossminghe66Saibulesi5wp03,bossminghe66Saibulesi5wp03,0,16000,2,1,1,-1,-1,2,,wp_mhead,"[""ruodian03_box1""]",ruodian_tishi,ruodian,"{""mesh"":""mesh_mhead"",""effect"":""""}",saibulesi5hide_mhead,Saibulesi5_tou_d,"{""mesh"":""mesh_mhead"",""effect"":""""}",saibulesi5normal_mhead,Saibulesi5_tou,,normal1Tips31,RuodianIcon_hide,,,dead wp,0,1,1,0.8
bossminghe66Saibulesi5wp04,bossminghe66Saibulesi5wp04,0,16000,2,1,1,-1,-1,2,,wp_rhead,"[""ruodian04_box1""]",ruodian_tishi,ruodian,"{""mesh"":""mesh_rhead"",""effect"":""""}",saibulesi5hide_rhead,Saibulesi5_tou_d,"{""mesh"":""mesh_rhead"",""effect"":""""}",saibulesi5normal_rhead,Saibulesi5_tou1,,normal1Tips31,RuodianIcon_hide,,,dead wp,0,-1,1,0.8
bossminghe67Change5wp01,,1,999999,3,1,1,-1,-1,5,,wp_body,"[""ruodian01_box1""]",ruodian_tishi,ruodian,"{""mesh"":""mesh_body"",""effect"":""""}",,,"{""mesh"":""mesh_body"",""effect"":""""}",,,,normal1Tips31,RuodianIcon_hide,,"{""mesh"":""mesh_body"",""effect"":""""}",dead wp,1,1,1,0
bossminghe67Change5wp02,bossminghe67Change5wp02,0,15000,2,1,1,-1,-1,2,,wp_rabbit,"[""ruodian02_box1""]",ruodian_tishi,ruodian,"{""mesh"":""mesh_rabbit"",""effect"":""""}",change5hide_rabbit,Change5_tuzi_d,"{""mesh"":""mesh_rabbit"",""effect"":""""}",change5normal_rabbit,Change5_tuzi,,normal1Tips31,RuodianIcon_hide,,,dead wp,0,-1,1,0.067
bossminghe67Change5wp03,bossminghe67Change5wp03,0,30000,2,1,1,-1,-1,2,,wp_strap,"[""ruodian03_box1""]",ruodian_tishi,ruodian,"{""mesh"":""mesh_strap"",""effect"":""""}",change5hide_necklace,Change5_diaozhui_d,"{""mesh"":""mesh_strap"",""effect"":""""}",change5normal_necklace,Change5_diaozhui,,normal1Tips31,RuodianIcon_hide,,,dead wp,0,1,1,0.8
bosschaoxue58Yimier3wp01,,1,999999,3,1,1,-1,-1,5,,wp_body,"[""ruodian01_box1""]",ruodian_tishi,ruodian,"{""mesh"":""mesh_body"",""effect"":""""}",,,"{""mesh"":""mesh_body"",""effect"":""""}",,,,normal1Tips31,RuodianIcon_hide,"{""mesh"":""mesh_body"",""effect"":""""}","{""mesh"":""mesh_body"",""effect"":""""}",dead wp,1,1,1,0
bosschaoxue58Yimier3wp02,bosschaoxue58Yimier3wp02,0,13500,2,1,1,-1,-1,0,,wp_lwing,"[""ruodian02_box1""]",ruodian_tishi,ruodian,"{""mesh"":""mesh_lwing"",""effect"":""""}",Yimier3hide_lwing,RuodianIcon1_hide,"{""mesh"":""mesh_lwing"",""effect"":""""}",yimiernormal_lwing,Yimier3_chibang,,normal1Tips31,RuodianIcon_hide,"{""mesh"":""mesh_lwing"",""effect"":""""}",,dead wp,3,-1,1,0.074
bosschaoxue58Yimier3wp03,bosschaoxue58Yimier3wp03,0,13500,2,1,1,-1,-1,0,,wp_rwing,"[""ruodian03_box1""]",ruodian_tishi,ruodian,"{""mesh"":""mesh_rwing"",""effect"":""""}",Yimier3hide_rwing,RuodianIcon_hide,"{""mesh"":""mesh_rwing"",""effect"":""""}",yimiernormal_rwing,Yimier3_chibang,,normal1Tips31,RuodianIcon_hide,"{""mesh"":""mesh_rwing"",""effect"":""""}",,dead wp,3,1,1,0.074
bosschaoxue58Yimier3wp04,bosschaoxue58Yimier3wp04,0,25000,2,1,1,-1,-1,0,,wp_bone,"[""ruodian04_box1"",""ruodian04_box2""]",ruodian_tishi,ruodian,"{""mesh"":""mesh_bone"",""effect"":""""}",Yimier3hide_bone,RuodianIcon_hide,"{""mesh"":""mesh_bone"",""effect"":""""}",yimiernormal_bone,Yimier3_gupan,,normal1Tips31,RuodianIcon_hide,"{""mesh"":""mesh_bone"",""effect"":""""}",,dead wp,3,1,1,0.04
bosschaoxue58Yimier3wp05,bosschaoxue58Yimier3wp05,0,25000,2,1,1,-1,-1,0,,wp_skull,"[""ruodian05_box1""]",ruodian_tishi,ruodian,"{""mesh"":""mesh_skull"",""effect"":""""}",Yimier3hide_skull,RuodianIcon_hide,"{""mesh"":""mesh_skull"",""effect"":""""}",yimiernormal_skull,Yimier3_tougu,,normal1Tips31,RuodianIcon_hide,"{""mesh"":""mesh_skull"",""effect"":""""}",,dead wp,3,1,1,0.04
bossminghe68Karong5wp01,bossminghe68Karong5wp01,1,999999,3,0.05,0.05,-1,-1,5,,wp_girl,"[""ruodian03_box1""]",ruodian_tishi,ruodian,,,,"{""mesh"":""mesh_girl"",""effect"":""""}",karong5normal_girl,Karong5_xiong,,normal1Tips2,RuodianIcon_hide,"{""mesh"":""mesh_girl"",""effect"":""""}",,dead wp,1,1,1,0
bossminghe68Karong5wp02,bossminghe68Karong5wp02,0,30000,2,2,2,-1,-1,2,,wp_orb,"[""ruodian02_box1""]",ruodian_tishi,ruodian,,karong5hide_orb,RuodianIcon_hide,"{""mesh"":""mesh_orb"",""effect"":""""}",karong5normal_orb,Karong5_baoshi,,normal1Tips3,RuodianIcon_hide,,"{""mesh"":""mesh_orb"",""effect"":""""}",dead wp,0,1,1,0.033
bossminghe68Karong5wp03,,1,999999,3,1,1,-1,-1,5,,wp_body,"[""ruodian01_box1"",""ruodian01_box6""]",ruodian_tishi,ruodian,,,,"{""mesh"":""mesh_body"",""effect"":""""}",,,,normal1Tips4,RuodianIcon_hide,,,dead wp,3,1,1,0
bossminghe68Karong5wp04,bossminghe68Karong5wp04,0,15000,2,1,1,-1,-1,0,,wp_leftarm1,"[""ruodian01_box4"",""ruodian01_box5""]",ruodian_tishi,ruodian,"{""mesh"":""mesh_leftarm1"",""effect"":""""}",karong5hide_leftarm,RuodianIcon1_hide,"{""mesh"":""mesh_leftarm1"",""effect"":""""}",karong5normal_leftarm,Karong5_shou,,normal1Tips5,RuodianIcon_hide,,"{""mesh"":""mesh_leftarm2"",""effect"":""""}",dead wp,3,-1,1,1
bossminghe68Karong5wp05,bossminghe68Karong5wp05,0,15000,2,1,1,-1,-1,0,,wp_rightarm1,"[""ruodian01_box2"",""ruodian01_box3""]",ruodian_tishi,ruodian,"{""mesh"":""mesh_rightarm1"",""effect"":""""}",karong5hide_rightarm1,RuodianIcon_hide,"{""mesh"":""mesh_rightarm1"",""effect"":""""}",karong5normal_rightarm1,Karong5_shou,,normal1Tips6,RuodianIcon_hide,,"{""mesh"":""mesh_rightarm2"",""effect"":""""}",dead wp,3,1,1,1
bosssiwangtaDatiangou4wp04,bosssiwangtaDatiangou4wp04,0,4000,2,1,1,-1,-1,2,,wp_mask,"[""ruodian04_box1""]",ruodian_tishi,ruodian,"{""mesh"":""mesh_mask"",""effect"":""""}",datiangou4hide_mask,RuodianIcon_hide,"{""mesh"":""mesh_mask"",""effect"":""""}",datiangou4normal_mask,Datiangou4_tou2,,normal1Tips31,RuodianIcon_hide,,,dead wp,0,1,1,0.025
bosssiwangtaDatiangou4wp05,bosssiwangtaDatiangou4wp05,1,9999999,2,2,1,-1,-1,3,,wp_head,"[""ruodian05_box1""]",ruodian_tishi,ruodian,"{""mesh"":""mesh_head"",""effect"":""""}",datiangou4hide_head,Datiangou4_tou1_d,"{""mesh"":""mesh_head"",""effect"":""""}",datiangou4normal_head,Datiangou4_tou1,,normal1Tips31,RuodianIcon_hide,"{""mesh"":""mesh_head"",""effect"":""""}","{""mesh"":""mesh_head"",""effect"":""""}",dead wp,3,1,1,0
bosssiwangtaShuigui3wp02,wpName59,0,2700,2,1,1,-1,-1,1,,wp_box,"[""ruodian02_box1""]",ruodian_tishi,ruodian,,shuigui3hide_box,RuodianIcon_hide,"{""mesh"":""mesh_box"",""effect"":""""}",siwangtashuigui3normal1_box,Shuigui3_baoxiang,,normal1Tips31,baoxiang,,,dead wp,0,1,1,0.8
bosssiwangtaHetong2wp03,wpName70,0,7000,2,1,1,-1,-1,0,,wp_scarf,"[""ruodian03_box1""]",ruodian_tishi,ruodian,"{""mesh"":""mesh_scarf"",""effect"":""""}",hetong2hide_scarf,Hetong2_weijin_d,"{""mesh"":""mesh_scarf"",""effect"":""""}",hetong2normal1_scarf,RuodianIcon_s,,normal1Tips31,RuodianIcon_hide,,,dead wp,3,1,1,0
